year,month,day,MJD,UT1_UTC,sigma,DeltaT
1972,1,1,41317,-0.0454859,0.0019,42.2294859
1972,1,2,41318,-0.0481008,0.0019,42.2321008
1972,1,3,41319,-0.0509077,0.0019,42.2349077
1972,1,4,41320,-0.0538936,0.0019,42.2378936
1972,1,5,41321,-0.0570195,0.0019,42.2410195
1972,1,6,41322,-0.0602134,0.0019,42.2442134
1972,1,7,41323,-0.0634283,0.0019,42.2474283
1972,1,8,41324,-0.0665972,0.0019,42.2505972
1972,1,9,41325,-0.0696791,0.0019,42.2536791
1972,1,10,41326,-0.072646,0.0019,42.256646
1972,1,11,41327,-0.0754839,0.0019,42.2594839
1972,1,12,41328,-0.0782088,0.0019,42.2622088
1972,1,13,41329,-0.0808457,0.0019,42.2648457
1972,1,14,41330,-0.0834756,0.0019,42.2674756
1972,1,15,41331,-0.0861595,0.0019,42.2701595
1972,1,16,41332,-0.0889954,0.0019,42.2729954
1972,1,17,41333,-0.0920563,0.0019,42.2760563
1972,1,18,41334,-0.0953802,0.0019,42.2793802
1972,1,19,41335,-0.0989651,0.0019,42.2829651
1972,1,20,41336,-0.102757,0.0019,42.286757
1972,1,21,41337,-0.1066459,0.0019,42.2906459
1972,1,22,41338,-0.1104778,0.0019,42.2944778
1972,1,23,41339,-0.1141587,0.0019,42.2981587
1972,1,24,41340,-0.1176086,0.0019,42.3016086
1972,1,25,41341,-0.1208075,0.0019,42.3048075
1972,1,26,41342,-0.1238134,0.0019,42.3078134
1972,1,27,41343,-0.1267113,0.0019,42.3107113
1972,1,28,41344,-0.1296192,0.0019,42.3136192
1972,1,29,41345,-0.1326401,0.0019,42.3166401
1972,1,30,41346,-0.135834,0.0019,42.319834
1972,1,31,41347,-0.1392209,0.0019,42.3232209
1972,2,1,41348,-0.1427668,0.0019,42.3267668
1972,2,2,41349,-0.1464147,0.0019,42.3304147
1972,2,3,41350,-0.1501106,0.0019,42.3341106
1972,2,4,41351,-0.1537675,0.0019,42.3377675
1972,2,5,41352,-0.1573194,0.0019,42.3413194
1972,2,6,41353,-0.1607483,0.0019,42.3447483
1972,2,7,41354,-0.1640172,0.0019,42.3480172
1972,2,8,41355,-0.1671311,0.0019,42.3511311
1972,2,9,41356,-0.170122,0.0019,42.354122
1972,2,10,41357,-0.1730219,0.0019,42.3570219
1972,2,11,41358,-0.1759038,0.0019,42.3599038
1972,2,12,41359,-0.1788787,0.0019,42.3628787
1972,2,13,41360,-0.1820136,0.0019,42.3660136
1972,2,14,41361,-0.1853935,0.0019,42.3693935
1972,2,15,41362,-0.1890314,0.0019,42.3730314
1972,2,16,41363,-0.1929123,0.0019,42.3769123
1972,2,17,41364,-0.1969072,0.0019,42.3809072
1972,2,18,41365,-0.2008901,0.0019,42.3848901
1972,2,19,41366,-0.204706,0.0019,42.388706
1972,2,20,41367,-0.2082679,0.0019,42.3922679
1972,2,21,41368,-0.2115408,0.0019,42.3955408
1972,2,22,41369,-0.2145778,0.0019,42.3985778
1972,2,23,41370,-0.2174737,0.0019,42.4014737
1972,2,24,41371,-0.2203586,0.0019,42.4043586
1972,2,25,41372,-0.2233065,0.0019,42.4073065
1972,2,26,41373,-0.2264074,0.0019,42.4104074
1972,2,27,41374,-0.2296923,0.0019,42.4136923
1972,2,28,41375,-0.2331582,0.0019,42.4171582
1972,2,29,41376,-0.2367521,0.0019,42.4207521
1972,3,1,41377,-0.240395,0.0019,42.424395
1972,3,2,41378,-0.2440249,0.0019,42.4280249
1972,3,3,41379,-0.2475898,0.0019,42.4315898
1972,3,4,41380,-0.2510217,0.0019,42.4350217
1972,3,5,41381,-0.2543156,0.0019,42.4383156
1972,3,6,41382,-0.2574615,0.0019,42.4414615
1972,3,7,41383,-0.2604714,0.0019,42.4444714
1972,3,8,41384,-0.2633983,0.0019,42.4473983
1972,3,9,41385,-0.2662972,0.0019,42.4502972
1972,3,10,41386,-0.2692491,0.0019,42.4532491
1972,3,11,41387,-0.272352,0.0019,42.456352
1972,3,12,41388,-0.27568,0.0019,42.45968
1972,3,13,41389,-0.2792889,0.0019,42.4632889
1972,3,14,41390,-0.2831778,0.0019,42.4671778
1972,3,15,41391,-0.2872767,0.0019,42.4712767
1972,3,16,41392,-0.2914486,0.0019,42.4754486
1972,3,17,41393,-0.2955415,0.0019,42.4795415
1972,3,18,41394,-0.2993964,0.0019,42.4833964
1972,3,19,41395,-0.3029563,0.0019,42.4869563
1972,3,20,41396,-0.3062392,0.0019,42.4902392
1972,3,21,41397,-0.3093421,0.0019,42.4933421
1972,3,22,41398,-0.312365,0.0019,42.496365
1972,3,23,41399,-0.3154329,0.0019,42.4994329
1972,3,24,41400,-0.3186218,0.0019,42.5026218
1972,3,25,41401,-0.3219687,0.0019,42.5059687
1972,3,26,41402,-0.3254717,0.0019,42.5094717
1972,3,27,41403,-0.3290956,0.0019,42.5130956
1972,3,28,41404,-0.3327855,0.0019,42.5167855
1972,3,29,41405,-0.3364864,0.0019,42.5204864
1972,3,30,41406,-0.3401333,0.0019,42.5241333
1972,3,31,41407,-0.3436732,0.0019,42.5276732
1972,4,1,41408,-0.3470731,0.0019,42.5310731
1972,4,2,41409,-0.350325,0.0019,42.534325
1972,4,3,41410,-0.3534539,0.0019,42.5374539
1972,4,4,41411,-0.3564968,0.0019,42.5404968
1972,4,5,41412,-0.3595117,0.0019,42.5435117
1972,4,6,41413,-0.3625677,0.0019,42.5465677
1972,4,7,41414,-0.3657436,0.0019,42.5497436
1972,4,8,41415,-0.3691205,0.0019,42.5531205
1972,4,9,41416,-0.3727434,0.0019,42.5567434
1972,4,10,41417,-0.3766533,0.0019,42.5606533
1972,4,11,41418,-0.3808232,0.0019,42.5648232
1972,4,12,41419,-0.3851471,0.0019,42.5691471
1972,4,13,41420,-0.389478,0.0019,42.573478
1972,4,14,41421,-0.3936569,0.0019,42.5776569
1972,4,15,41422,-0.3975619,0.0019,42.5815619
1972,4,16,41423,-0.4011628,0.0019,42.5851628
1972,4,17,41424,-0.4045077,0.0019,42.5885077
1972,4,18,41425,-0.4077136,0.0019,42.5917136
1972,4,19,41426,-0.4109075,0.0019,42.5949075
1972,4,20,41427,-0.4141874,0.0019,42.5981874
1972,4,21,41428,-0.4175983,0.0019,42.6015983
1972,4,22,41429,-0.4211392,0.0019,42.6051392
1972,4,23,41430,-0.4247781,0.0019,42.6087781
1972,4,24,41431,-0.4284641,0.0019,42.6124641
1972,4,25,41432,-0.432139,0.0019,42.616139
1972,4,26,41433,-0.4357519,0.0019,42.6197519
1972,4,27,41434,-0.4392418,0.0019,42.6232418
1972,4,28,41435,-0.4425917,0.0019,42.6265917
1972,4,29,41436,-0.4457746,0.0019,42.6297746
1972,4,30,41437,-0.4488115,0.0019,42.6328115
1972,5,1,41438,-0.4517355,0.0019,42.6357355
1972,5,2,41439,-0.4545874,0.0019,42.6385874
1972,5,3,41440,-0.4574613,0.0019,42.6414613
1972,5,4,41441,-0.4604112,0.0019,42.6444112
1972,5,5,41442,-0.4635241,0.0019,42.6475241
1972,5,6,41443,-0.466864,0.0019,42.650864
1972,5,7,41444,-0.4704579,0.0019,42.6544579
1972,5,8,41445,-0.4743259,0.0019,42.6583259
1972,5,9,41446,-0.4783888,0.0019,42.6623888
1972,5,10,41447,-0.4825487,0.0019,42.6665487
1972,5,11,41448,-0.4866536,0.0019,42.6706536
1972,5,12,41449,-0.4905835,0.0019,42.6745835
1972,5,13,41450,-0.4942744,0.0019,42.6782744
1972,5,14,41451,-0.4977083,0.0019,42.6817083
1972,5,15,41452,-0.5009773,0.0019,42.6849773
1972,5,16,41453,-0.5042002,0.0019,42.6882002
1972,5,17,41454,-0.5074951,0.0019,42.6914951
1972,5,18,41455,-0.510902,0.0019,42.694902
1972,5,19,41456,-0.5144409,0.0019,42.6984409
1972,5,20,41457,-0.5180888,0.0019,42.7020888
1972,5,21,41458,-0.5217768,0.0019,42.7057768
1972,5,22,41459,-0.5254537,0.0019,42.7094537
1972,5,23,41460,-0.5290426,0.0019,42.7130426
1972,5,24,41461,-0.5325015,0.0019,42.7165015
1972,5,25,41462,-0.5357864,0.0019,42.7197864
1972,5,26,41463,-0.5388853,0.0019,42.7228853
1972,5,27,41464,-0.5418043,0.0019,42.7258043
1972,5,28,41465,-0.5445712,0.0019,42.7285712
1972,5,29,41466,-0.5472231,0.0019,42.7312231
1972,5,30,41467,-0.549835,0.0019,42.733835
1972,5,31,41468,-0.5524879,0.0019,42.7364879
1972,6,1,41469,-0.5552298,0.0019,42.7392298
1972,6,2,41470,-0.5581348,0.0019,42.7421348
1972,6,3,41471,-0.5612377,0.0019,42.7452377
1972,6,4,41472,-0.5645296,0.0019,42.7485296
1972,6,5,41473,-0.5679805,0.0019,42.7519805
1972,6,6,41474,-0.5714994,0.0019,42.7554994
1972,6,7,41475,-0.5749814,0.0019,42.7589814
1972,6,8,41476,-0.5783093,0.0019,42.7623093
1972,6,9,41477,-0.5813852,0.0019,42.7653852
1972,6,10,41478,-0.5842071,0.0019,42.7682071
1972,6,11,41479,-0.586807,0.0019,42.770807
1972,6,12,41480,-0.5893159,0.0019,42.7733159
1972,6,13,41481,-0.5918409,0.0019,42.7758409
1972,6,14,41482,-0.5944888,0.0019,42.7784888
1972,6,15,41483,-0.5972967,0.0019,42.7812967
1972,6,16,41484,-0.6002416,0.0019,42.7842416
1972,6,17,41485,-0.6032425,0.0019,42.7872425
1972,6,18,41486,-0.6062565,0.0019,42.7902565
1972,6,19,41487,-0.6091954,0.0019,42.7931954
1972,6,20,41488,-0.6120173,0.0019,42.7960173
1972,6,21,41489,-0.6146922,0.0019,42.7986922
1972,6,22,41490,-0.6171812,0.0019,42.8011812
1972,6,23,41491,-0.6194931,0.0019,42.8034931
1972,6,24,41492,-0.62166,0.0019,42.80566
1972,6,25,41493,-0.6237279,0.0019,42.8077279
1972,6,26,41494,-0.6257598,0.0019,42.8097598
1972,6,27,41495,-0.6278378,0.0019,42.8118378
1972,6,28,41496,-0.6300337,0.0019,42.8140337
1972,6,29,41497,-0.6324066,0.0019,42.8164066
1972,6,30,41498,-0.6349935,0.0019,42.8189935
1972,7,1,41499,0.3621956,0.0019,42.8218044
1972,7,2,41500,0.3592006,0.0019,42.8247994
1972,7,3,41501,0.3561097,0.0019,42.8278903
1972,7,4,41502,0.3530268,0.0019,42.8309732
1972,7,5,41503,0.3500439,0.0019,42.8339561
1972,7,6,41504,0.3472639,0.0019,42.8367361
1972,7,7,41505,0.344711,0.0019,42.839289
1972,7,8,41506,0.3423751,0.0019,42.8416249
1972,7,9,41507,0.3401592,0.0019,42.8438408
1972,7,10,41508,0.3379592,0.0019,42.8460408
1972,7,11,41509,0.3356723,0.0019,42.8483277
1972,7,12,41510,0.3332844,0.0019,42.8507156
1972,7,13,41511,0.3307405,0.0019,42.8532595
1972,7,14,41512,0.3280816,0.0019,42.8559184
1972,7,15,41513,0.3253726,0.0019,42.8586274
1972,7,16,41514,0.3226967,0.0019,42.8613033
1972,7,17,41515,0.3201008,0.0019,42.8638992
1972,7,18,41516,0.3176409,0.0019,42.8663591
1972,7,19,41517,0.3153199,0.0019,42.8686801
1972,7,20,41518,0.313163,0.0019,42.870837
1972,7,21,41519,0.3111441,0.0019,42.8728559
1972,7,22,41520,0.3092012,0.0019,42.8747988
1972,7,23,41521,0.3072862,0.0019,42.8767138
1972,7,24,41522,0.3053273,0.0019,42.8786727
1972,7,25,41523,0.3032384,0.0019,42.8807616
1972,7,26,41524,0.3009495,0.0019,42.8830505
1972,7,27,41525,0.2984135,0.0019,42.8855865
1972,7,28,41526,0.2956176,0.0019,42.8883824
1972,7,29,41527,0.2925977,0.0019,42.8914023
1972,7,30,41528,0.2894227,0.0019,42.8945773
1972,7,31,41529,0.2862148,0.0019,42.8977852
1972,8,1,41530,0.2830859,0.0019,42.9009141
1972,8,2,41531,0.280129,0.0019,42.903871
1972,8,3,41532,0.277381,0.0019,42.906619
1972,8,4,41533,0.2748301,0.0019,42.9091699
1972,8,5,41534,0.2723912,0.0019,42.9116088
1972,8,6,41535,0.2700003,0.0019,42.9139997
1972,8,7,41536,0.2675373,0.0019,42.9164627
1972,8,8,41537,0.2649414,0.0019,42.9190586
1972,8,9,41538,0.2621645,0.0019,42.9218355
1972,8,10,41539,0.2592475,0.0019,42.9247525
1972,8,11,41540,0.2562806,0.0019,42.9277194
1972,8,12,41541,0.2533167,0.0019,42.9306833
1972,8,13,41542,0.2504588,0.0019,42.9335412
1972,8,14,41543,0.2477338,0.0019,42.9362662
1972,8,15,41544,0.2452079,0.0019,42.9387921
1972,8,16,41545,0.242873,0.0019,42.941127
1972,8,17,41546,0.240726,0.0019,42.943274
1972,8,18,41547,0.2387111,0.0019,42.9452889
1972,8,19,41548,0.2367862,0.0019,42.9472138
1972,8,20,41549,0.2348643,0.0019,42.9491357
1972,8,21,41550,0.2328693,0.0019,42.9511307
1972,8,22,41551,0.2307274,0.0019,42.9532726
1972,8,23,41552,0.2283655,0.0019,42.9556345
1972,8,24,41553,0.2257515,0.0019,42.9582485
1972,8,25,41554,0.2228886,0.0019,42.9611114
1972,8,26,41555,0.2198547,0.0019,42.9641453
1972,8,27,41556,0.2167317,0.0019,42.9672683
1972,8,28,41557,0.2136628,0.0019,42.9703372
1972,8,29,41558,0.2107649,0.0019,42.9732351
1972,8,30,41559,0.208074,0.0019,42.975926
1972,8,31,41560,0.205596,0.0019,42.978404
1972,9,1,41561,0.2032421,0.0019,42.9807579
1972,9,2,41562,0.2009152,0.0019,42.9830848
1972,9,3,41563,0.1985182,0.0019,42.9854818
1972,9,4,41564,0.1959473,0.0019,42.9880527
1972,9,5,41565,0.1931764,0.0019,42.9908236
1972,9,6,41566,0.1901914,0.0019,42.9938086
1972,9,7,41567,0.1870595,0.0019,42.9969405
1972,9,8,41568,0.1838536,0.0019,43.0001464
1972,9,9,41569,0.1806376,0.0019,43.0033624
1972,9,10,41570,0.1775007,0.0019,43.0064993
1972,9,11,41571,0.1744928,0.0019,43.0095072
1972,9,12,41572,0.1716338,0.0019,43.0123662
1972,9,13,41573,0.1688999,0.0019,43.0151001
1972,9,14,41574,0.166282,0.0019,43.017718
1972,9,15,41575,0.163723,0.0019,43.020277
1972,9,16,41576,0.1611721,0.0019,43.0228279
1972,9,17,41577,0.1585382,0.0019,43.0254618
1972,9,18,41578,0.1557772,0.0019,43.0282228
1972,9,19,41579,0.1527943,0.0019,43.0312057
1972,9,20,41580,0.1495584,0.0019,43.0344416
1972,9,21,41581,0.1460474,0.0019,43.0379526
1972,9,22,41582,0.1423065,0.0019,43.0416935
1972,9,23,41583,0.1384286,0.0019,43.0455714
1972,9,24,41584,0.1345356,0.0019,43.0494644
1972,9,25,41585,0.1307847,0.0019,43.0532153
1972,9,26,41586,0.1272448,0.0019,43.0567552
1972,9,27,41587,0.1239578,0.0019,43.0600422
1972,9,28,41588,0.1208569,0.0019,43.0631431
1972,9,29,41589,0.117835,0.0019,43.066165
1972,9,30,41590,0.114785,0.0019,43.069215
1972,10,1,41591,0.1116131,0.0019,43.0723869
1972,10,2,41592,0.1082811,0.0019,43.0757189
1972,10,3,41593,0.1047742,0.0019,43.0792258
1972,10,4,41594,0.1011273,0.0019,43.0828727
1972,10,5,41595,0.0974223,0.0019,43.0865777
1972,10,6,41596,0.0937204,0.0019,43.0902796
1972,10,7,41597,0.0901025,0.0019,43.0938975
1972,10,8,41598,0.0866235,0.0019,43.0973765
1972,10,9,41599,0.0833036,0.0019,43.1006964
1972,10,10,41600,0.0801607,0.0019,43.1038393
1972,10,11,41601,0.0771827,0.0019,43.1068173
1972,10,12,41602,0.0743188,0.0019,43.1096812
1972,10,13,41603,0.0715018,0.0019,43.1124982
1972,10,14,41604,0.0686849,0.0019,43.1153151
1972,10,15,41605,0.065794,0.0019,43.118206
1972,10,16,41606,0.062761,0.0019,43.121239
1972,10,17,41607,0.0595471,0.0019,43.1244529
1972,10,18,41608,0.0560992,0.0019,43.1279008
1972,10,19,41609,0.0524442,0.0019,43.1315558
1972,10,20,41610,0.0486223,0.0019,43.1353777
1972,10,21,41611,0.0447563,0.0019,43.1392437
1972,10,22,41612,0.0409634,0.0019,43.1430366
1972,10,23,41613,0.0373825,0.0019,43.1466175
1972,10,24,41614,0.0340675,0.0019,43.1499325
1972,10,25,41615,0.0310106,0.0019,43.1529894
1972,10,26,41616,0.0281106,0.0019,43.1558894
1972,10,27,41617,0.0252537,0.0019,43.1587463
1972,10,28,41618,0.0223188,0.0019,43.1616812
1972,10,29,41619,0.0192408,0.0019,43.1647592
1972,10,30,41620,0.0160329,0.0019,43.1679671
1972,10,31,41621,0.0126969,0.0019,43.1713031
1972,11,1,41622,0.009315,0.0019,43.174685
1972,11,2,41623,0.0059321,0.0019,43.1780679
1972,11,3,41624,0.0026121,0.0019,43.1813879
1972,11,4,41625,-0.0005848,0.0019,43.1845848
1972,11,5,41626,-0.0036308,0.0019,43.1876308
1972,11,6,41627,-0.0065167,0.0019,43.1905167
1972,11,7,41628,-0.0092726,0.0019,43.1932726
1972,11,8,41629,-0.0119246,0.0019,43.1959246
1972,11,9,41630,-0.0145245,0.0019,43.1985245
1972,11,10,41631,-0.0171555,0.0019,43.2011555
1972,11,11,41632,-0.0198624,0.0019,43.2038624
1972,11,12,41633,-0.0227224,0.0019,43.2067224
1972,11,13,41634,-0.0257643,0.0019,43.2097643
1972,11,14,41635,-0.0290322,0.0019,43.2130322
1972,11,15,41636,-0.0325392,0.0019,43.2165392
1972,11,16,41637,-0.0362481,0.0019,43.2202481
1972,11,17,41638,-0.0400841,0.0019,43.2240841
1972,11,18,41639,-0.043939,0.0019,43.227939
1972,11,19,41640,-0.047694,0.0019,43.231694
1972,11,20,41641,-0.0512579,0.0019,43.2352579
1972,11,21,41642,-0.0546098,0.0019,43.2386098
1972,11,22,41643,-0.0578008,0.0019,43.2418008
1972,11,23,41644,-0.0609437,0.0019,43.2449437
1972,11,24,41645,-0.0641647,0.0019,43.2481647
1972,11,25,41646,-0.0675406,0.0019,43.2515406
1972,11,26,41647,-0.0711126,0.0019,43.2551126
1972,11,27,41648,-0.0748375,0.0019,43.2588375
1972,11,28,41649,-0.0786364,0.0019,43.2626364
1972,11,29,41650,-0.0824264,0.0019,43.2664264
1972,11,30,41651,-0.0861503,0.0019,43.2701503
1972,12,1,41652,-0.0897383,0.0019,43.2737383
1972,12,2,41653,-0.0931682,0.0019,43.2771682
1972,12,3,41654,-0.0964192,0.0019,43.2804192
1972,12,4,41655,-0.0994761,0.0019,43.2834761
1972,12,5,41656,-0.1023891,0.0019,43.2863891
1972,12,6,41657,-0.105209,0.0019,43.289209
1972,12,7,41658,-0.107984,0.0019,43.291984
1972,12,8,41659,-0.1107919,0.0019,43.2947919
1972,12,9,41660,-0.1136778,0.0019,43.2976778
1972,12,10,41661,-0.1166898,0.0019,43.3006898
1972,12,11,41662,-0.1198767,0.0019,43.3038767
1972,12,12,41663,-0.1232337,0.0019,43.3072337
1972,12,13,41664,-0.1267456,0.0019,43.3107456
1972,12,14,41665,-0.1303706,0.0019,43.3143706
1972,12,15,41666,-0.1340125,0.0019,43.3180125
1972,12,16,41667,-0.1375735,0.0019,43.3215735
1972,12,17,41668,-0.1409774,0.0019,43.3249774
1972,12,18,41669,-0.1441854,0.0019,43.3281854
1972,12,19,41670,-0.1472073,0.0019,43.3312073
1972,12,20,41671,-0.1501363,0.0019,43.3341363
1972,12,21,41672,-0.1530952,0.0019,43.3370952
1972,12,22,41673,-0.1561932,0.0019,43.3401932
1972,12,23,41674,-0.1594781,0.0019,43.3434781
1972,12,24,41675,-0.1629631,0.0019,43.3469631
1972,12,25,41676,-0.166551,0.0019,43.350551
1972,12,26,41677,-0.170184,0.0019,43.354184
1972,12,27,41678,-0.1737559,0.0019,43.3577559
1972,12,28,41679,-0.1771979,0.0019,43.3611979
1972,12,29,41680,-0.1804908,0.0019,43.3644908
1972,12,30,41681,-0.1836158,0.0019,43.3676158
1972,12,31,41682,-0.1865687,0.0019,43.3705687
1973,1,1,41683,0.8105944,0.0019,43.3734056
1973,1,2,41684,0.8078584,0.0019,43.3761416
1973,1,3,41685,0.8051525,0.0019,43.3788475
1973,1,4,41686,0.8024015,0.0019,43.3815985
1973,1,5,41687,0.7995416,0.0019,43.3844584
1973,1,6,41688,0.7965306,0.0019,43.3874694
1973,1,7,41689,0.7933287,0.0019,43.3906713
1973,1,8,41690,0.7899097,0.0019,43.3940903
1973,1,9,41691,0.7863177,0.0019,43.3976823
1973,1,10,41692,0.7826208,0.0019,43.4013792
1973,1,11,41693,0.7788958,0.0019,43.4051042
1973,1,12,41694,0.7752289,0.0019,43.4087711
1973,1,13,41695,0.7717109,0.0019,43.4122891
1973,1,14,41696,0.768397,0.0019,43.415603
1973,1,15,41697,0.765305,0.0019,43.418695
1973,1,16,41698,0.7623651,0.0019,43.4216349
1973,1,17,41699,0.7594751,0.0019,43.4245249
1973,1,18,41700,0.7565292,0.0019,43.4274708
1973,1,19,41701,0.7534322,0.0019,43.4305678
1973,1,20,41702,0.7501683,0.0019,43.4338317
1973,1,21,41703,0.7467603,0.0019,43.4372397
1973,1,22,41704,0.7432924,0.0019,43.4407076
1973,1,23,41705,0.7398474,0.0019,43.4441526
1973,1,24,41706,0.7365095,0.0019,43.4474905
1973,1,25,41707,0.7333215,0.0019,43.4506785
1973,1,26,41708,0.7303046,0.0019,43.4536954
1973,1,27,41709,0.7274526,0.0019,43.4565474
1973,1,28,41710,0.7247257,0.0019,43.4592743
1973,1,29,41711,0.7220887,0.0019,43.4619113
1973,1,30,41712,0.7194757,0.0019,43.4645243
1973,1,31,41713,0.7168188,0.0019,43.4671812
1973,2,1,41714,0.7140608,0.0019,43.4699392
1973,2,2,41715,0.7111109,0.0019,43.4728891
1973,2,3,41716,0.7079499,0.0019,43.4760501
1973,2,4,41717,0.70457,0.0019,43.47943
1973,2,5,41718,0.70098,0.0019,43.48302
1973,2,6,41719,0.6972361,0.0019,43.4867639
1973,2,7,41720,0.6934291,0.0019,43.4905709
1973,2,8,41721,0.6896492,0.0019,43.4943508
1973,2,9,41722,0.6859972,0.0019,43.4980028
1973,2,10,41723,0.6825032,0.0019,43.5014968
1973,2,11,41724,0.6792013,0.0019,43.5047987
1973,2,12,41725,0.6760223,0.0019,43.5079777
1973,2,13,41726,0.6728844,0.0019,43.5111156
1973,2,14,41727,0.6696794,0.0019,43.5143206
1973,2,15,41728,0.6663255,0.0019,43.5176745
1973,2,16,41729,0.6627585,0.0019,43.5212415
1973,2,17,41730,0.6590055,0.0019,43.5249945
1973,2,18,41731,0.6551316,0.0019,43.5288684
1973,2,19,41732,0.6512426,0.0019,43.5327574
1973,2,20,41733,0.6474257,0.0019,43.5365743
1973,2,21,41734,0.6437687,0.0019,43.5402313
1973,2,22,41735,0.6403188,0.0019,43.5436812
1973,2,23,41736,0.6370878,0.0019,43.5469122
1973,2,24,41737,0.6340458,0.0019,43.5499542
1973,2,25,41738,0.6311749,0.0019,43.5528251
1973,2,26,41739,0.6284009,0.0019,43.5555991
1973,2,27,41740,0.625682,0.0019,43.558318
1973,2,28,41741,0.622908,0.0019,43.561092
1973,3,1,41742,0.6200251,0.0019,43.5639749
1973,3,2,41743,0.6169801,0.0019,43.5670199
1973,3,3,41744,0.6137421,0.0019,43.5702579
1973,3,4,41745,0.6103022,0.0019,43.5736978
1973,3,5,41746,0.6067022,0.0019,43.5772978
1973,3,6,41747,0.6030073,0.0019,43.5809927
1973,3,7,41748,0.5993143,0.0019,43.5846857
1973,3,8,41749,0.5957253,0.0019,43.5882747
1973,3,9,41750,0.5922824,0.0019,43.5917176
1973,3,10,41751,0.5890194,0.0019,43.5949806
1973,3,11,41752,0.5858875,0.0019,43.5981125
1973,3,12,41753,0.5828015,0.0019,43.6011985
1973,3,13,41754,0.5796535,0.0019,43.6043465
1973,3,14,41755,0.5763516,0.0019,43.6076484
1973,3,15,41756,0.5728156,0.0019,43.6111844
1973,3,16,41757,0.5690297,0.0019,43.6149703
1973,3,17,41758,0.5650497,0.0019,43.6189503
1973,3,18,41759,0.5609337,0.0019,43.6230663
1973,3,19,41760,0.5568028,0.0019,43.6271972
1973,3,20,41761,0.5527518,0.0019,43.6312482
1973,3,21,41762,0.5488569,0.0019,43.6351431
1973,3,22,41763,0.5451369,0.0019,43.6388631
1973,3,23,41764,0.5415929,0.0019,43.6424071
1973,3,24,41765,0.538225,0.0019,43.645775
1973,3,25,41766,0.534976,0.0019,43.649024
1973,3,26,41767,0.531774,0.0019,43.652226
1973,3,27,41768,0.5285651,0.0019,43.6554349
1973,3,28,41769,0.5252851,0.0019,43.6587149
1973,3,29,41770,0.5218782,0.0019,43.6621218
1973,3,30,41771,0.5182932,0.0019,43.6657068
1973,3,31,41772,0.5145222,0.0019,43.6694778
1973,4,1,41773,0.5105833,0.0019,43.6734167
1973,4,2,41774,0.5065233,0.0019,43.6774767
1973,4,3,41775,0.5024243,0.0019,43.6815757
1973,4,4,41776,0.4984214,0.0019,43.6855786
1973,4,5,41777,0.4945984,0.0019,43.6894016
1973,4,6,41778,0.4910034,0.0019,43.6929966
1973,4,7,41779,0.4876275,0.0019,43.6963725
1973,4,8,41780,0.4844035,0.0019,43.6995965
1973,4,9,41781,0.4812026,0.0019,43.7027974
1973,4,10,41782,0.4779246,0.0019,43.7060754
1973,4,11,41783,0.4745136,0.0019,43.7094864
1973,4,12,41784,0.4709417,0.0019,43.7130583
1973,4,13,41785,0.4672347,0.0019,43.7167653
1973,4,14,41786,0.4634527,0.0019,43.7205473
1973,4,15,41787,0.4596818,0.0019,43.7243182
1973,4,16,41788,0.4559808,0.0019,43.7280192
1973,4,17,41789,0.4524208,0.0019,43.7315792
1973,4,18,41790,0.4490389,0.0019,43.7349611
1973,4,19,41791,0.4458319,0.0019,43.7381681
1973,4,20,41792,0.4427969,0.0019,43.7412031
1973,4,21,41793,0.439885,0.0019,43.744115
1973,4,22,41794,0.437038,0.0019,43.746962
1973,4,23,41795,0.434193,0.0019,43.749807
1973,4,24,41796,0.4312921,0.0019,43.7527079
1973,4,25,41797,0.4282781,0.0019,43.7557219
1973,4,26,41798,0.4251011,0.0019,43.7588989
1973,4,27,41799,0.4217562,0.0019,43.7622438
1973,4,28,41800,0.4182122,0.0019,43.7657878
1973,4,29,41801,0.4145122,0.0019,43.7694878
1973,4,30,41802,0.4107153,0.0019,43.7732847
1973,5,1,41803,0.4069183,0.0019,43.7770817
1973,5,2,41804,0.4032163,0.0019,43.7807837
1973,5,3,41805,0.3996674,0.0019,43.7843326
1973,5,4,41806,0.3962954,0.0019,43.7877046
1973,5,5,41807,0.3930764,0.0019,43.7909236
1973,5,6,41808,0.3898895,0.0019,43.7941105
1973,5,7,41809,0.3866395,0.0019,43.7973605
1973,5,8,41810,0.3832445,0.0019,43.8007555
1973,5,9,41811,0.3796995,0.0019,43.8043005
1973,5,10,41812,0.3760196,0.0019,43.8079804
1973,5,11,41813,0.3722876,0.0019,43.8117124
1973,5,12,41814,0.3685706,0.0019,43.8154294
1973,5,13,41815,0.3649667,0.0019,43.8190333
1973,5,14,41816,0.3615247,0.0019,43.8224753
1973,5,15,41817,0.3582797,0.0019,43.8257203
1973,5,16,41818,0.3552538,0.0019,43.8287462
1973,5,17,41819,0.3524238,0.0019,43.8315762
1973,5,18,41820,0.3497638,0.0019,43.8342362
1973,5,19,41821,0.3472129,0.0019,43.8367871
1973,5,20,41822,0.3447089,0.0019,43.8392911
1973,5,21,41823,0.3421939,0.0019,43.8418061
1973,5,22,41824,0.3395929,0.0019,43.8444071
1973,5,23,41825,0.336869,0.0019,43.847131
1973,5,24,41826,0.333986,0.0019,43.850014
1973,5,25,41827,0.330941,0.0019,43.853059
1973,5,26,41828,0.3277531,0.0019,43.8562469
1973,5,27,41829,0.3244481,0.0019,43.8595519
1973,5,28,41830,0.3211101,0.0019,43.8628899
1973,5,29,41831,0.3178141,0.0019,43.8661859
1973,5,30,41832,0.3146612,0.0019,43.8693388
1973,5,31,41833,0.3116972,0.0019,43.8723028
1973,6,1,41834,0.3088922,0.0019,43.8751078
1973,6,2,41835,0.3061542,0.0019,43.8778458
1973,6,3,41836,0.3033863,0.0019,43.8806137
1973,6,4,41837,0.3004843,0.0019,43.8835157
1973,6,5,41838,0.2973873,0.0019,43.8866127
1973,6,6,41839,0.2941294,0.0019,43.8898706
1973,6,7,41840,0.2907594,0.0019,43.8932406
1973,6,8,41841,0.2873864,0.0019,43.8966136
1973,6,9,41842,0.2841024,0.0019,43.8998976
1973,6,10,41843,0.2809475,0.0019,43.9030525
1973,6,11,41844,0.2779655,0.0019,43.9060345
1973,6,12,41845,0.2751855,0.0019,43.9088145
1973,6,13,41846,0.2725865,0.0019,43.9114135
1973,6,14,41847,0.2701476,0.0019,43.9138524
1973,6,15,41848,0.2678285999999999,0.0019,43.9161714
1973,6,16,41849,0.2655536,0.0019,43.9184464
1973,6,17,41850,0.2632776,0.0019,43.9207224
1973,6,18,41851,0.2609497,0.0019,43.9230503
1973,6,19,41852,0.2585257,0.0019,43.9254743
1973,6,20,41853,0.2559937,0.0019,43.9280063
1973,6,21,41854,0.2533407,0.0019,43.9306593
1973,6,22,41855,0.2505848,0.0019,43.9334152
1973,6,23,41856,0.2477848,0.0019,43.9362152
1973,6,24,41857,0.2449728,0.0019,43.9390272
1973,6,25,41858,0.2422308,0.0019,43.9417692
1973,6,26,41859,0.2396369,0.0019,43.9443631
1973,6,27,41860,0.2372319,0.0019,43.9467681
1973,6,28,41861,0.2349999,0.0019,43.9490001
1973,6,29,41862,0.2328999,0.0019,43.9511001
1973,6,30,41863,0.2308099,0.0019,43.9531901
1973,7,1,41864,0.228623,0.0019,43.955377
1973,7,2,41865,0.226258,0.0019,43.957742
1973,7,3,41866,0.223688,0.0019,43.960312
1973,7,4,41867,0.220965,0.0019,43.963035
1973,7,5,41868,0.2181871,0.0019,43.9658129
1973,7,6,41869,0.2154591,0.0019,43.9685409
1973,7,7,41870,0.2128531,0.0019,43.9711469
1973,7,8,41871,0.2104131,0.0019,43.9735869
1973,7,9,41872,0.2081511,0.0019,43.9758489
1973,7,10,41873,0.2060532,0.0019,43.9779468
1973,7,11,41874,0.2040902,0.0019,43.9799098
1973,7,12,41875,0.2022032,0.0019,43.9817968
1973,7,13,41876,0.2003262,0.0019,43.9836738
1973,7,14,41877,0.1984063,0.0019,43.9855937
1973,7,15,41878,0.1963743,0.0019,43.9876257
1973,7,16,41879,0.1941833,0.0019,43.9898167
1973,7,17,41880,0.1918163,0.0019,43.9921837
1973,7,18,41881,0.1892473,0.0019,43.9947527
1973,7,19,41882,0.1865164,0.0019,43.9974836
1973,7,20,41883,0.1836504,0.0019,44.0003496
1973,7,21,41884,0.1807224,0.0019,44.0032776
1973,7,22,41885,0.1777604,0.0019,44.0062396
1973,7,23,41886,0.1748724,0.0019,44.0091276
1973,7,24,41887,0.1721265,0.0019,44.0118735
1973,7,25,41888,0.1695385,0.0019,44.0144615
1973,7,26,41889,0.1670945,0.0019,44.0169055
1973,7,27,41890,0.1647325,0.0019,44.0192675
1973,7,28,41891,0.1623235,0.0019,44.0216765
1973,7,29,41892,0.1597815,0.0019,44.0242185
1973,7,30,41893,0.1570406,0.0019,44.0269594
1973,7,31,41894,0.1541386,0.0019,44.0298614
1973,8,1,41895,0.1511876,0.0019,44.0328124
1973,8,2,41896,0.1482516,0.0019,44.0357484
1973,8,3,41897,0.1454456,0.0019,44.0385544
1973,8,4,41898,0.1428337,0.0019,44.0411663
1973,8,5,41899,0.1404357,0.0019,44.0435643
1973,8,6,41900,0.1382427,0.0019,44.0457573
1973,8,7,41901,0.1362127,0.0019,44.0477873
1973,8,8,41902,0.1343097,0.0019,44.0496903
1973,8,9,41903,0.1324477,0.0019,44.0515523
1973,8,10,41904,0.1305748,0.0019,44.0534252
1973,8,11,41905,0.1286168,0.0019,44.0553832
1973,8,12,41906,0.1265108,0.0019,44.0574892
1973,8,13,41907,0.1242328,0.0019,44.0597672
1973,8,14,41908,0.1217448,0.0019,44.0622552
1973,8,15,41909,0.1190738,0.0019,44.0649262
1973,8,16,41910,0.1162539,0.0019,44.0677461
1973,8,17,41911,0.1133479,0.0019,44.0706521
1973,8,18,41912,0.1104209,0.0019,44.0735791
1973,8,19,41913,0.1075549,0.0019,44.0764451
1973,8,20,41914,0.1048049,0.0019,44.0791951
1973,8,21,41915,0.1021959,0.0019,44.0818041
1973,8,22,41916,0.0996949,0.0019,44.0843051
1973,8,23,41917,0.097242,0.0019,44.086758
1973,8,24,41918,0.094731,0.0019,44.089269
1973,8,25,41919,0.092082,0.0019,44.091918
1973,8,26,41920,0.089227,0.0019,44.094773
1973,8,27,41921,0.086154,0.0019,44.097846
1973,8,28,41922,0.082894,0.0019,44.101106
1973,8,29,41923,0.079561,0.0019,44.104439
1973,8,30,41924,0.0762701,0.0019,44.1077299
1973,8,31,41925,0.0731071,0.0019,44.1108929
1973,9,1,41926,0.0701501,0.0019,44.1138499
1973,9,2,41927,0.0673921,0.0019,44.1166079
1973,9,3,41928,0.0648301,0.0019,44.1191699
1973,9,4,41929,0.0624181,0.0019,44.1215819
1973,9,5,41930,0.0600981,0.0019,44.1239019
1973,9,6,41931,0.0578212,0.0019,44.1261788
1973,9,7,41932,0.0555122,0.0019,44.1284878
1973,9,8,41933,0.0531152,0.0019,44.1308848
1973,9,9,41934,0.0505842,0.0019,44.1334158
1973,9,10,41935,0.0478872,0.0019,44.1361128
1973,9,11,41936,0.0450222,0.0019,44.1389778
1973,9,12,41937,0.0420062,0.0019,44.1419938
1973,9,13,41938,0.0389052,0.0019,44.1450948
1973,9,14,41939,0.0357853,0.0019,44.1482147
1973,9,15,41940,0.0327283,0.0019,44.1512717
1973,9,16,41941,0.0297933,0.0019,44.1542067
1973,9,17,41942,0.0270033,0.0019,44.1569967
1973,9,18,41943,0.0243603,0.0019,44.1596397
1973,9,19,41944,0.0217843,0.0019,44.1622157
1973,9,20,41945,0.0191813,0.0019,44.1648187
1973,9,21,41946,0.0164683,0.0019,44.1675317
1973,9,22,41947,0.0135693,0.0019,44.1704307
1973,9,23,41948,0.0104413,0.0019,44.1735587
1973,9,24,41949,0.0071054,0.0019,44.1768946
1973,9,25,41950,0.0036264,0.0019,44.1803736
1973,9,26,41951,0.0001144,0.0019,44.1838856
1973,9,27,41952,-0.0033406,0.0019,44.1873406
1973,9,28,41953,-0.0066416,0.0019,44.1906416
1973,9,29,41954,-0.0097736,0.0019,44.1937736
1973,9,30,41955,-0.0127216,0.0019,44.1967216
1973,10,1,41956,-0.0155186,0.0019,44.1995186
1973,10,2,41957,-0.0182206,0.0019,44.2022206
1973,10,3,41958,-0.0208776,0.0019,44.2048776
1973,10,4,41959,-0.0235626,0.0019,44.2075626
1973,10,5,41960,-0.0262955,0.0019,44.2102955
1973,10,6,41961,-0.0291615,0.0019,44.2131615
1973,10,7,41962,-0.0321735,0.0019,44.2161735
1973,10,8,41963,-0.0353425,0.0019,44.2193425
1973,10,9,41964,-0.0386575,0.0019,44.2226575
1973,10,10,41965,-0.0420775,0.0019,44.2260775
1973,10,11,41966,-0.0455475,0.0019,44.2295475
1973,10,12,41967,-0.0489655,0.0019,44.2329655
1973,10,13,41968,-0.0522815,0.0019,44.2362815
1973,10,14,41969,-0.0554185,0.0019,44.2394185
1973,10,15,41970,-0.0583805,0.0019,44.2423805
1973,10,16,41971,-0.0612165,0.0019,44.2452165
1973,10,17,41972,-0.0640255,0.0019,44.2480255
1973,10,18,41973,-0.0669075,0.0019,44.2509075
1973,10,19,41974,-0.0699394,0.0019,44.2539394
1973,10,20,41975,-0.0731494,0.0019,44.2571494
1973,10,21,41976,-0.0765554,0.0019,44.2605554
1973,10,22,41977,-0.0800764,0.0019,44.2640764
1973,10,23,41978,-0.0836604,0.0019,44.2676604
1973,10,24,41979,-0.0872024,0.0019,44.2712024
1973,10,25,41980,-0.0906454,0.0019,44.2746454
1973,10,26,41981,-0.0939234,0.0019,44.2779234
1973,10,27,41982,-0.0970334,0.0019,44.2810334
1973,10,28,41983,-0.0999864,0.0019,44.2839864
1973,10,29,41984,-0.1028374,0.0019,44.2868374
1973,10,30,41985,-0.1056244,0.0019,44.2896244
1973,10,31,41986,-0.1084214,0.0019,44.2924214
1973,11,1,41987,-0.1112934,0.0019,44.2952934
1973,11,2,41988,-0.1142804,0.0019,44.2982804
1973,11,3,41989,-0.1174254,0.0019,44.3014254
1973,11,4,41990,-0.1207274,0.0019,44.3047274
1973,11,5,41991,-0.1242104,0.0019,44.3082104
1973,11,6,41992,-0.1278434,0.0019,44.3118434
1973,11,7,41993,-0.1315774,0.0019,44.3155774
1973,11,8,41994,-0.1353444,0.0019,44.3193444
1973,11,9,41995,-0.1390764,0.0019,44.3230764
1973,11,10,41996,-0.1426943,0.0019,44.3266943
1973,11,11,41997,-0.1461533,0.0019,44.3301533
1973,11,12,41998,-0.1494883,0.0019,44.3334883
1973,11,13,41999,-0.1527733,0.0019,44.3367733
1973,11,14,42000,-0.1560923,0.0019,44.3400923
1973,11,15,42001,-0.1595283,0.0019,44.3435283
1973,11,16,42002,-0.1631173,0.0019,44.3471173
1973,11,17,42003,-0.1668623,0.0019,44.3508623
1973,11,18,42004,-0.1706893,0.0019,44.3546893
1973,11,19,42005,-0.1745073,0.0019,44.3585073
1973,11,20,42006,-0.1782333,0.0019,44.3622333
1973,11,21,42007,-0.1818003,0.0019,44.3658003
1973,11,22,42008,-0.1851653,0.0019,44.3691653
1973,11,23,42009,-0.1883233,0.0019,44.3723233
1973,11,24,42010,-0.1912653,0.0019,44.3752653
1973,11,25,42011,-0.1940353,0.0019,44.3780353
1973,11,26,42012,-0.1966903,0.0019,44.3806903
1973,11,27,42013,-0.1993063,0.0019,44.3833063
1973,11,28,42014,-0.2019243,0.0019,44.3859243
1973,11,29,42015,-0.2046013,0.0019,44.3886013
1973,11,30,42016,-0.2073823,0.0019,44.3913823
1973,12,1,42017,-0.2102863,0.0019,44.3942863
1973,12,2,42018,-0.2133323,0.0019,44.3973323
1973,12,3,42019,-0.2164933,0.0019,44.4004933
1973,12,4,42020,-0.2197423,0.0019,44.4037423
1973,12,5,42021,-0.2230213,0.0019,44.4070213
1973,12,6,42022,-0.2262823,0.0019,44.4102823
1973,12,7,42023,-0.2294513,0.0019,44.4134513
1973,12,8,42024,-0.2324903,0.0019,44.4164903
1973,12,9,42025,-0.2353963,0.0019,44.4193963
1973,12,10,42026,-0.2382213,0.0019,44.4222213
1973,12,11,42027,-0.2410503,0.0019,44.4250503
1973,12,12,42028,-0.2439953,0.0019,44.4279953
1973,12,13,42029,-0.2471313,0.0019,44.4311313
1973,12,14,42030,-0.2504603,0.0019,44.4344603
1973,12,15,42031,-0.2539163,0.0019,44.4379163
1973,12,16,42032,-0.2574283,0.0019,44.4414283
1973,12,17,42033,-0.2608694,0.0019,44.4448694
1973,12,18,42034,-0.2641794,0.0019,44.4481794
1973,12,19,42035,-0.2672954,0.0019,44.4512954
1973,12,20,42036,-0.2701864,0.0019,44.4541864
1973,12,21,42037,-0.2728754,0.0019,44.4568754
1973,12,22,42038,-0.2753864,0.0019,44.4593864
1973,12,23,42039,-0.2777674,0.0019,44.4617674
1973,12,24,42040,-0.2800674,0.0019,44.4640674
1973,12,25,42041,-0.2823434,0.0019,44.4663434
1973,12,26,42042,-0.2846674,0.0019,44.4686674
1973,12,27,42043,-0.2870884,0.0019,44.4710884
1973,12,28,42044,-0.2896134,0.0019,44.4736134
1973,12,29,42045,-0.2922654,0.0019,44.4762654
1973,12,30,42046,-0.2950164,0.0019,44.4790164
1973,12,31,42047,-0.2978324,0.0019,44.4818324
1974,1,1,42048,0.6992996,0.0019,44.4847004
1974,1,2,42049,0.6964546,0.0019,44.4875454
1974,1,3,42050,0.6936686,0.0019,44.4903314
1974,1,4,42051,0.6909966,0.0019,44.4930034
1974,1,5,42052,0.6884556,0.0019,44.4955444
1974,1,6,42053,0.6860146,0.0019,44.4979854
1974,1,7,42054,0.6836126,0.0019,44.5003874
1974,1,8,42055,0.6811506,0.0019,44.5028494
1974,1,9,42056,0.6785365,0.0019,44.5054635
1974,1,10,42057,0.6757235,0.0019,44.5082765
1974,1,11,42058,0.6727395,0.0019,44.5112605
1974,1,12,42059,0.6696825,0.0019,44.5143175
1974,1,13,42060,0.6666705,0.0019,44.5173295
1974,1,14,42061,0.6638005,0.0019,44.5201995
1974,1,15,42062,0.6611475,0.0019,44.5228525
1974,1,16,42063,0.6587335,0.0019,44.5252665
1974,1,17,42064,0.6565245,0.0019,44.5274755
1974,1,18,42065,0.6544935,0.0019,44.5295065
1974,1,19,42066,0.6525595,0.0019,44.5314405
1974,1,20,42067,0.6506765,0.0019,44.5333235
1974,1,21,42068,0.6487825,0.0019,44.5352175
1974,1,22,42069,0.6468045,0.0019,44.5371955
1974,1,23,42070,0.6446894,0.0019,44.5393106
1974,1,24,42071,0.6424204,0.0019,44.5415796
1974,1,25,42072,0.6399744,0.0019,44.5440256
1974,1,26,42073,0.6373754,0.0019,44.5466246
1974,1,27,42074,0.6346374,0.0019,44.5493626
1974,1,28,42075,0.6317774,0.0019,44.5522226
1974,1,29,42076,0.6288794,0.0019,44.5551206
1974,1,30,42077,0.6260054,0.0019,44.5579946
1974,1,31,42078,0.6232074,0.0019,44.5607926
1974,2,1,42079,0.6205064,0.0019,44.5634936
1974,2,2,42080,0.6178754,0.0019,44.5661246
1974,2,3,42081,0.6153063,0.0019,44.5686937
1974,2,4,42082,0.6126973,0.0019,44.5713027
1974,2,5,42083,0.6099583,0.0019,44.5740417
1974,2,6,42084,0.6070043,0.0019,44.5769957
1974,2,7,42085,0.6038293,0.0019,44.5801707
1974,2,8,42086,0.6004823,0.0019,44.5835177
1974,2,9,42087,0.5970833,0.0019,44.5869167
1974,2,10,42088,0.5937513,0.0019,44.5902487
1974,2,11,42089,0.5905853,0.0019,44.5934147
1974,2,12,42090,0.5876392,0.0019,44.5963608
1974,2,13,42091,0.5849132,0.0019,44.5990868
1974,2,14,42092,0.5823852,0.0019,44.6016148
1974,2,15,42093,0.5799802,0.0019,44.6040198
1974,2,16,42094,0.5776482,0.0019,44.6063518
1974,2,17,42095,0.5753322,0.0019,44.6086678
1974,2,18,42096,0.5729602,0.0019,44.6110398
1974,2,19,42097,0.5704952,0.0019,44.6135048
1974,2,20,42098,0.5678932,0.0019,44.6161068
1974,2,21,42099,0.5651601,0.0019,44.6188399
1974,2,22,42100,0.5622751,0.0019,44.6217249
1974,2,23,42101,0.5592991,0.0019,44.6247009
1974,2,24,42102,0.5562451,0.0019,44.6277549
1974,2,25,42103,0.5531931,0.0019,44.6308069
1974,2,26,42104,0.5501911,0.0019,44.6338089
1974,2,27,42105,0.5472851,0.0019,44.6367149
1974,2,28,42106,0.544493,0.0019,44.639507
1974,3,1,42107,0.541814,0.0019,44.642186
1974,3,2,42108,0.53919,0.0019,44.64481
1974,3,3,42109,0.536545,0.0019,44.647455
1974,3,4,42110,0.533782,0.0019,44.650218
1974,3,5,42111,0.53081,0.0019,44.65319
1974,3,6,42112,0.527581,0.0019,44.656419
1974,3,7,42113,0.5241239,0.0019,44.6598761
1974,3,8,42114,0.5204959,0.0019,44.6635041
1974,3,9,42115,0.5168239,0.0019,44.6671761
1974,3,10,42116,0.5132389,0.0019,44.6707611
1974,3,11,42117,0.5098049,0.0019,44.6741951
1974,3,12,42118,0.5065759,0.0019,44.6774241
1974,3,13,42119,0.5035369,0.0019,44.6804631
1974,3,14,42120,0.5006488,0.0019,44.6833512
1974,3,15,42121,0.4978518,0.0019,44.6861482
1974,3,16,42122,0.4950828,0.0019,44.6889172
1974,3,17,42123,0.4923028,0.0019,44.6916972
1974,3,18,42124,0.4894498,0.0019,44.6945502
1974,3,19,42125,0.4865028,0.0019,44.6974972
1974,3,20,42126,0.4834317,0.0019,44.7005683
1974,3,21,42127,0.4802427,0.0019,44.7037573
1974,3,22,42128,0.4769567,0.0019,44.7070433
1974,3,23,42129,0.4736037,0.0019,44.7103963
1974,3,24,42130,0.4702557,0.0019,44.7137443
1974,3,25,42131,0.4669587,0.0019,44.7170413
1974,3,26,42132,0.4637886,0.0019,44.7202114
1974,3,27,42133,0.4607716,0.0019,44.7232284
1974,3,28,42134,0.4579106,0.0019,44.7260894
1974,3,29,42135,0.4551686,0.0019,44.7288314
1974,3,30,42136,0.4524856,0.0019,44.7315144
1974,3,31,42137,0.4497516,0.0019,44.7342484
1974,4,1,42138,0.4469075,0.0019,44.7370925
1974,4,2,42139,0.4438905,0.0019,44.7401095
1974,4,3,42140,0.4407115,0.0019,44.7432885
1974,4,4,42141,0.4373895,0.0019,44.7466105
1974,4,5,42142,0.4340105,0.0019,44.7499895
1974,4,6,42143,0.4306734,0.0019,44.7533266
1974,4,7,42144,0.4274674,0.0019,44.7565326
1974,4,8,42145,0.4244394,0.0019,44.7595606
1974,4,9,42146,0.4216014,0.0019,44.7623986
1974,4,10,42147,0.4189124,0.0019,44.7650876
1974,4,11,42148,0.4162993,0.0019,44.7677007
1974,4,12,42149,0.4137043,0.0019,44.7702957
1974,4,13,42150,0.4110093,0.0019,44.7729907
1974,4,14,42151,0.4082213,0.0019,44.7757787
1974,4,15,42152,0.4052663,0.0019,44.7787337
1974,4,16,42153,0.4021472,0.0019,44.7818528
1974,4,17,42154,0.3988352,0.0019,44.7851648
1974,4,18,42155,0.3953302,0.0019,44.7886698
1974,4,19,42156,0.3916922,0.0019,44.7923078
1974,4,20,42157,0.3879752,0.0019,44.7960248
1974,4,21,42158,0.3842271,0.0019,44.7997729
1974,4,22,42159,0.3805301,0.0019,44.8034699
1974,4,23,42160,0.3769211,0.0019,44.8070789
1974,4,24,42161,0.3734491,0.0019,44.8105509
1974,4,25,42162,0.3700831,0.0019,44.8139169
1974,4,26,42163,0.366779,0.0019,44.817221
1974,4,27,42164,0.363451,0.0019,44.820549
1974,4,28,42165,0.360047,0.0019,44.823953
1974,4,29,42166,0.356494,0.0019,44.827506
1974,4,30,42167,0.3527799,0.0019,44.8312201
1974,5,1,42168,0.3489619,0.0019,44.8350381
1974,5,2,42169,0.3450979,0.0019,44.8389021
1974,5,3,42170,0.3412889,0.0019,44.8427111
1974,5,4,42171,0.3376118,0.0019,44.8463882
1974,5,5,42172,0.3341398,0.0019,44.8498602
1974,5,6,42173,0.3309008,0.0019,44.8530992
1974,5,7,42174,0.3278758,0.0019,44.8561242
1974,5,8,42175,0.3250278,0.0019,44.8589722
1974,5,9,42176,0.3222797,0.0019,44.8617203
1974,5,10,42177,0.3195767,0.0019,44.8644233
1974,5,11,42178,0.3168647,0.0019,44.8671353
1974,5,12,42179,0.3140887,0.0019,44.8699113
1974,5,13,42180,0.3112306,0.0019,44.8727694
1974,5,14,42181,0.3082576,0.0019,44.8757424
1974,5,15,42182,0.3051746,0.0019,44.8788254
1974,5,16,42183,0.3020226,0.0019,44.8819774
1974,5,17,42184,0.2988155,0.0019,44.8851845
1974,5,18,42185,0.2955945,0.0019,44.8884055
1974,5,19,42186,0.2924235,0.0019,44.8915765
1974,5,20,42187,0.2893645,0.0019,44.8946355
1974,5,21,42188,0.2864374,0.0019,44.8975626
1974,5,22,42189,0.2836404,0.0019,44.9003596
1974,5,23,42190,0.2809174,0.0019,44.9030826
1974,5,24,42191,0.2782024,0.0019,44.9057976
1974,5,25,42192,0.2753953,0.0019,44.9086047
1974,5,26,42193,0.2724443,0.0019,44.9115557
1974,5,27,42194,0.2693293,0.0019,44.9146707
1974,5,28,42195,0.2660873,0.0019,44.9179127
1974,5,29,42196,0.2628032,0.0019,44.9211968
1974,5,30,42197,0.2595572,0.0019,44.9244428
1974,5,31,42198,0.2564382,0.0019,44.9275618
1974,6,1,42199,0.2535041,0.0019,44.9304959
1974,6,2,42200,0.2507921,0.0019,44.9332079
1974,6,3,42201,0.2482901,0.0019,44.9357099
1974,6,4,42202,0.2459831,0.0019,44.9380169
1974,6,5,42203,0.2438,0.0019,44.9402
1974,6,6,42204,0.241697,0.0019,44.942303
1974,6,7,42205,0.239618,0.0019,44.944382
1974,6,8,42206,0.2375059,0.0019,44.9464941
1974,6,9,42207,0.2353279,0.0019,44.9486721
1974,6,10,42208,0.2330809,0.0019,44.9509191
1974,6,11,42209,0.2307459,0.0019,44.9532541
1974,6,12,42210,0.2283538,0.0019,44.9556462
1974,6,13,42211,0.2259228,0.0019,44.9580772
1974,6,14,42212,0.2234948,0.0019,44.9605052
1974,6,15,42213,0.2211077,0.0019,44.9628923
1974,6,16,42214,0.2188057,0.0019,44.9651943
1974,6,17,42215,0.2166087,0.0019,44.9673913
1974,6,18,42216,0.2145437,0.0019,44.9694563
1974,6,19,42217,0.2125746,0.0019,44.9714254
1974,6,20,42218,0.2106296,0.0019,44.9733704
1974,6,21,42219,0.2086146,0.0019,44.9753854
1974,6,22,42220,0.2064465,0.0019,44.9775535
1974,6,23,42221,0.2040845,0.0019,44.9799155
1974,6,24,42222,0.2015525,0.0019,44.9824475
1974,6,25,42223,0.1989214,0.0019,44.9850786
1974,6,26,42224,0.1963144,0.0019,44.9876856
1974,6,27,42225,0.1938204,0.0019,44.9901796
1974,6,28,42226,0.1914954,0.0019,44.9925046
1974,6,29,42227,0.1893763,0.0019,44.9946237
1974,6,30,42228,0.1874433,0.0019,44.9965567
1974,7,1,42229,0.1856753,0.0019,44.9983247
1974,7,2,42230,0.1840222,0.0019,44.9999778
1974,7,3,42231,0.1824082,0.0019,45.0015918
1974,7,4,42232,0.1807812,0.0019,45.0032188
1974,7,5,42233,0.1790921,0.0019,45.0049079
1974,7,6,42234,0.1772941,0.0019,45.0067059
1974,7,7,42235,0.1753791,0.0019,45.0086209
1974,7,8,42236,0.173337,0.0019,45.010663
1974,7,9,42237,0.171205,0.0019,45.012795
1974,7,10,42238,0.168994,0.0019,45.015006
1974,7,11,42239,0.1667629,0.0019,45.0172371
1974,7,12,42240,0.1645529,0.0019,45.0194471
1974,7,13,42241,0.1624069,0.0019,45.0215931
1974,7,14,42242,0.1603698,0.0019,45.0236302
1974,7,15,42243,0.1584568,0.0019,45.0255432
1974,7,16,42244,0.1566548,0.0019,45.0273452
1974,7,17,42245,0.1549207,0.0019,45.0290793
1974,7,18,42246,0.1531587,0.0019,45.0308413
1974,7,19,42247,0.1512627,0.0019,45.0327373
1974,7,20,42248,0.1491866,0.0019,45.0348134
1974,7,21,42249,0.1469086,0.0019,45.0370914
1974,7,22,42250,0.1445006,0.0019,45.0394994
1974,7,23,42251,0.1420525,0.0019,45.0419475
1974,7,24,42252,0.1396895,0.0019,45.0443105
1974,7,25,42253,0.1374875,0.0019,45.0465125
1974,7,26,42254,0.1354914,0.0019,45.0485086
1974,7,27,42255,0.1336894,0.0019,45.0503106
1974,7,28,42256,0.1320374,0.0019,45.0519626
1974,7,29,42257,0.1304983,0.0019,45.0535017
1974,7,30,42258,0.1289843,0.0019,45.0550157
1974,7,31,42259,0.1274463,0.0019,45.0565537
1974,8,1,42260,0.1258212,0.0019,45.0581788
1974,8,2,42261,0.1240662,0.0019,45.0599338
1974,8,3,42262,0.1221691,0.0019,45.0618309
1974,8,4,42263,0.1201121,0.0019,45.0638879
1974,8,5,42264,0.1179211,0.0019,45.0660789
1974,8,6,42265,0.115606,0.0019,45.068394
1974,8,7,42266,0.113236,0.0019,45.070764
1974,8,8,42267,0.110832,0.0019,45.073168
1974,8,9,42268,0.1084499,0.0019,45.0755501
1974,8,10,42269,0.1061209,0.0019,45.0778791
1974,8,11,42270,0.1038849,0.0019,45.0801151
1974,8,12,42271,0.1017428,0.0019,45.0822572
1974,8,13,42272,0.0996378,0.0019,45.0843622
1974,8,14,42273,0.0975187,0.0019,45.0864813
1974,8,15,42274,0.0952837,0.0019,45.0887163
1974,8,16,42275,0.0928577,0.0019,45.0911423
1974,8,17,42276,0.0901956,0.0019,45.0938044
1974,8,18,42277,0.0873206,0.0019,45.0966794
1974,8,19,42278,0.0843186,0.0019,45.0996814
1974,8,20,42279,0.0813185,0.0019,45.1026815
1974,8,21,42280,0.0784555,0.0019,45.1055445
1974,8,22,42281,0.0757954,0.0019,45.1082046
1974,8,23,42282,0.0733834,0.0019,45.1106166
1974,8,24,42283,0.0711914,0.0019,45.1128086
1974,8,25,42284,0.0691553,0.0019,45.1148447
1974,8,26,42285,0.0672103,0.0019,45.1167897
1974,8,27,42286,0.0653002,0.0019,45.1186998
1974,8,28,42287,0.0633632,0.0019,45.1206368
1974,8,29,42288,0.0613692,0.0019,45.1226308
1974,8,30,42289,0.0592811,0.0019,45.1247189
1974,8,31,42290,0.0570851,0.0019,45.1269149
1974,9,1,42291,0.05478,0.0019,45.12922
1974,9,2,42292,0.05239,0.0019,45.13161
1974,9,3,42293,0.049954,0.0019,45.134046
1974,9,4,42294,0.0475079,0.0019,45.1364921
1974,9,5,42295,0.0451049,0.0019,45.1388951
1974,9,6,42296,0.0427638,0.0019,45.1412362
1974,9,7,42297,0.0404998,0.0019,45.1435002
1974,9,8,42298,0.0383178,0.0019,45.1456822
1974,9,9,42299,0.0361907,0.0019,45.1478093
1974,9,10,42300,0.0340367,0.0019,45.1499633
1974,9,11,42301,0.0317856,0.0019,45.1522144
1974,9,12,42302,0.0293446,0.0019,45.1546554
1974,9,13,42303,0.0266595,0.0019,45.1573405
1974,9,14,42304,0.0237165,0.0019,45.1602835
1974,9,15,42305,0.0205535,0.0019,45.1634465
1974,9,16,42306,0.0172814,0.0019,45.1667186
1974,9,17,42307,0.0140394,0.0019,45.1699606
1974,9,18,42308,0.0109303,0.0019,45.1730697
1974,9,19,42309,0.0080373,0.0019,45.1759627
1974,9,20,42310,0.0053663,0.0019,45.1786337
1974,9,21,42311,0.0028842,0.0019,45.1811158
1974,9,22,42312,0.0005042,0.0019,45.1834958
1974,9,23,42313,-0.0018249,0.0019,45.1858249
1974,9,24,42314,-0.0041619,0.0019,45.1881619
1974,9,25,42315,-0.006556,0.0019,45.190556
1974,9,26,42316,-0.009043,0.0019,45.193043
1974,9,27,42317,-0.011652,0.0019,45.195652
1974,9,28,42318,-0.0143611,0.0019,45.1983611
1974,9,29,42319,-0.0171851,0.0019,45.2011851
1974,9,30,42320,-0.0200792,0.0019,45.2040792
1974,10,1,42321,-0.0230102,0.0019,45.2070102
1974,10,2,42322,-0.0259203,0.0019,45.2099203
1974,10,3,42323,-0.0287783,0.0019,45.2127783
1974,10,4,42324,-0.0315524,0.0019,45.2155524
1974,10,5,42325,-0.0342454,0.0019,45.2182454
1974,10,6,42326,-0.0368794,0.0019,45.2208794
1974,10,7,42327,-0.0395055,0.0019,45.2235055
1974,10,8,42328,-0.0421955,0.0019,45.2261955
1974,10,9,42329,-0.0450186,0.0019,45.2290186
1974,10,10,42330,-0.0480596,0.0019,45.2320596
1974,10,11,42331,-0.0513377,0.0019,45.2353377
1974,10,12,42332,-0.0548127,0.0019,45.2388127
1974,10,13,42333,-0.0584388,0.0019,45.2424388
1974,10,14,42334,-0.0620988,0.0019,45.2460988
1974,10,15,42335,-0.0656749,0.0019,45.2496749
1974,10,16,42336,-0.0690799,0.0019,45.2530799
1974,10,17,42337,-0.072276,0.0019,45.256276
1974,10,18,42338,-0.07526,0.0019,45.25926
1974,10,19,42339,-0.078084,0.0019,45.262084
1974,10,20,42340,-0.0808081,0.0019,45.2648081
1974,10,21,42341,-0.0835001,0.0019,45.2675001
1974,10,22,42342,-0.0862032,0.0019,45.2702032
1974,10,23,42343,-0.0889742,0.0019,45.2729742
1974,10,24,42344,-0.0918073,0.0019,45.2758073
1974,10,25,42345,-0.0947193,0.0019,45.2787193
1974,10,26,42346,-0.0977084,0.0019,45.2817084
1974,10,27,42347,-0.1007384,0.0019,45.2847384
1974,10,28,42348,-0.1038015,0.0019,45.2878015
1974,10,29,42349,-0.1068355,0.0019,45.2908355
1974,10,30,42350,-0.1098146,0.0019,45.2938146
1974,10,31,42351,-0.1127036,0.0019,45.2967036
1974,11,1,42352,-0.1154847,0.0019,45.2994847
1974,11,2,42353,-0.1181767,0.0019,45.3021767
1974,11,3,42354,-0.1208208,0.0019,45.3048208
1974,11,4,42355,-0.1235068,0.0019,45.3075068
1974,11,5,42356,-0.1263019,0.0019,45.3103019
1974,11,6,42357,-0.1292669,0.0019,45.3132669
1974,11,7,42358,-0.132436,0.0019,45.316436
1974,11,8,42359,-0.135796,0.0019,45.319796
1974,11,9,42360,-0.1392951,0.0019,45.3232951
1974,11,10,42361,-0.1428491,0.0019,45.3268491
1974,11,11,42362,-0.1463692,0.0019,45.3303692
1974,11,12,42363,-0.1497512,0.0019,45.3337512
1974,11,13,42364,-0.1529563,0.0019,45.3369563
1974,11,14,42365,-0.1559773,0.0019,45.3399773
1974,11,15,42366,-0.1588394,0.0019,45.3428394
1974,11,16,42367,-0.1616104,0.0019,45.3456104
1974,11,17,42368,-0.1643505,0.0019,45.3483505
1974,11,18,42369,-0.1671155,0.0019,45.3511155
1974,11,19,42370,-0.1699486,0.0019,45.3539486
1974,11,20,42371,-0.1728766,0.0019,45.3568766
1974,11,21,42372,-0.1758967,0.0019,45.3598967
1974,11,22,42373,-0.1790237,0.0019,45.3630237
1974,11,23,42374,-0.1822158,0.0019,45.3662158
1974,11,24,42375,-0.1854418,0.0019,45.3694418
1974,11,25,42376,-0.1886739,0.0019,45.3726739
1974,11,26,42377,-0.1918609,0.0019,45.3758609
1974,11,27,42378,-0.194957,0.0019,45.378957
1974,11,28,42379,-0.197949,0.0019,45.381949
1974,11,29,42380,-0.2008341,0.0019,45.3848341
1974,11,30,42381,-0.2036301,0.0019,45.3876301
1974,12,1,42382,-0.2063892,0.0019,45.3903892
1974,12,2,42383,-0.2092102,0.0019,45.3932102
1974,12,3,42384,-0.2121423,0.0019,45.3961423
1974,12,4,42385,-0.2152243,0.0019,45.3992243
1974,12,5,42386,-0.2184684,0.0019,45.4024684
1974,12,6,42387,-0.2217974,0.0019,45.4057974
1974,12,7,42388,-0.2251495,0.0019,45.4091495
1974,12,8,42389,-0.2284266,0.0019,45.4124266
1974,12,9,42390,-0.2315746,0.0019,45.4155746
1974,12,10,42391,-0.2345297,0.0019,45.4185297
1974,12,11,42392,-0.2373027,0.0019,45.4213027
1974,12,12,42393,-0.2399048,0.0019,45.4239048
1974,12,13,42394,-0.2423758,0.0019,45.4263758
1974,12,14,42395,-0.2447979,0.0019,45.4287979
1974,12,15,42396,-0.2472219,0.0019,45.4312219
1974,12,16,42397,-0.249696,0.0019,45.433696
1974,12,17,42398,-0.252241,0.0019,45.436241
1974,12,18,42399,-0.2548761,0.0019,45.4388761
1974,12,19,42400,-0.2575871,0.0019,45.4415871
1974,12,20,42401,-0.2603752,0.0019,45.4443752
1974,12,21,42402,-0.2631833,0.0019,45.4471833
1974,12,22,42403,-0.2660033,0.0019,45.4500033
1974,12,23,42404,-0.2687794,0.0019,45.4527794
1974,12,24,42405,-0.2714904,0.0019,45.4554904
1974,12,25,42406,-0.2740985,0.0019,45.4580985
1974,12,26,42407,-0.2766195,0.0019,45.4606195
1974,12,27,42408,-0.2790476,0.0019,45.4630476
1974,12,28,42409,-0.2814426,0.0019,45.4654426
1974,12,29,42410,-0.2838697,0.0019,45.4678697
1974,12,30,42411,-0.2864298,0.0019,45.4704298
1974,12,31,42412,-0.2891688,0.0019,45.4731688
1975,1,1,42413,0.7078931,0.0019,45.4761069
1975,1,2,42414,0.7048071,0.0019,45.4791929
1975,1,3,42415,0.701657,0.0019,45.482343
1975,1,4,42416,0.69857,0.0019,45.48543
1975,1,5,42417,0.6956009,0.0019,45.4883991
1975,1,6,42418,0.6928118,0.0019,45.4911882
1975,1,7,42419,0.6902078,0.0019,45.4937922
1975,1,8,42420,0.6877557,0.0019,45.4962443
1975,1,9,42421,0.6854077,0.0019,45.4985923
1975,1,10,42422,0.6831036,0.0019,45.5008964
1975,1,11,42423,0.6807936,0.0019,45.5032064
1975,1,12,42424,0.6784155,0.0019,45.5055845
1975,1,13,42425,0.6759234,0.0019,45.5080766
1975,1,14,42426,0.6733104,0.0019,45.5106896
1975,1,15,42427,0.6705873,0.0019,45.5134127
1975,1,16,42428,0.6677733,0.0019,45.5162267
1975,1,17,42429,0.6648852,0.0019,45.5191148
1975,1,18,42430,0.6619791,0.0019,45.5220209
1975,1,19,42431,0.6590711,0.0019,45.5249289
1975,1,20,42432,0.656214,0.0019,45.527786
1975,1,21,42433,0.653422,0.0019,45.530578
1975,1,22,42434,0.6507059,0.0019,45.5332941
1975,1,23,42435,0.6480649,0.0019,45.5359351
1975,1,24,42436,0.6454728,0.0019,45.5385272
1975,1,25,42437,0.6428557,0.0019,45.5411443
1975,1,26,42438,0.6401287,0.0019,45.5438713
1975,1,27,42439,0.6372266,0.0019,45.5467734
1975,1,28,42440,0.6341176,0.0019,45.5498824
1975,1,29,42441,0.6308075,0.0019,45.5531925
1975,1,30,42442,0.6273794,0.0019,45.5566206
1975,1,31,42443,0.6239354,0.0019,45.5600646
1975,2,1,42444,0.6206013,0.0019,45.5633987
1975,2,2,42445,0.6174183,0.0019,45.5665817
1975,2,3,42446,0.6144482,0.0019,45.5695518
1975,2,4,42447,0.6116611,0.0019,45.5723389
1975,2,5,42448,0.6089931,0.0019,45.5750069
1975,2,6,42449,0.606393,0.0019,45.577607
1975,2,7,42450,0.6037769,0.0019,45.5802231
1975,2,8,42451,0.6011129,0.0019,45.5828871
1975,2,9,42452,0.5983668,0.0019,45.5856332
1975,2,10,42453,0.5955048,0.0019,45.5884952
1975,2,11,42454,0.5925307,0.0019,45.5914693
1975,2,12,42455,0.5894696,0.0019,45.5945304
1975,2,13,42456,0.5863366,0.0019,45.5976634
1975,2,14,42457,0.5831875,0.0019,45.6008125
1975,2,15,42458,0.5800485,0.0019,45.6039515
1975,2,16,42459,0.5769774,0.0019,45.6070226
1975,2,17,42460,0.5739993,0.0019,45.6100007
1975,2,18,42461,0.5711293,0.0019,45.6128707
1975,2,19,42462,0.5683632,0.0019,45.6156368
1975,2,20,42463,0.5656821,0.0019,45.6183179
1975,2,21,42464,0.5630341,0.0019,45.6209659
1975,2,22,42465,0.560355,0.0019,45.623645
1975,2,23,42466,0.5575489,0.0019,45.6264511
1975,2,24,42467,0.5545629,0.0019,45.6294371
1975,2,25,42468,0.5513728,0.0019,45.6326272
1975,2,26,42469,0.5480238,0.0019,45.6359762
1975,2,27,42470,0.5446127,0.0019,45.6393873
1975,2,28,42471,0.5412646,0.0019,45.6427354
1975,3,1,42472,0.5381126,0.0019,45.6458874
1975,3,2,42473,0.5351785,0.0019,45.6488215
1975,3,3,42474,0.5324964,0.0019,45.6515036
1975,3,4,42475,0.5299814,0.0019,45.6540186
1975,3,5,42476,0.5275853,0.0019,45.6564147
1975,3,6,42477,0.5252212,0.0019,45.6587788
1975,3,7,42478,0.5228372,0.0019,45.6611628
1975,3,8,42479,0.5203731,0.0019,45.6636269
1975,3,9,42480,0.517805,0.0019,45.666195
1975,3,10,42481,0.515112,0.0019,45.668888
1975,3,11,42482,0.5122879,0.0019,45.6717121
1975,3,12,42483,0.5093759,0.0019,45.6746241
1975,3,13,42484,0.5063748,0.0019,45.6776252
1975,3,14,42485,0.5033357,0.0019,45.6806643
1975,3,15,42486,0.5003037,0.0019,45.6836963
1975,3,16,42487,0.4973026,0.0019,45.6866974
1975,3,17,42488,0.4943575,0.0019,45.6896425
1975,3,18,42489,0.4914845,0.0019,45.6925155
1975,3,19,42490,0.4886424,0.0019,45.6953576
1975,3,20,42491,0.4858193,0.0019,45.6981807
1975,3,21,42492,0.4829383,0.0019,45.7010617
1975,3,22,42493,0.4799352,0.0019,45.7040648
1975,3,23,42494,0.4767401,0.0019,45.7072599
1975,3,24,42495,0.4733281,0.0019,45.7106719
1975,3,25,42496,0.46971,0.0019,45.71429
1975,3,26,42497,0.4659439,0.0019,45.7180561
1975,3,27,42498,0.4621619,0.0019,45.7218381
1975,3,28,42499,0.4584918,0.0019,45.7255082
1975,3,29,42500,0.4550297,0.0019,45.7289703
1975,3,30,42501,0.4518277,0.0019,45.7321723
1975,3,31,42502,0.4488576,0.0019,45.7351424
1975,4,1,42503,0.4460695,0.0019,45.7379305
1975,4,2,42504,0.4433814,0.0019,45.7406186
1975,4,3,42505,0.4407284,0.0019,45.7432716
1975,4,4,42506,0.4380493,0.0019,45.7459507
1975,4,5,42507,0.4353232,0.0019,45.7486768
1975,4,6,42508,0.4325122,0.0019,45.7514878
1975,4,7,42509,0.4296341,0.0019,45.7543659
1975,4,8,42510,0.426703,0.0019,45.757297
1975,4,9,42511,0.423727,0.0019,45.760273
1975,4,10,42512,0.4207509,0.0019,45.7632491
1975,4,11,42513,0.4177818,0.0019,45.7662182
1975,4,12,42514,0.4148638,0.0019,45.7691362
1975,4,13,42515,0.4119867,0.0019,45.7720133
1975,4,14,42516,0.4091936,0.0019,45.7748064
1975,4,15,42517,0.4064586,0.0019,45.7775414
1975,4,16,42518,0.4037495,0.0019,45.7802505
1975,4,17,42519,0.4010094,0.0019,45.7829906
1975,4,18,42520,0.3981803,0.0019,45.7858197
1975,4,19,42521,0.3951873,0.0019,45.7888127
1975,4,20,42522,0.3919832,0.0019,45.7920168
1975,4,21,42523,0.3885781,0.0019,45.7954219
1975,4,22,42524,0.3849781,0.0019,45.7990219
1975,4,23,42525,0.381292,0.0019,45.802708
1975,4,24,42526,0.3776269,0.0019,45.8063731
1975,4,25,42527,0.3740778,0.0019,45.8099222
1975,4,26,42528,0.3707218,0.0019,45.8132782
1975,4,27,42529,0.3675657,0.0019,45.8164343
1975,4,28,42530,0.3645926,0.0019,45.8194074
1975,4,29,42531,0.3617346,0.0019,45.8222654
1975,4,30,42532,0.3589235,0.0019,45.8250765
1975,5,1,42533,0.3561094,0.0019,45.8278906
1975,5,2,42534,0.3532573,0.0019,45.8307427
1975,5,3,42535,0.3503573,0.0019,45.8336427
1975,5,4,42536,0.3473952,0.0019,45.8366048
1975,5,5,42537,0.3444001,0.0019,45.8395999
1975,5,6,42538,0.3413951,0.0019,45.8426049
1975,5,7,42539,0.338392,0.0019,45.845608
1975,5,8,42540,0.3354359,0.0019,45.8485641
1975,5,9,42541,0.3325488,0.0019,45.8514512
1975,5,10,42542,0.3297578,0.0019,45.8542422
1975,5,11,42543,0.3270837,0.0019,45.8569163
1975,5,12,42544,0.3245006,0.0019,45.8594994
1975,5,13,42545,0.3219935,0.0019,45.8620065
1975,5,14,42546,0.3195105,0.0019,45.8644895
1975,5,15,42547,0.3169784,0.0019,45.8670216
1975,5,16,42548,0.3143443,0.0019,45.8696557
1975,5,17,42549,0.3115423,0.0019,45.8724577
1975,5,18,42550,0.3085812,0.0019,45.8754188
1975,5,19,42551,0.3054681,0.0019,45.8785319
1975,5,20,42552,0.302264,0.0019,45.881736
1975,5,21,42553,0.299076,0.0019,45.884924
1975,5,22,42554,0.2959809,0.0019,45.8880191
1975,5,23,42555,0.2930398,0.0019,45.8909602
1975,5,24,42556,0.2902967,0.0019,45.8937033
1975,5,25,42557,0.2877467,0.0019,45.8962533
1975,5,26,42558,0.2853216,0.0019,45.8986784
1975,5,27,42559,0.2829715,0.0019,45.9010285
1975,5,28,42560,0.2806234,0.0019,45.9033766
1975,5,29,42561,0.2782514,0.0019,45.9057486
1975,5,30,42562,0.2758113,0.0019,45.9081887
1975,5,31,42563,0.2733182,0.0019,45.9106818
1975,6,1,42564,0.2707721,0.0019,45.9132279
1975,6,2,42565,0.2682001,0.0019,45.9157999
1975,6,3,42566,0.265613,0.0019,45.918387
1975,6,4,42567,0.2630649,0.0019,45.9209351
1975,6,5,42568,0.2605778,0.0019,45.9234222
1975,6,6,42569,0.2581698,0.0019,45.9258302
1975,6,7,42570,0.2558617,0.0019,45.9281383
1975,6,8,42571,0.2536456,0.0019,45.9303544
1975,6,9,42572,0.2515005,0.0019,45.9324995
1975,6,10,42573,0.2493825,0.0019,45.9346175
1975,6,11,42574,0.2472284,0.0019,45.9367716
1975,6,12,42575,0.2449613,0.0019,45.9390387
1975,6,13,42576,0.2425302,0.0019,45.9414698
1975,6,14,42577,0.2399191,0.0019,45.9440809
1975,6,15,42578,0.2371561,0.0019,45.9468439
1975,6,16,42579,0.234315,0.0019,45.949685
1975,6,17,42580,0.2314619,0.0019,45.9525381
1975,6,18,42581,0.2286868,0.0019,45.9553132
1975,6,19,42582,0.2260758,0.0019,45.9579242
1975,6,20,42583,0.2236377,0.0019,45.9603623
1975,6,21,42584,0.2213806,0.0019,45.9626194
1975,6,22,42585,0.2192645,0.0019,45.9647355
1975,6,23,42586,0.2172524,0.0019,45.9667476
1975,6,24,42587,0.2152684,0.0019,45.9687316
1975,6,25,42588,0.2132683,0.0019,45.9707317
1975,6,26,42589,0.2112302,0.0019,45.9727698
1975,6,27,42590,0.2091351,0.0019,45.9748649
1975,6,28,42591,0.2069981,0.0019,45.9770019
1975,6,29,42592,0.204841,0.0019,45.979159
1975,6,30,42593,0.2026909,0.0019,45.9813091
1975,7,1,42594,0.2005818,0.0019,45.9834182
1975,7,2,42595,0.1985457,0.0019,45.9854543
1975,7,3,42596,0.1965907,0.0019,45.9874093
1975,7,4,42597,0.1947436,0.0019,45.9892564
1975,7,5,42598,0.1930075,0.0019,45.9909925
1975,7,6,42599,0.1913674,0.0019,45.9926326
1975,7,7,42600,0.1897663,0.0019,45.9942337
1975,7,8,42601,0.1881473,0.0019,45.9958527
1975,7,9,42602,0.1864592,0.0019,45.9975408
1975,7,10,42603,0.1846181,0.0019,45.9993819
1975,7,11,42604,0.18259,0.0019,46.00141
1975,7,12,42605,0.1804119,0.0019,46.0035881
1975,7,13,42606,0.1781169,0.0019,46.0058831
1975,7,14,42607,0.1758128,0.0019,46.0081872
1975,7,15,42608,0.1736007,0.0019,46.0103993
1975,7,16,42609,0.1715406,0.0019,46.0124594
1975,7,17,42610,0.1696785,0.0019,46.0143215
1975,7,18,42611,0.1679885,0.0019,46.0160115
1975,7,19,42612,0.1664314,0.0019,46.0175686
1975,7,20,42613,0.1649633,0.0019,46.0190367
1975,7,21,42614,0.1635202,0.0019,46.0204798
1975,7,22,42615,0.1620271,0.0019,46.0219729
1975,7,23,42616,0.1604541,0.0019,46.0235459
1975,7,24,42617,0.15877,0.0019,46.02523
1975,7,25,42618,0.1569889,0.0019,46.0270111
1975,7,26,42619,0.1551188,0.0019,46.0288812
1975,7,27,42620,0.1531867,0.0019,46.0308133
1975,7,28,42621,0.1512366,0.0019,46.0327634
1975,7,29,42622,0.1492846,0.0019,46.0347154
1975,7,30,42623,0.1473745,0.0019,46.0366255
1975,7,31,42624,0.1455114,0.0019,46.0384886
1975,8,1,42625,0.1437173,0.0019,46.0402827
1975,8,2,42626,0.1419662,0.0019,46.0420338
1975,8,3,42627,0.1402571,0.0019,46.0437429
1975,8,4,42628,0.1385121,0.0019,46.0454879
1975,8,5,42629,0.136681,0.0019,46.047319
1975,8,6,42630,0.1347139,0.0019,46.0492861
1975,8,7,42631,0.1325248,0.0019,46.0514752
1975,8,8,42632,0.1300997,0.0019,46.0539003
1975,8,9,42633,0.1274856,0.0019,46.0565144
1975,8,10,42634,0.1247766,0.0019,46.0592234
1975,8,11,42635,0.1220715,0.0019,46.0619285
1975,8,12,42636,0.1194934,0.0019,46.0645066
1975,8,13,42637,0.1170993,0.0019,46.0669007
1975,8,14,42638,0.1148952,0.0019,46.0691048
1975,8,15,42639,0.1128431,0.0019,46.0711569
1975,8,16,42640,0.1108741,0.0019,46.0731259
1975,8,17,42641,0.108931,0.0019,46.075069
1975,8,18,42642,0.1069669,0.0019,46.0770331
1975,8,19,42643,0.1049258,0.0019,46.0790742
1975,8,20,42644,0.1028127,0.0019,46.0811873
1975,8,21,42645,0.1006016,0.0019,46.0833984
1975,8,22,42646,0.0983136,0.0019,46.0856864
1975,8,23,42647,0.0959745,0.0019,46.0880255
1975,8,24,42648,0.0936194,0.0019,46.0903806
1975,8,25,42649,0.0912833,0.0019,46.0927167
1975,8,26,42650,0.0890042,0.0019,46.0949958
1975,8,27,42651,0.0867981,0.0019,46.0972019
1975,8,28,42652,0.084694,0.0019,46.099306
1975,8,29,42653,0.082666,0.0019,46.101334
1975,8,30,42654,0.0807039,0.0019,46.1032961
1975,8,31,42655,0.0787648,0.0019,46.1052352
1975,9,1,42656,0.0767817,0.0019,46.1072183
1975,9,2,42657,0.0746836,0.0019,46.1093164
1975,9,3,42658,0.0723925,0.0019,46.1116075
1975,9,4,42659,0.0698794,0.0019,46.1141206
1975,9,5,42660,0.0671334,0.0019,46.1168666
1975,9,6,42661,0.0642403,0.0019,46.1197597
1975,9,7,42662,0.0612952,0.0019,46.1227048
1975,9,8,42663,0.0584231,0.0019,46.1255769
1975,9,9,42664,0.055728,0.0019,46.128272
1975,9,10,42665,0.0532199,0.0019,46.1307801
1975,9,11,42666,0.0509078,0.0019,46.1330922
1975,9,12,42667,0.0487137,0.0019,46.1352863
1975,9,13,42668,0.0465757,0.0019,46.1374243
1975,9,14,42669,0.0444286,0.0019,46.1395714
1975,9,15,42670,0.0422135,0.0019,46.1417865
1975,9,16,42671,0.0399194,0.0019,46.1440806
1975,9,17,42672,0.0375143,0.0019,46.1464857
1975,9,18,42673,0.0350022,0.0019,46.1489978
1975,9,19,42674,0.0324131,0.0019,46.1515869
1975,9,20,42675,0.029778,0.0019,46.154222
1975,9,21,42676,0.027124,0.0019,46.156876
1975,9,22,42677,0.0244809,0.0019,46.1595191
1975,9,23,42678,0.0218748,0.0019,46.1621252
1975,9,24,42679,0.0193207,0.0019,46.1646793
1975,9,25,42680,0.0168176,0.0019,46.1671824
1975,9,26,42681,0.0143605,0.0019,46.1696395
1975,9,27,42682,0.0118964,0.0019,46.1721036
1975,9,28,42683,0.0093943,0.0019,46.1746057
1975,9,29,42684,0.0067912,0.0019,46.1772088
1975,9,30,42685,0.0040132,0.0019,46.1799868
1975,10,1,42686,0.0010151,0.0019,46.1829849
1975,10,2,42687,-0.00222,0.0019,46.18622
1975,10,3,42688,-0.0056741,0.0019,46.1896741
1975,10,4,42689,-0.0092432,0.0019,46.1932432
1975,10,5,42690,-0.0128333,0.0019,46.1968333
1975,10,6,42691,-0.0163184,0.0019,46.2003184
1975,10,7,42692,-0.0196205,0.0019,46.2036205
1975,10,8,42693,-0.0227256,0.0019,46.2067256
1975,10,9,42694,-0.0256597,0.0019,46.2096597
1975,10,10,42695,-0.0284947,0.0019,46.2124947
1975,10,11,42696,-0.0313018,0.0019,46.2153018
1975,10,12,42697,-0.0341399,0.0019,46.2181399
1975,10,13,42698,-0.037043,0.0019,46.221043
1975,10,14,42699,-0.0400161,0.0019,46.2240161
1975,10,15,42700,-0.0430692,0.0019,46.2270692
1975,10,16,42701,-0.0461693,0.0019,46.2301693
1975,10,17,42702,-0.0493124,0.0019,46.2333124
1975,10,18,42703,-0.0524555,0.0019,46.2364555
1975,10,19,42704,-0.0555536,0.0019,46.2395536
1975,10,20,42705,-0.0585897,0.0019,46.2425897
1975,10,21,42706,-0.0615377,0.0019,46.2455377
1975,10,22,42707,-0.0644038,0.0019,46.2484038
1975,10,23,42708,-0.0671859,0.0019,46.2511859
1975,10,24,42709,-0.069924,0.0019,46.253924
1975,10,25,42710,-0.0726581,0.0019,46.2566581
1975,10,26,42711,-0.0754362,0.0019,46.2594362
1975,10,27,42712,-0.0783273,0.0019,46.2623273
1975,10,28,42713,-0.0813904,0.0019,46.2653904
1975,10,29,42714,-0.0846465,0.0019,46.2686465
1975,10,30,42715,-0.0880886,0.0019,46.2720886
1975,10,31,42716,-0.0916877,0.0019,46.2756877
1975,11,1,42717,-0.0953478,0.0019,46.2793478
1975,11,2,42718,-0.0989519,0.0019,46.2829519
1975,11,3,42719,-0.1024339,0.0019,46.2864339
1975,11,4,42720,-0.105722,0.0019,46.289722
1975,11,5,42721,-0.1088331,0.0019,46.2928331
1975,11,6,42722,-0.1118182,0.0019,46.2958182
1975,11,7,42723,-0.1147503,0.0019,46.2987503
1975,11,8,42724,-0.1176754,0.0019,46.3016754
1975,11,9,42725,-0.1206575,0.0019,46.3046575
1975,11,10,42726,-0.1237036,0.0019,46.3077036
1975,11,11,42727,-0.1268167,0.0019,46.3108167
1975,11,12,42728,-0.1299738,0.0019,46.3139738
1975,11,13,42729,-0.1331649,0.0019,46.3171649
1975,11,14,42730,-0.136361,0.0019,46.320361
1975,11,15,42731,-0.1395121,0.0019,46.3235121
1975,11,16,42732,-0.1426072,0.0019,46.3266072
1975,11,17,42733,-0.1456283,0.0019,46.3296283
1975,11,18,42734,-0.1485484,0.0019,46.3325484
1975,11,19,42735,-0.1513734,0.0019,46.3353734
1975,11,20,42736,-0.1541465,0.0019,46.3381465
1975,11,21,42737,-0.1568826,0.0019,46.3408826
1975,11,22,42738,-0.1596367,0.0019,46.3436367
1975,11,23,42739,-0.1624708,0.0019,46.3464708
1975,11,24,42740,-0.1654259,0.0019,46.3494259
1975,11,25,42741,-0.168539,0.0019,46.352539
1975,11,26,42742,-0.1718071,0.0019,46.3558071
1975,11,27,42743,-0.1751752,0.0019,46.3591752
1975,11,28,42744,-0.1786063,0.0019,46.3626063
1975,11,29,42745,-0.1819994,0.0019,46.3659994
1975,11,30,42746,-0.1852935,0.0019,46.3692935
1975,12,1,42747,-0.1884006,0.0019,46.3724006
1975,12,2,42748,-0.1913287,0.0019,46.3753287
1975,12,3,42749,-0.1940948,0.0019,46.3780948
1975,12,4,42750,-0.1967589,0.0019,46.3807589
1975,12,5,42751,-0.1994,0.0019,46.3834
1975,12,6,42752,-0.2020501,0.0019,46.3860501
1975,12,7,42753,-0.2047592,0.0019,46.3887592
1975,12,8,42754,-0.2075083,0.0019,46.3915083
1975,12,9,42755,-0.2103064,0.0019,46.3943064
1975,12,10,42756,-0.2131205,0.0019,46.3971205
1975,12,11,42757,-0.2159436,0.0019,46.3999436
1975,12,12,42758,-0.2187556,0.0019,46.4027556
1975,12,13,42759,-0.2215097,0.0019,46.4055097
1975,12,14,42760,-0.2242138,0.0019,46.4082138
1975,12,15,42761,-0.2268559,0.0019,46.4108559
1975,12,16,42762,-0.229423,0.0019,46.413423
1975,12,17,42763,-0.2319521,0.0019,46.4159521
1975,12,18,42764,-0.2344782,0.0019,46.4184782
1975,12,19,42765,-0.2370283,0.0019,46.4210283
1975,12,20,42766,-0.2396594,0.0019,46.4236594
1975,12,21,42767,-0.2424235,0.0019,46.4264235
1975,12,22,42768,-0.2453416,0.0019,46.4293416
1975,12,23,42769,-0.2484117,0.0019,46.4324117
1975,12,24,42770,-0.2515988,0.0019,46.4355988
1975,12,25,42771,-0.2548229,0.0019,46.4388229
1975,12,26,42772,-0.258017,0.0019,46.442017
1975,12,27,42773,-0.2611001,0.0019,46.4451001
1975,12,28,42774,-0.2640112,0.0019,46.4480112
1975,12,29,42775,-0.2667423,0.0019,46.4507423
1975,12,30,42776,-0.2693124,0.0019,46.4533124
1975,12,31,42777,-0.2717695,0.0019,46.4557695
1976,1,1,42778,0.7258224,0.0019,46.4581776
1976,1,2,42779,0.7233963,0.0019,46.4606037
1976,1,3,42780,0.7209292,0.0019,46.4630708
1976,1,4,42781,0.7183831,0.0019,46.4656169
1976,1,5,42782,0.715774,0.0019,46.468226
1976,1,6,42783,0.7131179,0.0019,46.4708821
1976,1,7,42784,0.7104348,0.0019,46.4735652
1976,1,8,42785,0.7077667,0.0019,46.4762333
1976,1,9,42786,0.7051216,0.0019,46.4788784
1976,1,10,42787,0.7025425,0.0019,46.4814575
1976,1,11,42788,0.7000254,0.0019,46.4839746
1976,1,12,42789,0.6975683,0.0019,46.4864317
1976,1,13,42790,0.6951652,0.0019,46.4888348
1976,1,14,42791,0.6927751,0.0019,46.4912249
1976,1,15,42792,0.690335,0.0019,46.493665
1976,1,16,42793,0.6877959,0.0019,46.4962041
1976,1,17,42794,0.6850998,0.0019,46.4989002
1976,1,18,42795,0.6822017,0.0019,46.5017983
1976,1,19,42796,0.6790806,0.0019,46.5049194
1976,1,20,42797,0.6757775,0.0019,46.5082225
1976,1,21,42798,0.6723654,0.0019,46.5116346
1976,1,22,42799,0.6689343,0.0019,46.5150657
1976,1,23,42800,0.6655612,0.0019,46.5184388
1976,1,24,42801,0.6623221,0.0019,46.5216779
1976,1,25,42802,0.659236,0.0019,46.524764
1976,1,26,42803,0.6562849,0.0019,46.5277151
1976,1,27,42804,0.6534228,0.0019,46.5305772
1976,1,28,42805,0.6506107,0.0019,46.5333893
1976,1,29,42806,0.6477876,0.0019,46.5362124
1976,1,30,42807,0.6449255,0.0019,46.5390745
1976,1,31,42808,0.6419804,0.0019,46.5420196
1976,2,1,42809,0.6389723,0.0019,46.5450277
1976,2,2,42810,0.6359212,0.0019,46.5480788
1976,2,3,42811,0.6328471,0.0019,46.5511529
1976,2,4,42812,0.629796,0.0019,46.554204
1976,2,5,42813,0.6267819,0.0019,46.5572181
1976,2,6,42814,0.6238478,0.0019,46.5601522
1976,2,7,42815,0.6210037,0.0019,46.5629963
1976,2,8,42816,0.6182526,0.0019,46.5657474
1976,2,9,42817,0.6155855,0.0019,46.5684145
1976,2,10,42818,0.6129773,0.0019,46.5710227
1976,2,11,42819,0.6103852,0.0019,46.5736148
1976,2,12,42820,0.6077681,0.0019,46.5762319
1976,2,13,42821,0.60504,0.0019,46.57896
1976,2,14,42822,0.6021659,0.0019,46.5818341
1976,2,15,42823,0.5991008,0.0019,46.5848992
1976,2,16,42824,0.5958627,0.0019,46.5881373
1976,2,17,42825,0.5925106,0.0019,46.5914894
1976,2,18,42826,0.5891295,0.0019,46.5948705
1976,2,19,42827,0.5858384,0.0019,46.5981616
1976,2,20,42828,0.5827123,0.0019,46.6012877
1976,2,21,42829,0.5797892,0.0019,46.6042108
1976,2,22,42830,0.5770501,0.0019,46.6069499
1976,2,23,42831,0.574439,0.0019,46.609561
1976,2,24,42832,0.5718939,0.0019,46.6121061
1976,2,25,42833,0.5693428,0.0019,46.6146572
1976,2,26,42834,0.5667447,0.0019,46.6172553
1976,2,27,42835,0.5640576,0.0019,46.6199424
1976,2,28,42836,0.5612685,0.0019,46.6227315
1976,2,29,42837,0.5583884,0.0019,46.6256116
1976,3,1,42838,0.5554223,0.0019,46.6285777
1976,3,2,42839,0.5524262,0.0019,46.6315738
1976,3,3,42840,0.5494011,0.0019,46.6345989
1976,3,4,42841,0.546402,0.0019,46.637598
1976,3,5,42842,0.5434559,0.0019,46.6405441
1976,3,6,42843,0.5405537,0.0019,46.6434463
1976,3,7,42844,0.5377126,0.0019,46.6462874
1976,3,8,42845,0.5349025,0.0019,46.6490975
1976,3,9,42846,0.5320894,0.0019,46.6519106
1976,3,10,42847,0.5292463,0.0019,46.6547537
1976,3,11,42848,0.5263042,0.0019,46.6576958
1976,3,12,42849,0.5232021,0.0019,46.6607979
1976,3,13,42850,0.5199,0.0019,46.6641
1976,3,14,42851,0.5163739,0.0019,46.6676261
1976,3,15,42852,0.5126528,0.0019,46.6713472
1976,3,16,42853,0.5088207,0.0019,46.6751793
1976,3,17,42854,0.5049686,0.0019,46.6790314
1976,3,18,42855,0.5012245,0.0019,46.6827755
1976,3,19,42856,0.4976554,0.0019,46.6863446
1976,3,20,42857,0.4942783,0.0019,46.6897217
1976,3,21,42858,0.4910722,0.0019,46.6929278
1976,3,22,42859,0.487955,0.0019,46.696045
1976,3,23,42860,0.4848779,0.0019,46.6991221
1976,3,24,42861,0.4817668,0.0019,46.7022332
1976,3,25,42862,0.4785847,0.0019,46.7054153
1976,3,26,42863,0.4753376,0.0019,46.7086624
1976,3,27,42864,0.4719945,0.0019,46.7120055
1976,3,28,42865,0.4685924,0.0019,46.7154076
1976,3,29,42866,0.4651513,0.0019,46.7188487
1976,3,30,42867,0.4617122,0.0019,46.7222878
1976,3,31,42868,0.4583081,0.0019,46.7256919
1976,4,1,42869,0.454962,0.0019,46.729038
1976,4,2,42870,0.4516779,0.0019,46.7323221
1976,4,3,42871,0.4484658,0.0019,46.7355342
1976,4,4,42872,0.4453107,0.0019,46.7386893
1976,4,5,42873,0.4422085,0.0019,46.7417915
1976,4,6,42874,0.4390984,0.0019,46.7449016
1976,4,7,42875,0.4359603,0.0019,46.7480397
1976,4,8,42876,0.4327152,0.0019,46.7512848
1976,4,9,42877,0.4293221,0.0019,46.7546779
1976,4,10,42878,0.425734,0.0019,46.758266
1976,4,11,42879,0.4219749,0.0019,46.7620251
1976,4,12,42880,0.4180688,0.0019,46.7659312
1976,4,13,42881,0.4140997,0.0019,46.7699003
1976,4,14,42882,0.4101926,0.0019,46.7738074
1976,4,15,42883,0.4064285,0.0019,46.7775715
1976,4,16,42884,0.4028803,0.0019,46.7811197
1976,4,17,42885,0.3995382,0.0019,46.7844618
1976,4,18,42886,0.3963531,0.0019,46.7876469
1976,4,19,42887,0.393254,0.0019,46.790746
1976,4,20,42888,0.3901699,0.0019,46.7938301
1976,4,21,42889,0.3870788,0.0019,46.7969212
1976,4,22,42890,0.3839317,0.0019,46.8000683
1976,4,23,42891,0.3807486,0.0019,46.8032514
1976,4,24,42892,0.3775145,0.0019,46.8064855
1976,4,25,42893,0.3742604,0.0019,46.8097396
1976,4,26,42894,0.3710243,0.0019,46.8129757
1976,4,27,42895,0.3678071,0.0019,46.8161929
1976,4,28,42896,0.364655,0.0019,46.819345
1976,4,29,42897,0.3615709,0.0019,46.8224291
1976,4,30,42898,0.3585688,0.0019,46.8254312
1976,5,1,42899,0.3556297,0.0019,46.8283703
1976,5,2,42900,0.3527196,0.0019,46.8312804
1976,5,3,42901,0.3498155,0.0019,46.8341845
1976,5,4,42902,0.3468824,0.0019,46.8371176
1976,5,5,42903,0.3438503,0.0019,46.8401497
1976,5,6,42904,0.3406901,0.0019,46.8433099
1976,5,7,42905,0.337366,0.0019,46.846634
1976,5,8,42906,0.3338529,0.0019,46.8501471
1976,5,9,42907,0.3301858,0.0019,46.8538142
1976,5,10,42908,0.3264027,0.0019,46.8575973
1976,5,11,42909,0.3226036,0.0019,46.8613964
1976,5,12,42910,0.3188745,0.0019,46.8651255
1976,5,13,42911,0.3152964,0.0019,46.8687036
1976,5,14,42912,0.3118903,0.0019,46.8721097
1976,5,15,42913,0.3086521,0.0019,46.8753479
1976,5,16,42914,0.305524,0.0019,46.878476
1976,5,17,42915,0.3024259,0.0019,46.8815741
1976,5,18,42916,0.2993168,0.0019,46.8846832
1976,5,19,42917,0.2961827,0.0019,46.8878173
1976,5,20,42918,0.2930106,0.0019,46.8909894
1976,5,21,42919,0.2898275,0.0019,46.8941725
1976,5,22,42920,0.2866564,0.0019,46.8973436
1976,5,23,42921,0.2835142,0.0019,46.9004858
1976,5,24,42922,0.2804581,0.0019,46.9035419
1976,5,25,42923,0.277483,0.0019,46.906517
1976,5,26,42924,0.2746189,0.0019,46.9093811
1976,5,27,42925,0.2718788,0.0019,46.9121212
1976,5,28,42926,0.2692547,0.0019,46.9147453
1976,5,29,42927,0.2667066,0.0019,46.9172934
1976,5,30,42928,0.2642225,0.0019,46.9197775
1976,5,31,42929,0.2617413,0.0019,46.9222587
1976,6,1,42930,0.2592152,0.0019,46.9247848
1976,6,2,42931,0.2566191,0.0019,46.9273809
1976,6,3,42932,0.253898,0.0019,46.930102
1976,6,4,42933,0.2510469,0.0019,46.9329531
1976,6,5,42934,0.2480808,0.0019,46.9359192
1976,6,6,42935,0.2450287,0.0019,46.9389713
1976,6,7,42936,0.2419756,0.0019,46.9420244
1976,6,8,42937,0.2389874,0.0019,46.9450126
1976,6,9,42938,0.2361213,0.0019,46.9478787
1976,6,10,42939,0.2334382,0.0019,46.9505618
1976,6,11,42940,0.2309181,0.0019,46.9530819
1976,6,12,42941,0.228541,0.0019,46.955459
1976,6,13,42942,0.2262319,0.0019,46.9577681
1976,6,14,42943,0.2239398,0.0019,46.9600602
1976,6,15,42944,0.2216076,0.0019,46.9623924
1976,6,16,42945,0.2192445,0.0019,46.9647555
1976,6,17,42946,0.2168584,0.0019,46.9671416
1976,6,18,42947,0.2144753,0.0019,46.9695247
1976,6,19,42948,0.2121162,0.0019,46.9718838
1976,6,20,42949,0.2098221,0.0019,46.9741779
1976,6,21,42950,0.207606,0.0019,46.976394
1976,6,22,42951,0.2054808,0.0019,46.9785192
1976,6,23,42952,0.2034517,0.0019,46.9805483
1976,6,24,42953,0.2015176,0.0019,46.9824824
1976,6,25,42954,0.1996475,0.0019,46.9843525
1976,6,26,42955,0.1978204,0.0019,46.9861796
1976,6,27,42956,0.1959863,0.0019,46.9880137
1976,6,28,42957,0.1940961,0.0019,46.9899039
1976,6,29,42958,0.192085,0.0019,46.991915
1976,6,30,42959,0.1899319,0.0019,46.9940681
1976,7,1,42960,0.1875928,0.0019,46.9964072
1976,7,2,42961,0.1850987,0.0019,46.9989013
1976,7,3,42962,0.1824836,0.0019,47.0015164
1976,7,4,42963,0.1798115,0.0019,47.0041885
1976,7,5,42964,0.1771613,0.0019,47.0068387
1976,7,6,42965,0.1745752,0.0019,47.0094248
1976,7,7,42966,0.1720991,0.0019,47.0119009
1976,7,8,42967,0.169739,0.0019,47.014261
1976,7,9,42968,0.1674679,0.0019,47.0165321
1976,7,10,42969,0.1652418,0.0019,47.0187582
1976,7,11,42970,0.1629966,0.0019,47.0210034
1976,7,12,42971,0.1606935,0.0019,47.0233065
1976,7,13,42972,0.1583024,0.0019,47.0256976
1976,7,14,42973,0.1558463,0.0019,47.0281537
1976,7,15,42974,0.1533442,0.0019,47.0306558
1976,7,16,42975,0.1508421,0.0019,47.0331579
1976,7,17,42976,0.1483649,0.0019,47.0356351
1976,7,18,42977,0.1459528,0.0019,47.0380472
1976,7,19,42978,0.1436077,0.0019,47.0403923
1976,7,20,42979,0.1413616,0.0019,47.0426384
1976,7,21,42980,0.1392145,0.0019,47.0447855
1976,7,22,42981,0.1371314,0.0019,47.0468686
1976,7,23,42982,0.1351032,0.0019,47.0488968
1976,7,24,42983,0.1330721,0.0019,47.0509279
1976,7,25,42984,0.130998,0.0019,47.053002
1976,7,26,42985,0.1288319,0.0019,47.0551681
1976,7,27,42986,0.1265168,0.0019,47.0574832
1976,7,28,42987,0.1240266,0.0019,47.0599734
1976,7,29,42988,0.1213825,0.0019,47.0626175
1976,7,30,42989,0.1185974,0.0019,47.0654026
1976,7,31,42990,0.1157603,0.0019,47.0682397
1976,8,1,42991,0.1129422,0.0019,47.0710578
1976,8,2,42992,0.1102241,0.0019,47.0737759
1976,8,3,42993,0.1076469,0.0019,47.0763531
1976,8,4,42994,0.1052168,0.0019,47.0787832
1976,8,5,42995,0.1029087,0.0019,47.0810913
1976,8,6,42996,0.1006906,0.0019,47.0833094
1976,8,7,42997,0.0984935,0.0019,47.0855065
1976,8,8,42998,0.0962863,0.0019,47.0877137
1976,8,9,42999,0.0940212,0.0019,47.0899788
1976,8,10,43000,0.0916921,0.0019,47.0923079
1976,8,11,43001,0.089327,0.0019,47.094673
1976,8,12,43002,0.0869499,0.0019,47.0970501
1976,8,13,43003,0.0846018,0.0019,47.0993982
1976,8,14,43004,0.0823086,0.0019,47.1016914
1976,8,15,43005,0.0800955,0.0019,47.1039045
1976,8,16,43006,0.0779814,0.0019,47.1060186
1976,8,17,43007,0.0759583,0.0019,47.1080417
1976,8,18,43008,0.0740162,0.0019,47.1099838
1976,8,19,43009,0.072122,0.0019,47.111878
1976,8,20,43010,0.0702319,0.0019,47.1137681
1976,8,21,43011,0.0683058,0.0019,47.1156942
1976,8,22,43012,0.0662857,0.0019,47.1177143
1976,8,23,43013,0.0640986,0.0019,47.1199014
1976,8,24,43014,0.0617254,0.0019,47.1222746
1976,8,25,43015,0.0591283,0.0019,47.1248717
1976,8,26,43016,0.0563432,0.0019,47.1276568
1976,8,27,43017,0.0534111,0.0019,47.1305889
1976,8,28,43018,0.050442,0.0019,47.133558
1976,8,29,43019,0.0475178,0.0019,47.1364822
1976,8,30,43020,0.0447017,0.0019,47.1392983
1976,8,31,43021,0.0420046,0.0019,47.1419954
1976,9,1,43022,0.0394245,0.0019,47.1445755
1976,9,2,43023,0.0369004,0.0019,47.1470996
1976,9,3,43024,0.0343632,0.0019,47.1496368
1976,9,4,43025,0.0317761,0.0019,47.1522239
1976,9,5,43026,0.029088,0.0019,47.154912
1976,9,6,43027,0.0262909,0.0019,47.1577091
1976,9,7,43028,0.0233717,0.0019,47.1606283
1976,9,8,43029,0.0203646,0.0019,47.1636354
1976,9,9,43030,0.0173095,0.0019,47.1666905
1976,9,10,43031,0.0142434,0.0019,47.1697566
1976,9,11,43032,0.0112083,0.0019,47.1727917
1976,9,12,43033,0.0082061,0.0019,47.1757939
1976,9,13,43034,0.005265,0.0019,47.178735
1976,9,14,43035,0.0023809,0.0019,47.1816191
1976,9,15,43036,-0.0004562,0.0019,47.1844562
1976,9,16,43037,-0.0032853,0.0019,47.1872853
1976,9,17,43038,-0.0061265,0.0019,47.1901265
1976,9,18,43039,-0.0090316,0.0019,47.1930316
1976,9,19,43040,-0.0120597,0.0019,47.1960597
1976,9,20,43041,-0.0152578,0.0019,47.1992578
1976,9,21,43042,-0.01864,0.0019,47.20264
1976,9,22,43043,-0.0222151,0.0019,47.2062151
1976,9,23,43044,-0.0259592,0.0019,47.2099592
1976,9,24,43045,-0.0297713,0.0019,47.2137713
1976,9,25,43046,-0.0335634,0.0019,47.2175634
1976,9,26,43047,-0.0372376,0.0019,47.2212376
1976,9,27,43048,-0.0407487,0.0019,47.2247487
1976,9,28,43049,-0.0440998,0.0019,47.2280998
1976,9,29,43050,-0.0473209,0.0019,47.2313209
1976,9,30,43051,-0.0504771,0.0019,47.2344771
1976,10,1,43052,-0.0536302,0.0019,47.2376302
1976,10,2,43053,-0.0568343,0.0019,47.2408343
1976,10,3,43054,-0.0600904,0.0019,47.2440904
1976,10,4,43055,-0.0634105,0.0019,47.2474105
1976,10,5,43056,-0.0667777,0.0019,47.2507777
1976,10,6,43057,-0.0701538,0.0019,47.2541538
1976,10,7,43058,-0.0735139,0.0019,47.2575139
1976,10,8,43059,-0.076824,0.0019,47.260824
1976,10,9,43060,-0.0800482,0.0019,47.2640482
1976,10,10,43061,-0.0831943,0.0019,47.2671943
1976,10,11,43062,-0.0862404,0.0019,47.2702404
1976,10,12,43063,-0.0892135,0.0019,47.2732135
1976,10,13,43064,-0.0921367,0.0019,47.2761367
1976,10,14,43065,-0.0950658,0.0019,47.2790658
1976,10,15,43066,-0.0980239,0.0019,47.2820239
1976,10,16,43067,-0.101069,0.0019,47.285069
1976,10,17,43068,-0.1042362,0.0019,47.2882362
1976,10,18,43069,-0.1075863,0.0019,47.2915863
1976,10,19,43070,-0.1111074,0.0019,47.2951074
1976,10,20,43071,-0.1148185,0.0019,47.2988185
1976,10,21,43072,-0.1186497,0.0019,47.3026497
1976,10,22,43073,-0.1225198,0.0019,47.3065198
1976,10,23,43074,-0.1263529,0.0019,47.3103529
1976,10,24,43075,-0.130054,0.0019,47.314054
1976,10,25,43076,-0.1335871,0.0019,47.3175871
1976,10,26,43077,-0.1369813,0.0019,47.3209813
1976,10,27,43078,-0.1402724,0.0019,47.3242724
1976,10,28,43079,-0.1435265,0.0019,47.3275265
1976,10,29,43080,-0.1468146,0.0019,47.3308146
1976,10,30,43081,-0.1501348,0.0019,47.3341348
1976,10,31,43082,-0.1534989,0.0019,47.3374989
1976,11,1,43083,-0.156882,0.0019,47.340882
1976,11,2,43084,-0.1602691,0.0019,47.3442691
1976,11,3,43085,-0.1636143,0.0019,47.3476143
1976,11,4,43086,-0.1668944,0.0019,47.3508944
1976,11,5,43087,-0.1700765,0.0019,47.3540765
1976,11,6,43088,-0.1731516,0.0019,47.3571516
1976,11,7,43089,-0.1761078,0.0019,47.3601078
1976,11,8,43090,-0.1789559,0.0019,47.3629559
1976,11,9,43091,-0.181726,0.0019,47.365726
1976,11,10,43092,-0.1844302,0.0019,47.3684302
1976,11,11,43093,-0.1871273,0.0019,47.3711273
1976,11,12,43094,-0.1898584,0.0019,47.3738584
1976,11,13,43095,-0.1926465,0.0019,47.3766465
1976,11,14,43096,-0.1955487,0.0019,47.3795487
1976,11,15,43097,-0.1985998,0.0019,47.3825998
1976,11,16,43098,-0.2017899,0.0019,47.3857899
1976,11,17,43099,-0.205105,0.0019,47.389105
1976,11,18,43100,-0.2084982,0.0019,47.3924982
1976,11,19,43101,-0.2118953,0.0019,47.3958953
1976,11,20,43102,-0.2152134,0.0019,47.3992134
1976,11,21,43103,-0.2184005,0.0019,47.4024005
1976,11,22,43104,-0.2214477,0.0019,47.4054477
1976,11,23,43105,-0.2243948,0.0019,47.4083948
1976,11,24,43106,-0.2273079,0.0019,47.4113079
1976,11,25,43107,-0.230244,0.0019,47.414244
1976,11,26,43108,-0.2332312,0.0019,47.4172312
1976,11,27,43109,-0.2362843,0.0019,47.4202843
1976,11,28,43110,-0.2393994,0.0019,47.4233994
1976,11,29,43111,-0.2425256,0.0019,47.4265256
1976,11,30,43112,-0.2456437,0.0019,47.4296437
1976,12,1,43113,-0.2487168,0.0019,47.4327168
1976,12,2,43114,-0.2517309,0.0019,47.4357309
1976,12,3,43115,-0.2546611,0.0019,47.4386611
1976,12,4,43116,-0.2574982,0.0019,47.4414982
1976,12,5,43117,-0.2602513,0.0019,47.4442513
1976,12,6,43118,-0.2629314,0.0019,47.4469314
1976,12,7,43119,-0.2655656,0.0019,47.4495656
1976,12,8,43120,-0.2681927,0.0019,47.4521927
1976,12,9,43121,-0.2708398,0.0019,47.4548398
1976,12,10,43122,-0.27356,0.0019,47.45756
1976,12,11,43123,-0.2763751,0.0019,47.4603751
1976,12,12,43124,-0.2793082,0.0019,47.4633082
1976,12,13,43125,-0.2823333,0.0019,47.4663333
1976,12,14,43126,-0.2854705,0.0019,47.4694705
1976,12,15,43127,-0.2886586,0.0019,47.4726586
1976,12,16,43128,-0.2918387,0.0019,47.4758387
1976,12,17,43129,-0.2949678,0.0019,47.4789678
1976,12,18,43130,-0.297961,0.0019,47.481961
1976,12,19,43131,-0.3008261,0.0019,47.4848261
1976,12,20,43132,-0.3035542,0.0019,47.4875542
1976,12,21,43133,-0.3062154,0.0019,47.4902154
1976,12,22,43134,-0.3088705,0.0019,47.4928705
1976,12,23,43135,-0.3115666,0.0019,47.4955666
1976,12,24,43136,-0.3143167,0.0019,47.4983167
1976,12,25,43137,-0.3171259,0.0019,47.5011259
1976,12,26,43138,-0.319961,0.0019,47.503961
1976,12,27,43139,-0.3227861,0.0019,47.5067861
1976,12,28,43140,-0.3255753,0.0019,47.5095753
1976,12,29,43141,-0.3282924,0.0019,47.5122924
1976,12,30,43142,-0.3309315,0.0019,47.5149315
1976,12,31,43143,-0.3334846,0.0019,47.5174846
1977,1,1,43144,0.6640352,0.0019,47.5199648
1977,1,2,43145,0.6616291,0.0019,47.5223709
1977,1,3,43146,0.659248,0.0019,47.524752
1977,1,4,43147,0.6568658,0.0019,47.5271342
1977,1,5,43148,0.6544407,0.0019,47.5295593
1977,1,6,43149,0.6519226,0.0019,47.5320774
1977,1,7,43150,0.6492834,0.0019,47.5347166
1977,1,8,43151,0.6465003,0.0019,47.5374997
1977,1,9,43152,0.6435602,0.0019,47.5404398
1977,1,10,43153,0.6405021,0.0019,47.5434979
1977,1,11,43154,0.6373489,0.0019,47.5466511
1977,1,12,43155,0.6341788,0.0019,47.5498212
1977,1,13,43156,0.6310277,0.0019,47.5529723
1977,1,14,43157,0.6279635,0.0019,47.5560365
1977,1,15,43158,0.6250104,0.0019,47.5589896
1977,1,16,43159,0.6221523,0.0019,47.5618477
1977,1,17,43160,0.6193602,0.0019,47.5646398
1977,1,18,43161,0.616579,0.0019,47.567421
1977,1,19,43162,0.6137639,0.0019,47.5702361
1977,1,20,43163,0.6108678,0.0019,47.5731322
1977,1,21,43164,0.6078976,0.0019,47.5761024
1977,1,22,43165,0.6048795,0.0019,47.5791205
1977,1,23,43166,0.6018584,0.0019,47.5821416
1977,1,24,43167,0.5988762,0.0019,47.5851238
1977,1,25,43168,0.5959701,0.0019,47.5880299
1977,1,26,43169,0.593164,0.0019,47.590836
1977,1,27,43170,0.5904778,0.0019,47.5935222
1977,1,28,43171,0.5878927,0.0019,47.5961073
1977,1,29,43172,0.5854146,0.0019,47.5985854
1977,1,30,43173,0.5829965,0.0019,47.6010035
1977,1,31,43174,0.5806223,0.0019,47.6033777
1977,2,1,43175,0.5782372,0.0019,47.6057628
1977,2,2,43176,0.5757991,0.0019,47.6082009
1977,2,3,43177,0.5732659,0.0019,47.6107341
1977,2,4,43178,0.5706048,0.0019,47.6133952
1977,2,5,43179,0.5678047,0.0019,47.6161953
1977,2,6,43180,0.5648885,0.0019,47.6191115
1977,2,7,43181,0.5618814,0.0019,47.6221186
1977,2,8,43182,0.5588563,0.0019,47.6251437
1977,2,9,43183,0.5558831,0.0019,47.6281169
1977,2,10,43184,0.553007,0.0019,47.630993
1977,2,11,43185,0.5502639,0.0019,47.6337361
1977,2,12,43186,0.5476487,0.0019,47.6363513
1977,2,13,43187,0.5451186,0.0019,47.6388814
1977,2,14,43188,0.5426215,0.0019,47.6413785
1977,2,15,43189,0.5400904,0.0019,47.6439096
1977,2,16,43190,0.5374792,0.0019,47.6465208
1977,2,17,43191,0.5347681,0.0019,47.6492319
1977,2,18,43192,0.531966,0.0019,47.652034
1977,2,19,43193,0.5290978,0.0019,47.6549022
1977,2,20,43194,0.5262117,0.0019,47.6577883
1977,2,21,43195,0.5233516,0.0019,47.6606484
1977,2,22,43196,0.5205614,0.0019,47.6634386
1977,2,23,43197,0.5178393,0.0019,47.6661607
1977,2,24,43198,0.5152112,0.0019,47.6687888
1977,2,25,43199,0.512659,0.0019,47.671341
1977,2,26,43200,0.5101619,0.0019,47.6738381
1977,2,27,43201,0.5076868,0.0019,47.6763132
1977,2,28,43202,0.5052026,0.0019,47.6787974
1977,3,1,43203,0.5026605,0.0019,47.6813395
1977,3,2,43204,0.5000074,0.0019,47.6839926
1977,3,3,43205,0.4972222,0.0019,47.6867778
1977,3,4,43206,0.4942701,0.0019,47.6897299
1977,3,5,43207,0.491149,0.0019,47.692851
1977,3,6,43208,0.4878888,0.0019,47.6961112
1977,3,7,43209,0.4845607,0.0019,47.6994393
1977,3,8,43210,0.4812376,0.0019,47.7027624
1977,3,9,43211,0.4779884,0.0019,47.7060116
1977,3,10,43212,0.4748543,0.0019,47.7091457
1977,3,11,43213,0.4718602,0.0019,47.7121398
1977,3,12,43214,0.468948,0.0019,47.715052
1977,3,13,43215,0.4660659,0.0019,47.7179341
1977,3,14,43216,0.4631568,0.0019,47.7208432
1977,3,15,43217,0.4601616,0.0019,47.7238384
1977,3,16,43218,0.4570435,0.0019,47.7269565
1977,3,17,43219,0.4538154,0.0019,47.7301846
1977,3,18,43220,0.4504472,0.0019,47.7335528
1977,3,19,43221,0.4470271,0.0019,47.7369729
1977,3,20,43222,0.443588,0.0019,47.740412
1977,3,21,43223,0.4401718,0.0019,47.7438282
1977,3,22,43224,0.4368237,0.0019,47.7471763
1977,3,23,43225,0.4335376,0.0019,47.7504624
1977,3,24,43226,0.4303494,0.0019,47.7536506
1977,3,25,43227,0.4272443,0.0019,47.7567557
1977,3,26,43228,0.4242062,0.0019,47.7597938
1977,3,27,43229,0.421198,0.0019,47.762802
1977,3,28,43230,0.4181859,0.0019,47.7658141
1977,3,29,43231,0.4151228,0.0019,47.7688772
1977,3,30,43232,0.4119776,0.0019,47.7720224
1977,3,31,43233,0.4087055,0.0019,47.7752945
1977,4,1,43234,0.4052984,0.0019,47.7787016
1977,4,2,43235,0.4017732,0.0019,47.7822268
1977,4,3,43236,0.3981631,0.0019,47.7858369
1977,4,4,43237,0.394551,0.0019,47.789449
1977,4,5,43238,0.3910098,0.0019,47.7929902
1977,4,6,43239,0.3876107,0.0019,47.7963893
1977,4,7,43240,0.3843966,0.0019,47.7996034
1977,4,8,43241,0.3813254,0.0019,47.8026746
1977,4,9,43242,0.3783423,0.0019,47.8056577
1977,4,10,43243,0.3753792,0.0019,47.8086208
1977,4,11,43244,0.372402,0.0019,47.811598
1977,4,12,43245,0.3693299,0.0019,47.8146701
1977,4,13,43246,0.3661757,0.0019,47.8178243
1977,4,14,43247,0.3629276,0.0019,47.8210724
1977,4,15,43248,0.3596345,0.0019,47.8243655
1977,4,16,43249,0.3563023,0.0019,47.8276977
1977,4,17,43250,0.3529772,0.0019,47.8310228
1977,4,18,43251,0.3496791,0.0019,47.8343209
1977,4,19,43252,0.3464569,0.0019,47.8375431
1977,4,20,43253,0.3433028,0.0019,47.8406972
1977,4,21,43254,0.3402147,0.0019,47.8437853
1977,4,22,43255,0.3371705,0.0019,47.8468295
1977,4,23,43256,0.3341514,0.0019,47.8498486
1977,4,24,43257,0.3311153,0.0019,47.8528847
1977,4,25,43258,0.3280321,0.0019,47.8559679
1977,4,26,43259,0.32487,0.0019,47.85913
1977,4,27,43260,0.3215919,0.0019,47.8624081
1977,4,28,43261,0.3181937,0.0019,47.8658063
1977,4,29,43262,0.3146576,0.0019,47.8693424
1977,4,30,43263,0.3109924,0.0019,47.8730076
1977,5,1,43264,0.3072673,0.0019,47.8767327
1977,5,2,43265,0.3035552,0.0019,47.8804448
1977,5,3,43266,0.299915,0.0019,47.884085
1977,5,4,43267,0.2964229,0.0019,47.8875771
1977,5,5,43268,0.2930838,0.0019,47.8909162
1977,5,6,43269,0.2898796,0.0019,47.8941204
1977,5,7,43270,0.2867445,0.0019,47.8972555
1977,5,8,43271,0.2836324,0.0019,47.9003676
1977,5,9,43272,0.2804842,0.0019,47.9035158
1977,5,10,43273,0.2773091,0.0019,47.9066909
1977,5,11,43274,0.2740999,0.0019,47.9099001
1977,5,12,43275,0.2709038,0.0019,47.9130962
1977,5,13,43276,0.2677417,0.0019,47.9162583
1977,5,14,43277,0.2646545,0.0019,47.9193455
1977,5,15,43278,0.2616514,0.0019,47.9223486
1977,5,16,43279,0.2587703,0.0019,47.9252297
1977,5,17,43280,0.2560071,0.0019,47.9279929
1977,5,18,43281,0.253356,0.0019,47.930644
1977,5,19,43282,0.2508149,0.0019,47.9331851
1977,5,20,43283,0.2483347,0.0019,47.9356653
1977,5,21,43284,0.2458916,0.0019,47.9381084
1977,5,22,43285,0.2434464,0.0019,47.9405536
1977,5,23,43286,0.2409613,0.0019,47.9430387
1977,5,24,43287,0.2384002,0.0019,47.9455998
1977,5,25,43288,0.23575,0.0019,47.94825
1977,5,26,43289,0.2329889,0.0019,47.9510111
1977,5,27,43290,0.2301248,0.0019,47.9538752
1977,5,28,43291,0.2271736,0.0019,47.9568264
1977,5,29,43292,0.2242005,0.0019,47.9597995
1977,5,30,43293,0.2212593,0.0019,47.9627407
1977,5,31,43294,0.2184252,0.0019,47.9655748
1977,6,1,43295,0.2157001,0.0019,47.9682999
1977,6,2,43296,0.2131109,0.0019,47.9708891
1977,6,3,43297,0.2105848,0.0019,47.9734152
1977,6,4,43298,0.2080907,0.0019,47.9759093
1977,6,5,43299,0.2055515,0.0019,47.9784485
1977,6,6,43300,0.2029674,0.0019,47.9810326
1977,6,7,43301,0.2003492,0.0019,47.9836508
1977,6,8,43302,0.1977301,0.0019,47.9862699
1977,6,9,43303,0.195157,0.0019,47.988843
1977,6,10,43304,0.1926448,0.0019,47.9913552
1977,6,11,43305,0.1902397,0.0019,47.9937603
1977,6,12,43306,0.1879506,0.0019,47.9960494
1977,6,13,43307,0.1857934,0.0019,47.9982066
1977,6,14,43308,0.1837543,0.0019,48.0002457
1977,6,15,43309,0.1818351,0.0019,48.0021649
1977,6,16,43310,0.179987,0.0019,48.004013
1977,6,17,43311,0.1781749,0.0019,48.0058251
1977,6,18,43312,0.1763817,0.0019,48.0076183
1977,6,19,43313,0.1745486,0.0019,48.0094514
1977,6,20,43314,0.1726545,0.0019,48.0113455
1977,6,21,43315,0.1706743,0.0019,48.0133257
1977,6,22,43316,0.1685962,0.0019,48.0154038
1977,6,23,43317,0.166417,0.0019,48.017583
1977,6,24,43318,0.1641699,0.0019,48.0198301
1977,6,25,43319,0.1618958,0.0019,48.0221042
1977,6,26,43320,0.1596236,0.0019,48.0243764
1977,6,27,43321,0.1574295,0.0019,48.0265705
1977,6,28,43322,0.1553383,0.0019,48.0286617
1977,6,29,43323,0.1533612,0.0019,48.0306388
1977,6,30,43324,0.1514621,0.0019,48.0325379
1977,7,1,43325,0.1495879,0.0019,48.0344121
1977,7,2,43326,0.1476938,0.0019,48.0363062
1977,7,3,43327,0.1457227,0.0019,48.0382773
1977,7,4,43328,0.1436925,0.0019,48.0403075
1977,7,5,43329,0.1416254,0.0019,48.0423746
1977,7,6,43330,0.1395562,0.0019,48.0444438
1977,7,7,43331,0.1375351,0.0019,48.0464649
1977,7,8,43332,0.135602,0.0019,48.048398
1977,7,9,43333,0.1337718,0.0019,48.0502282
1977,7,10,43334,0.1320497,0.0019,48.0519503
1977,7,11,43335,0.1304165,0.0019,48.0535835
1977,7,12,43336,0.1288634,0.0019,48.0551366
1977,7,13,43337,0.1273543,0.0019,48.0566457
1977,7,14,43338,0.1258641,0.0019,48.0581359
1977,7,15,43339,0.124343,0.0019,48.059657
1977,7,16,43340,0.1227308,0.0019,48.0612692
1977,7,17,43341,0.1210257,0.0019,48.0629743
1977,7,18,43342,0.1191886,0.0019,48.0648114
1977,7,19,43343,0.1172074,0.0019,48.0667926
1977,7,20,43344,0.1150873,0.0019,48.0689127
1977,7,21,43345,0.1128631,0.0019,48.0711369
1977,7,22,43346,0.110575,0.0019,48.073425
1977,7,23,43347,0.1082829,0.0019,48.0757171
1977,7,24,43348,0.1060357,0.0019,48.0779643
1977,7,25,43349,0.1038636,0.0019,48.0801364
1977,7,26,43350,0.1017914,0.0019,48.0822086
1977,7,27,43351,0.0997993,0.0019,48.0842007
1977,7,28,43352,0.0978572,0.0019,48.0861428
1977,7,29,43353,0.095907,0.0019,48.088093
1977,7,30,43354,0.0938919,0.0019,48.0901081
1977,7,31,43355,0.0918097,0.0019,48.0921903
1977,8,1,43356,0.0896656,0.0019,48.0943344
1977,8,2,43357,0.0874965,0.0019,48.0965035
1977,8,3,43358,0.0853653,0.0019,48.0986347
1977,8,4,43359,0.0833322,0.0019,48.1006678
1977,8,5,43360,0.0814,0.0019,48.1026
1977,8,6,43361,0.0796029,0.0019,48.1043971
1977,8,7,43362,0.0779328,0.0019,48.1060672
1977,8,8,43363,0.0763646,0.0019,48.1076354
1977,8,9,43364,0.0748755,0.0019,48.1091245
1977,8,10,43365,0.0734103,0.0019,48.1105897
1977,8,11,43366,0.0719482,0.0019,48.1120518
1977,8,12,43367,0.0704171,0.0019,48.1135829
1977,8,13,43368,0.0687999,0.0019,48.1152001
1977,8,14,43369,0.0670448,0.0019,48.1169552
1977,8,15,43370,0.0651316,0.0019,48.1188684
1977,8,16,43371,0.0630715,0.0019,48.1209285
1977,8,17,43372,0.0608624,0.0019,48.1231376
1977,8,18,43373,0.0585622,0.0019,48.1254378
1977,8,19,43374,0.0562231,0.0019,48.1277769
1977,8,20,43375,0.0538919,0.0019,48.1301081
1977,8,21,43376,0.0515968,0.0019,48.1324032
1977,8,22,43377,0.0493717,0.0019,48.1346283
1977,8,23,43378,0.0471815,0.0019,48.1368185
1977,8,24,43379,0.0449964,0.0019,48.1390036
1977,8,25,43380,0.0427552,0.0019,48.1412448
1977,8,26,43381,0.0404051,0.0019,48.1435949
1977,8,27,43382,0.037902,0.0019,48.146098
1977,8,28,43383,0.0352608,0.0019,48.1487392
1977,8,29,43384,0.0325087,0.0019,48.1514913
1977,8,30,43385,0.0296675,0.0019,48.1543325
1977,8,31,43386,0.0268344,0.0019,48.1571656
1977,9,1,43387,0.0240352,0.0019,48.1599648
1977,9,2,43388,0.0213191,0.0019,48.1626809
1977,9,3,43389,0.018692,0.0019,48.165308
1977,9,4,43390,0.0161378,0.0019,48.1678622
1977,9,5,43391,0.0136557,0.0019,48.1703443
1977,9,6,43392,0.0111935,0.0019,48.1728065
1977,9,7,43393,0.0087314,0.0019,48.1752686
1977,9,8,43394,0.0062273,0.0019,48.1777727
1977,9,9,43395,0.0036291,0.0019,48.1803709
1977,9,10,43396,0.00092,0.0019,48.18308
1977,9,11,43397,-0.0019162,0.0019,48.1859162
1977,9,12,43398,-0.0048973,0.0019,48.1888973
1977,9,13,43399,-0.0080084,0.0019,48.1920084
1977,9,14,43400,-0.0112206,0.0019,48.1952206
1977,9,15,43401,-0.0144687,0.0019,48.1984687
1977,9,16,43402,-0.0176849,0.0019,48.2016849
1977,9,17,43403,-0.020815,0.0019,48.204815
1977,9,18,43404,-0.0238402,0.0019,48.2078402
1977,9,19,43405,-0.0267373,0.0019,48.2107373
1977,9,20,43406,-0.0295754,0.0019,48.2135754
1977,9,21,43407,-0.0323946,0.0019,48.2163946
1977,9,22,43408,-0.0352377,0.0019,48.2192377
1977,9,23,43409,-0.0381439,0.0019,48.2221439
1977,9,24,43410,-0.041153,0.0019,48.225153
1977,9,25,43411,-0.0442321,0.0019,48.2282321
1977,9,26,43412,-0.0473533,0.0019,48.2313533
1977,9,27,43413,-0.0504684,0.0019,48.2344684
1977,9,28,43414,-0.0535286,0.0019,48.2375286
1977,9,29,43415,-0.0564817,0.0019,48.2404817
1977,9,30,43416,-0.0593189,0.0019,48.2433189
1977,10,1,43417,-0.062052,0.0019,48.246052
1977,10,2,43418,-0.0646931,0.0019,48.2486931
1977,10,3,43419,-0.0672623,0.0019,48.2512623
1977,10,4,43420,-0.0698134,0.0019,48.2538134
1977,10,5,43421,-0.0723796,0.0019,48.2563796
1977,10,6,43422,-0.0750197,0.0019,48.2590197
1977,10,7,43423,-0.0777549,0.0019,48.2617549
1977,10,8,43424,-0.080627,0.0019,48.264627
1977,10,9,43425,-0.0836851,0.0019,48.2676851
1977,10,10,43426,-0.0869123,0.0019,48.2709123
1977,10,11,43427,-0.0902884,0.0019,48.2742884
1977,10,12,43428,-0.0937736,0.0019,48.2777736
1977,10,13,43429,-0.0972997,0.0019,48.2812997
1977,10,14,43430,-0.1008089,0.0019,48.2848089
1977,10,15,43431,-0.104232,0.0019,48.288232
1977,10,16,43432,-0.1075741,0.0019,48.2915741
1977,10,17,43433,-0.1108333,0.0019,48.2948333
1977,10,18,43434,-0.1140864,0.0019,48.2980864
1977,10,19,43435,-0.1173586,0.0019,48.3013586
1977,10,20,43436,-0.1207027,0.0019,48.3047027
1977,10,21,43437,-0.1241309,0.0019,48.3081309
1977,10,22,43438,-0.127627,0.0019,48.311627
1977,10,23,43439,-0.1311691,0.0019,48.3151691
1977,10,24,43440,-0.1347063,0.0019,48.3187063
1977,10,25,43441,-0.1381964,0.0019,48.3221964
1977,10,26,43442,-0.1415896,0.0019,48.3255896
1977,10,27,43443,-0.1448677,0.0019,48.3288677
1977,10,28,43444,-0.1480149,0.0019,48.3320149
1977,10,29,43445,-0.151029,0.0019,48.335029
1977,10,30,43446,-0.1539521,0.0019,48.3379521
1977,10,31,43447,-0.1567963,0.0019,48.3407963
1977,11,1,43448,-0.1596034,0.0019,48.3436034
1977,11,2,43449,-0.1624306,0.0019,48.3464306
1977,11,3,43450,-0.1653027,0.0019,48.3493027
1977,11,4,43451,-0.1682729,0.0019,48.3522729
1977,11,5,43452,-0.171345,0.0019,48.355345
1977,11,6,43453,-0.1745521,0.0019,48.3585521
1977,11,7,43454,-0.1778783,0.0019,48.3618783
1977,11,8,43455,-0.1813194,0.0019,48.3653194
1977,11,9,43456,-0.1848046,0.0019,48.3688046
1977,11,10,43457,-0.1882837,0.0019,48.3722837
1977,11,11,43458,-0.1916959,0.0019,48.3756959
1977,11,12,43459,-0.195005,0.0019,48.379005
1977,11,13,43460,-0.1982091,0.0019,48.3822091
1977,11,14,43461,-0.2013493,0.0019,48.3853493
1977,11,15,43462,-0.2044794,0.0019,48.3884794
1977,11,16,43463,-0.2076516,0.0019,48.3916516
1977,11,17,43464,-0.2108767,0.0019,48.3948767
1977,11,18,43465,-0.2141629,0.0019,48.3981629
1977,11,19,43466,-0.217464,0.0019,48.401464
1977,11,20,43467,-0.2207572,0.0019,48.4047572
1977,11,21,43468,-0.2239883,0.0019,48.4079883
1977,11,22,43469,-0.2271404,0.0019,48.4111404
1977,11,23,43470,-0.2301746,0.0019,48.4141746
1977,11,24,43471,-0.2330817,0.0019,48.4170817
1977,11,25,43472,-0.2358629,0.0019,48.4198629
1977,11,26,43473,-0.238538,0.0019,48.422538
1977,11,27,43474,-0.2411352,0.0019,48.4251352
1977,11,28,43475,-0.2437093,0.0019,48.4277093
1977,11,29,43476,-0.2462824,0.0019,48.4302824
1977,11,30,43477,-0.2488956,0.0019,48.4328956
1977,12,1,43478,-0.2515897,0.0019,48.4355897
1977,12,2,43479,-0.2543879,0.0019,48.4383879
1977,12,3,43480,-0.257297,0.0019,48.441297
1977,12,4,43481,-0.2603252,0.0019,48.4443252
1977,12,5,43482,-0.2634793,0.0019,48.4474793
1977,12,6,43483,-0.2667095,0.0019,48.4507095
1977,12,7,43484,-0.2699986,0.0019,48.4539986
1977,12,8,43485,-0.2732927,0.0019,48.4572927
1977,12,9,43486,-0.2765679,0.0019,48.4605679
1977,12,10,43487,-0.279776,0.0019,48.463776
1977,12,11,43488,-0.2829652,0.0019,48.4669652
1977,12,12,43489,-0.2861733,0.0019,48.4701733
1977,12,13,43490,-0.2894775,0.0019,48.4734775
1977,12,14,43491,-0.2928796,0.0019,48.4768796
1977,12,15,43492,-0.2964058,0.0019,48.4804058
1977,12,16,43493,-0.2999979,0.0019,48.4839979
1977,12,17,43494,-0.303621,0.0019,48.487621
1977,12,18,43495,-0.3072182,0.0019,48.4912182
1977,12,19,43496,-0.3107373,0.0019,48.4947373
1977,12,20,43497,-0.3141505,0.0019,48.4981505
1977,12,21,43498,-0.3174416,0.0019,48.5014416
1977,12,22,43499,-0.3206028,0.0019,48.5046028
1977,12,23,43500,-0.3236489,0.0019,48.5076489
1977,12,24,43501,-0.3265971,0.0019,48.5105971
1977,12,25,43502,-0.3295002,0.0019,48.5135002
1977,12,26,43503,-0.3323783,0.0019,48.5163783
1977,12,27,43504,-0.3352605,0.0019,48.5192605
1977,12,28,43505,-0.3381936,0.0019,48.5221936
1977,12,29,43506,-0.3411978,0.0019,48.5251978
1977,12,30,43507,-0.3442809,0.0019,48.5282809
1977,12,31,43508,-0.3474531,0.0019,48.5314531
1978,1,1,43509,0.6492998,0.0019,48.5347002
1978,1,2,43510,0.6459906,0.0019,48.5380094
1978,1,3,43511,0.6426775,0.0019,48.5413225
1978,1,4,43512,0.6393814,0.0019,48.5446186
1978,1,5,43513,0.6361472,0.0019,48.5478528
1978,1,6,43514,0.6329911,0.0019,48.5510089
1978,1,7,43515,0.6298989,0.0019,48.5541011
1978,1,8,43516,0.6268418,0.0019,48.5571582
1978,1,9,43517,0.6237586,0.0019,48.5602414
1978,1,10,43518,0.6205895,0.0019,48.5634105
1978,1,11,43519,0.6173233,0.0019,48.5666767
1978,1,12,43520,0.6139692,0.0019,48.5700308
1978,1,13,43521,0.610583,0.0019,48.573417
1978,1,14,43522,0.6072239,0.0019,48.5767761
1978,1,15,43523,0.6039358,0.0019,48.5800642
1978,1,16,43524,0.6007496,0.0019,48.5832504
1978,1,17,43525,0.5976695,0.0019,48.5863305
1978,1,18,43526,0.5947233,0.0019,48.5892767
1978,1,19,43527,0.5918642,0.0019,48.5921358
1978,1,20,43528,0.5891,0.0019,48.5949
1978,1,21,43529,0.5863729,0.0019,48.5976271
1978,1,22,43530,0.5836677,0.0019,48.6003323
1978,1,23,43531,0.5809336,0.0019,48.6030664
1978,1,24,43532,0.5781365,0.0019,48.6058635
1978,1,25,43533,0.5752633,0.0019,48.6087367
1978,1,26,43534,0.5722862,0.0019,48.6117138
1978,1,27,43535,0.569201,0.0019,48.614799
1978,1,28,43536,0.5660219,0.0019,48.6179781
1978,1,29,43537,0.5627657,0.0019,48.6212343
1978,1,30,43538,0.5594696,0.0019,48.6245304
1978,1,31,43539,0.5561644,0.0019,48.6278356
1978,2,1,43540,0.5528953,0.0019,48.6311047
1978,2,2,43541,0.5496701,0.0019,48.6343299
1978,2,3,43542,0.546489,0.0019,48.637511
1978,2,4,43543,0.5433149,0.0019,48.6406851
1978,2,5,43544,0.5401087,0.0019,48.6438913
1978,2,6,43545,0.5367946,0.0019,48.6472054
1978,2,7,43546,0.5333264,0.0019,48.6506736
1978,2,8,43547,0.5296943,0.0019,48.6543057
1978,2,9,43548,0.5259551,0.0019,48.6580449
1978,2,10,43549,0.522149,0.0019,48.661851
1978,2,11,43550,0.5183328,0.0019,48.6656672
1978,2,12,43551,0.5145786999999999,0.0019,48.6694213
1978,2,13,43552,0.5109255,0.0019,48.6730745
1978,2,14,43553,0.5073584,0.0019,48.6766416
1978,2,15,43554,0.5038952,0.0019,48.6801048
1978,2,16,43555,0.5004831,0.0019,48.6835169
1978,2,17,43556,0.497111,0.0019,48.686889
1978,2,18,43557,0.4937468,0.0019,48.6902532
1978,2,19,43558,0.4903477,0.0019,48.6936523
1978,2,20,43559,0.4868775,0.0019,48.6971225
1978,2,21,43560,0.4833234,0.0019,48.7006766
1978,2,22,43561,0.4797062,0.0019,48.7042938
1978,2,23,43562,0.4760161,0.0019,48.7079839
1978,2,24,43563,0.4722489,0.0019,48.7117511
1978,2,25,43564,0.4684548,0.0019,48.7155452
1978,2,26,43565,0.4646716,0.0019,48.7193284
1978,2,27,43566,0.4609295,0.0019,48.7230705
1978,2,28,43567,0.4572814,0.0019,48.7267186
1978,3,1,43568,0.4537292,0.0019,48.7302708
1978,3,2,43569,0.4502961,0.0019,48.7337039
1978,3,3,43570,0.4469499,0.0019,48.7370501
1978,3,4,43571,0.4436448,0.0019,48.7403552
1978,3,5,43572,0.4403166,0.0019,48.7436834
1978,3,6,43573,0.4369185,0.0019,48.7470815
1978,3,7,43574,0.4334333,0.0019,48.7505667
1978,3,8,43575,0.4298412,0.0019,48.7541588
1978,3,9,43576,0.426188,0.0019,48.757812
1978,3,10,43577,0.4225339,0.0019,48.7614661
1978,3,11,43578,0.4189387,0.0019,48.7650613
1978,3,12,43579,0.4154566,0.0019,48.7685434
1978,3,13,43580,0.4121095,0.0019,48.7718905
1978,3,14,43581,0.4088783,0.0019,48.7751217
1978,3,15,43582,0.4057622,0.0019,48.7782378
1978,3,16,43583,0.402721,0.0019,48.781279
1978,3,17,43584,0.3997279,0.0019,48.7842721
1978,3,18,43585,0.3967217,0.0019,48.7872783
1978,3,19,43586,0.3936706,0.0019,48.7903294
1978,3,20,43587,0.3905354,0.0019,48.7934646
1978,3,21,43588,0.3872923,0.0019,48.7967077
1978,3,22,43589,0.3839231,0.0019,48.8000769
1978,3,23,43590,0.380438,0.0019,48.803562
1978,3,24,43591,0.3768408,0.0019,48.8071592
1978,3,25,43592,0.3731727,0.0019,48.8108273
1978,3,26,43593,0.3694896,0.0019,48.8145104
1978,3,27,43594,0.3658494,0.0019,48.8181506
1978,3,28,43595,0.3622893,0.0019,48.8217107
1978,3,29,43596,0.3588361,0.0019,48.8251639
1978,3,30,43597,0.35546,0.0019,48.82854
1978,3,31,43598,0.3521228,0.0019,48.8318772
1978,4,1,43599,0.3487807,0.0019,48.8352193
1978,4,2,43600,0.3453855,0.0019,48.8386145
1978,4,3,43601,0.3418944,0.0019,48.8421056
1978,4,4,43602,0.3383022,0.0019,48.8456978
1978,4,5,43603,0.3346281,0.0019,48.8493719
1978,4,6,43604,0.3309219,0.0019,48.8530781
1978,4,7,43605,0.3272448,0.0019,48.8567552
1978,4,8,43606,0.3236417,0.0019,48.8603583
1978,4,9,43607,0.3201575,0.0019,48.8638425
1978,4,10,43608,0.3168054,0.0019,48.8671946
1978,4,11,43609,0.3135832,0.0019,48.8704168
1978,4,12,43610,0.3104491,0.0019,48.8735509
1978,4,13,43611,0.3073879,0.0019,48.8766121
1978,4,14,43612,0.3043518,0.0019,48.8796482
1978,4,15,43613,0.3013086,0.0019,48.8826914
1978,4,16,43614,0.2982085,0.0019,48.8857915
1978,4,17,43615,0.2950213,0.0019,48.8889787
1978,4,18,43616,0.2917442,0.0019,48.8922558
1978,4,19,43617,0.288359,0.0019,48.895641
1978,4,20,43618,0.2848809,0.0019,48.8991191
1978,4,21,43619,0.2813337,0.0019,48.9026663
1978,4,22,43620,0.2777516,0.0019,48.9062484
1978,4,23,43621,0.2742145,0.0019,48.9097855
1978,4,24,43622,0.2707583,0.0019,48.9132417
1978,4,25,43623,0.2674132,0.0019,48.9165868
1978,4,26,43624,0.26419,0.0019,48.91981
1978,4,27,43625,0.2610569,0.0019,48.9229431
1978,4,28,43626,0.2579517,0.0019,48.9260483
1978,4,29,43627,0.2548256,0.0019,48.9291744
1978,4,30,43628,0.2516524,0.0019,48.9323476
1978,5,1,43629,0.2484253,0.0019,48.9355747
1978,5,2,43630,0.2451361,0.0019,48.9388639
1978,5,3,43631,0.241813,0.0019,48.942187
1978,5,4,43632,0.2384998,0.0019,48.9455002
1978,5,5,43633,0.2352397,0.0019,48.9487603
1978,5,6,43634,0.2320805,0.0019,48.9519195
1978,5,7,43635,0.2290244,0.0019,48.9549756
1978,5,8,43636,0.2260883,0.0019,48.9579117
1978,5,9,43637,0.2232431,0.0019,48.9607569
1978,5,10,43638,0.220461,0.0019,48.963539
1978,5,11,43639,0.2177058,0.0019,48.9662942
1978,5,12,43640,0.2149387,0.0019,48.9690613
1978,5,13,43641,0.2121325,0.0019,48.9718675
1978,5,14,43642,0.2092534,0.0019,48.9747466
1978,5,15,43643,0.2062742,0.0019,48.9777258
1978,5,16,43644,0.2031771,0.0019,48.9808229
1978,5,17,43645,0.1999789,0.0019,48.9840211
1978,5,18,43646,0.1966798,0.0019,48.9873202
1978,5,19,43647,0.1933326,0.0019,48.9906674
1978,5,20,43648,0.1899555,0.0019,48.9940445
1978,5,21,43649,0.1866223,0.0019,48.9973777
1978,5,22,43650,0.1833622,0.0019,49.0006378
1978,5,23,43651,0.1802001,0.0019,49.0037999
1978,5,24,43652,0.1771229,0.0019,49.0068771
1978,5,25,43653,0.1740938,0.0019,49.0099062
1978,5,26,43654,0.1710426,0.0019,49.0129574
1978,5,27,43655,0.1679425,0.0019,49.0160575
1978,5,28,43656,0.1647893,0.0019,49.0192107
1978,5,29,43657,0.1616022,0.0019,49.0223978
1978,5,30,43658,0.158415,0.0019,49.025585
1978,5,31,43659,0.1552859,0.0019,49.0287141
1978,6,1,43660,0.1522577,0.0019,49.0317423
1978,6,2,43661,0.1493756,0.0019,49.0346244
1978,6,3,43662,0.1466504,0.0019,49.0373496
1978,6,4,43663,0.1440873,0.0019,49.0399127
1978,6,5,43664,0.1416781,0.0019,49.0423219
1978,6,6,43665,0.1393899999999999,0.0019,49.04461
1978,6,7,43666,0.1371988,0.0019,49.0468012
1978,6,8,43667,0.1350457,0.0019,49.0489543
1978,6,9,43668,0.1329166,0.0019,49.0510834
1978,6,10,43669,0.1307554,0.0019,49.0532446
1978,6,11,43670,0.1285593,0.0019,49.0554407
1978,6,12,43671,0.1263051,0.0019,49.0576949
1978,6,13,43672,0.123976,0.0019,49.060024
1978,6,14,43673,0.1215908,0.0019,49.0624092
1978,6,15,43674,0.1191717,0.0019,49.0648283
1978,6,16,43675,0.1167275,0.0019,49.0672725
1978,6,17,43676,0.1143154,0.0019,49.0696846
1978,6,18,43677,0.1119502,0.0019,49.0720498
1978,6,19,43678,0.1096791,0.0019,49.0743209
1978,6,20,43679,0.1074899,0.0019,49.0765101
1978,6,21,43680,0.1053518,0.0019,49.0786482
1978,6,22,43681,0.1032056,0.0019,49.0807944
1978,6,23,43682,0.1009985,0.0019,49.0830015
1978,6,24,43683,0.0987053,0.0019,49.0852947
1978,6,25,43684,0.0963492,0.0019,49.0876508
1978,6,26,43685,0.0939421,0.0019,49.0900579
1978,6,27,43686,0.0915379,0.0019,49.0924621
1978,6,28,43687,0.0892108,0.0019,49.0947892
1978,6,29,43688,0.0869796,0.0019,49.0970204
1978,6,30,43689,0.0848755,0.0019,49.0991245
1978,7,1,43690,0.0828973,0.0019,49.1011027
1978,7,2,43691,0.0810352,0.0019,49.1029648
1978,7,3,43692,0.079254,0.0019,49.104746
1978,7,4,43693,0.0775379,0.0019,49.1064621
1978,7,5,43694,0.0758527,0.0019,49.1081473
1978,7,6,43695,0.0741696,0.0019,49.1098304
1978,7,7,43696,0.0724564,0.0019,49.1115436
1978,7,8,43697,0.0706783,0.0019,49.1133217
1978,7,9,43698,0.0688361,0.0019,49.1151639
1978,7,10,43699,0.066919,0.0019,49.117081
1978,7,11,43700,0.0649418,0.0019,49.1190582
1978,7,12,43701,0.0629137,0.0019,49.1210863
1978,7,13,43702,0.0608616,0.0019,49.1231384
1978,7,14,43703,0.0588254,0.0019,49.1251746
1978,7,15,43704,0.0568393,0.0019,49.1271607
1978,7,16,43705,0.0549291,0.0019,49.1290709
1978,7,17,43706,0.053082,0.0019,49.130918
1978,7,18,43707,0.0513008,0.0019,49.1326992
1978,7,19,43708,0.0495287,0.0019,49.1344713
1978,7,20,43709,0.0477015,0.0019,49.1362985
1978,7,21,43710,0.0457694,0.0019,49.1382306
1978,7,22,43711,0.0437332,0.0019,49.1402668
1978,7,23,43712,0.0416131,0.0019,49.1423869
1978,7,24,43713,0.0394699,0.0019,49.1445301
1978,7,25,43714,0.0373758,0.0019,49.1466242
1978,7,26,43715,0.0353826,0.0019,49.1486174
1978,7,27,43716,0.0335155,0.0019,49.1504845
1978,7,28,43717,0.0317713,0.0019,49.1522287
1978,7,29,43718,0.0301502,0.0019,49.1538498
1978,7,30,43719,0.0286041,0.0019,49.1553959
1978,7,31,43720,0.0271009,0.0019,49.1568991
1978,8,1,43721,0.0256088,0.0019,49.1583912
1978,8,2,43722,0.0240816,0.0019,49.1599184
1978,8,3,43723,0.0224835,0.0019,49.1615165
1978,8,4,43724,0.0207753,0.0019,49.1632247
1978,8,5,43725,0.0189502,0.0019,49.1650498
1978,8,6,43726,0.017,0.0019,49.167
1978,8,7,43727,0.0149229,0.0019,49.1690771
1978,8,8,43728,0.0127447,0.0019,49.1712553
1978,8,9,43729,0.0104936,0.0019,49.1735064
1978,8,10,43730,0.0081834,0.0019,49.1758166
1978,8,11,43731,0.0058783,0.0019,49.1781217
1978,8,12,43732,0.0035871,0.0019,49.1804129
1978,8,13,43733,0.001329,0.0019,49.182671
1978,8,14,43734,-0.0009172,0.0019,49.1849172
1978,8,15,43735,-0.0031723,0.0019,49.1871723
1978,8,16,43736,-0.0055064,0.0019,49.1895064
1978,8,17,43737,-0.0079396,0.0019,49.1919396
1978,8,18,43738,-0.0105157,0.0019,49.1945157
1978,8,19,43739,-0.0132319,0.0019,49.1972319
1978,8,20,43740,-0.016019,0.0019,49.200019
1978,8,21,43741,-0.0188192,0.0019,49.2028192
1978,8,22,43742,-0.0215373,0.0019,49.2055373
1978,8,23,43743,-0.0241325,0.0019,49.2081325
1978,8,24,43744,-0.0266026,0.0019,49.2106026
1978,8,25,43745,-0.0289228,0.0019,49.2129228
1978,8,26,43746,-0.0311449,0.0019,49.2151449
1978,8,27,43747,-0.0332871,0.0019,49.2172871
1978,8,28,43748,-0.0353982,0.0019,49.2193982
1978,8,29,43749,-0.0375204,0.0019,49.2215204
1978,8,30,43750,-0.0396925,0.0019,49.2236925
1978,8,31,43751,-0.0419286,0.0019,49.2259286
1978,9,1,43752,-0.0442568,0.0019,49.2282568
1978,9,2,43753,-0.0466919,0.0019,49.2306919
1978,9,3,43754,-0.0492171,0.0019,49.2332171
1978,9,4,43755,-0.0518222,0.0019,49.2358222
1978,9,5,43756,-0.0544564,0.0019,49.2384564
1978,9,6,43757,-0.0571035,0.0019,49.2411035
1978,9,7,43758,-0.0597107,0.0019,49.2437107
1978,9,8,43759,-0.0622538,0.0019,49.2462538
1978,9,9,43760,-0.064701,0.0019,49.248701
1978,9,10,43761,-0.0670751,0.0019,49.2510751
1978,9,11,43762,-0.0694053,0.0019,49.2534053
1978,9,12,43763,-0.0717524,0.0019,49.2557524
1978,9,13,43764,-0.0741676,0.0019,49.2581676
1978,9,14,43765,-0.0766857,0.0019,49.2606857
1978,9,15,43766,-0.0793409,0.0019,49.2633409
1978,9,16,43767,-0.082136,0.0019,49.266136
1978,9,17,43768,-0.0849891,0.0019,49.2689891
1978,9,18,43769,-0.0878433,0.0019,49.2718433
1978,9,19,43770,-0.0906464,0.0019,49.2746464
1978,9,20,43771,-0.0933536,0.0019,49.2773536
1978,9,21,43772,-0.0959517,0.0019,49.2799517
1978,9,22,43773,-0.0984589,0.0019,49.2824589
1978,9,23,43774,-0.100914,0.0019,49.284914
1978,9,24,43775,-0.1033552,0.0019,49.2873552
1978,9,25,43776,-0.1058203,0.0019,49.2898203
1978,9,26,43777,-0.1083495,0.0019,49.2923495
1978,9,27,43778,-0.1109706,0.0019,49.2949706
1978,9,28,43779,-0.1137198,0.0019,49.2977198
1978,9,29,43780,-0.1166129,0.0019,49.3006129
1978,9,30,43781,-0.1196471,0.0019,49.3036471
1978,10,1,43782,-0.1227972,0.0019,49.3067972
1978,10,2,43783,-0.1260323,0.0019,49.3100323
1978,10,3,43784,-0.1293294999999999,0.0019,49.3133295
1978,10,4,43785,-0.1326106,0.0019,49.3166106
1978,10,5,43786,-0.1358468,0.0019,49.3198468
1978,10,6,43787,-0.1390089,0.0019,49.3230089
1978,10,7,43788,-0.1420931,0.0019,49.3260931
1978,10,8,43789,-0.1451242,0.0019,49.3291242
1978,10,9,43790,-0.1481434,0.0019,49.3321434
1978,10,10,43791,-0.1511945,0.0019,49.3351945
1978,10,11,43792,-0.1543447,0.0019,49.3383447
1978,10,12,43793,-0.1575968,0.0019,49.3415968
1978,10,13,43794,-0.160944,0.0019,49.344944
1978,10,14,43795,-0.1643631,0.0019,49.3483631
1978,10,15,43796,-0.1677763,0.0019,49.3517763
1978,10,16,43797,-0.1711224,0.0019,49.3551224
1978,10,17,43798,-0.1743475,0.0019,49.3583475
1978,10,18,43799,-0.1774157,0.0019,49.3614157
1978,10,19,43800,-0.1803268,0.0019,49.3643268
1978,10,20,43801,-0.183105,0.0019,49.367105
1978,10,21,43802,-0.1858041,0.0019,49.3698041
1978,10,22,43803,-0.1884463,0.0019,49.3724463
1978,10,23,43804,-0.1910824,0.0019,49.3750824
1978,10,24,43805,-0.1937556,0.0019,49.3777556
1978,10,25,43806,-0.1964947,0.0019,49.3804947
1978,10,26,43807,-0.1993259,0.0019,49.3833259
1978,10,27,43808,-0.202255,0.0019,49.386255
1978,10,28,43809,-0.2052682,0.0019,49.3892682
1978,10,29,43810,-0.2083723,0.0019,49.3923723
1978,10,30,43811,-0.2115385,0.0019,49.3955385
1978,10,31,43812,-0.2147056,0.0019,49.3987056
1978,11,1,43813,-0.2178537,0.0019,49.4018537
1978,11,2,43814,-0.2209349,0.0019,49.4049349
1978,11,3,43815,-0.223944,0.0019,49.407944
1978,11,4,43816,-0.2268882,0.0019,49.4108882
1978,11,5,43817,-0.2298163,0.0019,49.4138163
1978,11,6,43818,-0.2327755,0.0019,49.4167755
1978,11,7,43819,-0.2358166,0.0019,49.4198166
1978,11,8,43820,-0.2389628,0.0019,49.4229628
1978,11,9,43821,-0.2422199,0.0019,49.4262199
1978,11,10,43822,-0.2455541,0.0019,49.4295541
1978,11,11,43823,-0.2489352,0.0019,49.4329352
1978,11,12,43824,-0.2522994,0.0019,49.4362994
1978,11,13,43825,-0.2555765,0.0019,49.4395765
1978,11,14,43826,-0.2587516,0.0019,49.4427516
1978,11,15,43827,-0.2617988,0.0019,49.4457988
1978,11,16,43828,-0.2647419,0.0019,49.4487419
1978,11,17,43829,-0.2675971,0.0019,49.4515971
1978,11,18,43830,-0.2704032,0.0019,49.4544032
1978,11,19,43831,-0.2732074,0.0019,49.4572074
1978,11,20,43832,-0.2760415,0.0019,49.4600415
1978,11,21,43833,-0.2789407,0.0019,49.4629407
1978,11,22,43834,-0.2819258,0.0019,49.4659258
1978,11,23,43835,-0.285003,0.0019,49.469003
1978,11,24,43836,-0.2881761,0.0019,49.4721761
1978,11,25,43837,-0.2914233,0.0019,49.4754233
1978,11,26,43838,-0.2947264,0.0019,49.4787264
1978,11,27,43839,-0.2980565,0.0019,49.4820565
1978,11,28,43840,-0.3013647,0.0019,49.4853647
1978,11,29,43841,-0.3046348,0.0019,49.4886348
1978,11,30,43842,-0.30781,0.0019,49.49181
1978,12,1,43843,-0.3109181,0.0019,49.4949181
1978,12,2,43844,-0.3139673,0.0019,49.4979673
1978,12,3,43845,-0.3170074,0.0019,49.5010074
1978,12,4,43846,-0.3201016,0.0019,49.5041016
1978,12,5,43847,-0.3232717,0.0019,49.5072717
1978,12,6,43848,-0.3265209,0.0019,49.5105209
1978,12,7,43849,-0.329828,0.0019,49.513828
1978,12,8,43850,-0.3331352,0.0019,49.5171352
1978,12,9,43851,-0.3364043,0.0019,49.5204043
1978,12,10,43852,-0.3395724,0.0019,49.5235724
1978,12,11,43853,-0.3426146,0.0019,49.5266146
1978,12,12,43854,-0.3455077,0.0019,49.5295077
1978,12,13,43855,-0.3482659,0.0019,49.5322659
1978,12,14,43856,-0.350903,0.0019,49.534903
1978,12,15,43857,-0.3534612,0.0019,49.5374612
1978,12,16,43858,-0.3559803,0.0019,49.5399803
1978,12,17,43859,-0.3584985,0.0019,49.5424985
1978,12,18,43860,-0.3610356,0.0019,49.5450356
1978,12,19,43861,-0.3636308,0.0019,49.5476308
1978,12,20,43862,-0.3663079,0.0019,49.5503079
1978,12,21,43863,-0.3690641,0.0019,49.5530641
1978,12,22,43864,-0.3718902,0.0019,49.5558902
1978,12,23,43865,-0.3748043,0.0019,49.5588043
1978,12,24,43866,-0.3777635,0.0019,49.5617635
1978,12,25,43867,-0.3807476,0.0019,49.5647476
1978,12,26,43868,-0.3837288,0.0019,49.5677288
1978,12,27,43869,-0.3866879,0.0019,49.5706879
1978,12,28,43870,-0.3896031,0.0019,49.5736031
1978,12,29,43871,-0.3925102,0.0019,49.5765102
1978,12,30,43872,-0.3954394,0.0019,49.5794394
1978,12,31,43873,-0.3984455,0.0019,49.5824455
1979,1,1,43874,0.5984263,0.0019,49.5855737
1979,1,2,43875,0.5951622,0.0019,49.5888378
1979,1,3,43876,0.5918001,0.0019,49.5921999
1979,1,4,43877,0.5883829,0.0019,49.5956171
1979,1,5,43878,0.5849888,0.0019,49.5990112
1979,1,6,43879,0.5816736,0.0019,49.6023264
1979,1,7,43880,0.5784855,0.0019,49.6055145
1979,1,8,43881,0.5754283,0.0019,49.6085717
1979,1,9,43882,0.5725162,0.0019,49.6114838
1979,1,10,43883,0.569715,0.0019,49.614285
1979,1,11,43884,0.5670139,0.0019,49.6169861
1979,1,12,43885,0.5643717,0.0019,49.6196283
1979,1,13,43886,0.5617396,0.0019,49.6222604
1979,1,14,43887,0.5590965,0.0019,49.6249035
1979,1,15,43888,0.5564233,0.0019,49.6275767
1979,1,16,43889,0.5536742,0.0019,49.6303258
1979,1,17,43890,0.550862,0.0019,49.633138
1979,1,18,43891,0.5479819,0.0019,49.6360181
1979,1,19,43892,0.5450467,0.0019,49.6389533
1979,1,20,43893,0.5420616,0.0019,49.6419384
1979,1,21,43894,0.5390594,0.0019,49.6449406
1979,1,22,43895,0.5360443,0.0019,49.6479557
1979,1,23,43896,0.5330532,0.0019,49.6509468
1979,1,24,43897,0.530082,0.0019,49.653918
1979,1,25,43898,0.5271489,0.0019,49.6568511
1979,1,26,43899,0.5242107,0.0019,49.6597893
1979,1,27,43900,0.5211946,0.0019,49.6628054
1979,1,28,43901,0.5180644,0.0019,49.6659356
1979,1,29,43902,0.5148003,0.0019,49.6691997
1979,1,30,43903,0.5113961,0.0019,49.6726039
1979,1,31,43904,0.507901,0.0019,49.676099
1979,2,1,43905,0.5044128,0.0019,49.6795872
1979,2,2,43906,0.5010037,0.0019,49.6829963
1979,2,3,43907,0.4977356,0.0019,49.6862644
1979,2,4,43908,0.4946474,0.0019,49.6893526
1979,2,5,43909,0.4917293,0.0019,49.6922707
1979,2,6,43910,0.4889641,0.0019,49.6950359
1979,2,7,43911,0.486316,0.0019,49.697684
1979,2,8,43912,0.4837458,0.0019,49.7002542
1979,2,9,43913,0.4812007,0.0019,49.7027993
1979,2,10,43914,0.4786625,0.0019,49.7053375
1979,2,11,43915,0.4760814,0.0019,49.7079186
1979,2,12,43916,0.4734463,0.0019,49.7105537
1979,2,13,43917,0.4707521,0.0019,49.7132479
1979,2,14,43918,0.467988,0.0019,49.716012
1979,2,15,43919,0.4651758,0.0019,49.7188242
1979,2,16,43920,0.4623327,0.0019,49.7216673
1979,2,17,43921,0.4594745,0.0019,49.7245255
1979,2,18,43922,0.4566424,0.0019,49.7273576
1979,2,19,43923,0.4538572,0.0019,49.7301428
1979,2,20,43924,0.4511191,0.0019,49.7328809
1979,2,21,43925,0.448425,0.0019,49.735575
1979,2,22,43926,0.4457468,0.0019,49.7382532
1979,2,23,43927,0.4430207,0.0019,49.7409793
1979,2,24,43928,0.4402005,0.0019,49.7437995
1979,2,25,43929,0.4372324,0.0019,49.7467676
1979,2,26,43930,0.4340862,0.0019,49.7499138
1979,2,27,43931,0.4307961,0.0019,49.7532039
1979,2,28,43932,0.4274319,0.0019,49.7565681
1979,3,1,43933,0.4240708,0.0019,49.7599292
1979,3,2,43934,0.4208067,0.0019,49.7631933
1979,3,3,43935,0.4176905,0.0019,49.7663095
1979,3,4,43936,0.4147414,0.0019,49.7692586
1979,3,5,43937,0.4119392,0.0019,49.7720608
1979,3,6,43938,0.4092521,0.0019,49.7747479
1979,3,7,43939,0.4066359,0.0019,49.7773641
1979,3,8,43940,0.4040348,0.0019,49.7799652
1979,3,9,43941,0.4014276,0.0019,49.7825724
1979,3,10,43942,0.3987685,0.0019,49.7852315
1979,3,11,43943,0.3960324,0.0019,49.7879676
1979,3,12,43944,0.3932032,0.0019,49.7907968
1979,3,13,43945,0.3902821,0.0019,49.7937179
1979,3,14,43946,0.3872689,0.0019,49.7967311
1979,3,15,43947,0.3841948,0.0019,49.7998052
1979,3,16,43948,0.3810876,0.0019,49.8029124
1979,3,17,43949,0.3779725,0.0019,49.8060275
1979,3,18,43950,0.3748934,0.0019,49.8091066
1979,3,19,43951,0.3718622,0.0019,49.8121378
1979,3,20,43952,0.3688811,0.0019,49.8151189
1979,3,21,43953,0.3659369,0.0019,49.8180631
1979,3,22,43954,0.3629808,0.0019,49.8210192
1979,3,23,43955,0.3599646,0.0019,49.8240354
1979,3,24,43956,0.3568385,0.0019,49.8271615
1979,3,25,43957,0.3535613,0.0019,49.8304387
1979,3,26,43958,0.3501152,0.0019,49.8338848
1979,3,27,43959,0.3465651,0.0019,49.8374349
1979,3,28,43960,0.3429729,0.0019,49.8410271
1979,3,29,43961,0.3394278,0.0019,49.8445722
1979,3,30,43962,0.3359986,0.0019,49.8480014
1979,3,31,43963,0.3327445,0.0019,49.8512555
1979,4,1,43964,0.3296543,0.0019,49.8543457
1979,4,2,43965,0.3267072,0.0019,49.8572928
1979,4,3,43966,0.3238571,0.0019,49.8601429
1979,4,4,43967,0.3210639,0.0019,49.8629361
1979,4,5,43968,0.3182738,0.0019,49.8657262
1979,4,6,43969,0.3154566,0.0019,49.8685434
1979,4,7,43970,0.3125715,0.0019,49.8714285
1979,4,8,43971,0.3096073,0.0019,49.8743927
1979,4,9,43972,0.3065412,0.0019,49.8774588
1979,4,10,43973,0.3033951,0.0019,49.8806049
1979,4,11,43974,0.3001669,0.0019,49.8838331
1979,4,12,43975,0.2968818,0.0019,49.8871182
1979,4,13,43976,0.2935866,0.0019,49.8904134
1979,4,14,43977,0.2903145,0.0019,49.8936855
1979,4,15,43978,0.2870843,0.0019,49.8969157
1979,4,16,43979,0.2839172,0.0019,49.9000828
1979,4,17,43980,0.2807971,0.0019,49.9032029
1979,4,18,43981,0.2777079,0.0019,49.9062921
1979,4,19,43982,0.2745898,0.0019,49.9094102
1979,4,20,43983,0.2713986,0.0019,49.9126014
1979,4,21,43984,0.2680945,0.0019,49.9159055
1979,4,22,43985,0.2646663,0.0019,49.9193337
1979,4,23,43986,0.2611182,0.0019,49.9228818
1979,4,24,43987,0.2575231,0.0019,49.9264769
1979,4,25,43988,0.2539339,0.0019,49.9300661
1979,4,26,43989,0.2504418,0.0019,49.9335582
1979,4,27,43990,0.2471146,0.0019,49.9368854
1979,4,28,43991,0.2439785,0.0019,49.9400215
1979,4,29,43992,0.2410043,0.0019,49.9429957
1979,4,30,43993,0.2381802,0.0019,49.9458198
1979,5,1,43994,0.2354451,0.0019,49.9485549
1979,5,2,43995,0.2327589,0.0019,49.9512411
1979,5,3,43996,0.2300708,0.0019,49.9539292
1979,5,4,43997,0.2273566,0.0019,49.9566434
1979,5,5,43998,0.2245825,0.0019,49.9594175
1979,5,6,43999,0.2217363,0.0019,49.9622637
1979,5,7,44000,0.2188202,0.0019,49.9651798
1979,5,8,44001,0.2158541,0.0019,49.9681459
1979,5,9,44002,0.2128279,0.0019,49.9711721
1979,5,10,44003,0.2097948,0.0019,49.9742052
1979,5,11,44004,0.2067846,0.0019,49.9772154
1979,5,12,44005,0.2038135,0.0019,49.9801865
1979,5,13,44006,0.2009102999999999,0.0019,49.9830897
1979,5,14,44007,0.1980842,0.0019,49.9859158
1979,5,15,44008,0.1952971,0.0019,49.9887029
1979,5,16,44009,0.1925219,0.0019,49.9914781
1979,5,17,44010,0.1896938,0.0019,49.9943062
1979,5,18,44011,0.1867946,0.0019,49.9972054
1979,5,19,44012,0.1837805,0.0019,50.0002195
1979,5,20,44013,0.1806884,0.0019,50.0033116
1979,5,21,44014,0.1775412,0.0019,50.0064588
1979,5,22,44015,0.1744101,0.0019,50.0095899
1979,5,23,44016,0.1713559,0.0019,50.0126441
1979,5,24,44017,0.1684358,0.0019,50.0155642
1979,5,25,44018,0.1656986,0.0019,50.0183014
1979,5,26,44019,0.1631375,0.0019,50.0208625
1979,5,27,44020,0.1607544,0.0019,50.0232456
1979,5,28,44021,0.1584872,0.0019,50.0255128
1979,5,29,44022,0.1562941,0.0019,50.0277059
1979,5,30,44023,0.1541529,0.0019,50.0298471
1979,5,31,44024,0.1520078,0.0019,50.0319922
1979,6,1,44025,0.1498397,0.0019,50.0341603
1979,6,2,44026,0.1476235,0.0019,50.0363765
1979,6,3,44027,0.1453594,0.0019,50.0386406
1979,6,4,44028,0.1430512,0.0019,50.0409488
1979,6,5,44029,0.1407201,0.0019,50.0432799
1979,6,6,44030,0.138386,0.0019,50.045614
1979,6,7,44031,0.1360518,0.0019,50.0479482
1979,6,8,44032,0.1337537,0.0019,50.0502463
1979,6,9,44033,0.1315165,0.0019,50.0524835
1979,6,10,44034,0.1293314,0.0019,50.0546686
1979,6,11,44035,0.1271922,0.0019,50.0568078
1979,6,12,44036,0.1250511,0.0019,50.0589489
1979,6,13,44037,0.122861,0.0019,50.061139
1979,6,14,44038,0.1205618,0.0019,50.0634382
1979,6,15,44039,0.1181307,0.0019,50.0658693
1979,6,16,44040,0.1155685,0.0019,50.0684315
1979,6,17,44041,0.1129294,0.0019,50.0710706
1979,6,18,44042,0.1102653,0.0019,50.0737347
1979,6,19,44043,0.1076441,0.0019,50.0763559
1979,6,20,44044,0.105102,0.0019,50.078898
1979,6,21,44045,0.1026928,0.0019,50.0813072
1979,6,22,44046,0.1004267,0.0019,50.0835733
1979,6,23,44047,0.0982776,0.0019,50.0857224
1979,6,24,44048,0.0962264,0.0019,50.0877736
1979,6,25,44049,0.0942163,0.0019,50.0897837
1979,6,26,44050,0.0922181,0.0019,50.0917819
1979,6,27,44051,0.090194,0.0019,50.093806
1979,6,28,44052,0.0881379,0.0019,50.0958621
1979,6,29,44053,0.0860197,0.0019,50.0979803
1979,6,30,44054,0.0838356,0.0019,50.1001644
1979,7,1,44055,0.0816164,0.0019,50.1023836
1979,7,2,44056,0.0793623,0.0019,50.1046377
1979,7,3,44057,0.0771012,0.0019,50.1068988
1979,7,4,44058,0.074852,0.0019,50.109148
1979,7,5,44059,0.0726349,0.0019,50.1113651
1979,7,6,44060,0.0704827,0.0019,50.1135173
1979,7,7,44061,0.0684006,0.0019,50.1155994
1979,7,8,44062,0.0664025,0.0019,50.1175975
1979,7,9,44063,0.0644293,0.0019,50.1195707
1979,7,10,44064,0.0624592,0.0019,50.1215408
1979,7,11,44065,0.060415,0.0019,50.123585
1979,7,12,44066,0.0582589,0.0019,50.1257411
1979,7,13,44067,0.0560078,0.0019,50.1279922
1979,7,14,44068,0.0536706,0.0019,50.1303294
1979,7,15,44069,0.0513345,0.0019,50.1326655
1979,7,16,44070,0.0490643,0.0019,50.1349357
1979,7,17,44071,0.0469312,0.0019,50.1370688
1979,7,18,44072,0.0449531,0.0019,50.1390469
1979,7,19,44073,0.0431459,0.0019,50.1408541
1979,7,20,44074,0.0415008,0.0019,50.1424992
1979,7,21,44075,0.0399696,0.0019,50.1440304
1979,7,22,44076,0.0385145,0.0019,50.1454855
1979,7,23,44077,0.0370804,0.0019,50.1469196
1979,7,24,44078,0.0356382,0.0019,50.1483618
1979,7,25,44079,0.0341491,0.0019,50.1498509
1979,7,26,44080,0.0325949,0.0019,50.1514051
1979,7,27,44081,0.0309578,0.0019,50.1530422
1979,7,28,44082,0.0292367,0.0019,50.1547633
1979,7,29,44083,0.0274485,0.0019,50.1565515
1979,7,30,44084,0.0256134,0.0019,50.1583866
1979,7,31,44085,0.0237382,0.0019,50.1602618
1979,8,1,44086,0.0218541,0.0019,50.1621459
1979,8,2,44087,0.01997,0.0019,50.16403
1979,8,3,44088,0.0180868,0.0019,50.1659132
1979,8,4,44089,0.0162237,0.0019,50.1677763
1979,8,5,44090,0.0143425,0.0019,50.1696575
1979,8,6,44091,0.0124074,0.0019,50.1715926
1979,8,7,44092,0.0103613,0.0019,50.1736387
1979,8,8,44093,0.0081381,0.0019,50.1758619
1979,8,9,44094,0.005736,0.0019,50.178264
1979,8,10,44095,0.0031729,0.0019,50.1808271
1979,8,11,44096,0.0005067,0.0019,50.1834933
1979,8,12,44097,-0.0021664,0.0019,50.1861664
1979,8,13,44098,-0.0047596,0.0019,50.1887596
1979,8,14,44099,-0.0072187,0.0019,50.1912187
1979,8,15,44100,-0.0095028,0.0019,50.1935028
1979,8,16,44101,-0.011614,0.0019,50.195614
1979,8,17,44102,-0.0135841,0.0019,50.1975841
1979,8,18,44103,-0.0154743,0.0019,50.1994743
1979,8,19,44104,-0.0173164,0.0019,50.2013164
1979,8,20,44105,-0.0191465,0.0019,50.2031465
1979,8,21,44106,-0.0209957,0.0019,50.2049957
1979,8,22,44107,-0.0228968,0.0019,50.2068968
1979,8,23,44108,-0.0248489,0.0019,50.2088489
1979,8,24,44109,-0.0268531,0.0019,50.2108531
1979,8,25,44110,-0.0288972,0.0019,50.2128972
1979,8,26,44111,-0.0309514,0.0019,50.2149514
1979,8,27,44112,-0.0330065,0.0019,50.2170065
1979,8,28,44113,-0.0350286,0.0019,50.2190286
1979,8,29,44114,-0.0370168,0.0019,50.2210168
1979,8,30,44115,-0.0389479,0.0019,50.2229479
1979,8,31,44116,-0.040843,0.0019,50.224843
1979,9,1,44117,-0.0427092,0.0019,50.2267092
1979,9,2,44118,-0.0446043,0.0019,50.2286043
1979,9,3,44119,-0.0465685,0.0019,50.2305685
1979,9,4,44120,-0.0486826,0.0019,50.2326826
1979,9,5,44121,-0.0509827,0.0019,50.2349827
1979,9,6,44122,-0.0534889,0.0019,50.2374889
1979,9,7,44123,-0.056158,0.0019,50.240158
1979,9,8,44124,-0.0589101,0.0019,50.2429101
1979,9,9,44125,-0.0616393,0.0019,50.2456393
1979,9,10,44126,-0.0642544,0.0019,50.2482544
1979,9,11,44127,-0.0667156,0.0019,50.2507156
1979,9,12,44128,-0.0689987,0.0019,50.2529987
1979,9,13,44129,-0.0711428,0.0019,50.2551428
1979,9,14,44130,-0.073197,0.0019,50.257197
1979,9,15,44131,-0.0751901,0.0019,50.2591901
1979,9,16,44132,-0.0771932,0.0019,50.2611932
1979,9,17,44133,-0.0792264,0.0019,50.2632264
1979,9,18,44134,-0.0813125,0.0019,50.2653125
1979,9,19,44135,-0.0834837,0.0019,50.2674837
1979,9,20,44136,-0.0857348,0.0019,50.2697348
1979,9,21,44137,-0.0880699,0.0019,50.2720699
1979,9,22,44138,-0.0904591,0.0019,50.2744591
1979,9,23,44139,-0.0928972,0.0019,50.2768972
1979,9,24,44140,-0.0953563,0.0019,50.2793563
1979,9,25,44141,-0.0977975,0.0019,50.2817975
1979,9,26,44142,-0.1002226,0.0019,50.2842226
1979,9,27,44143,-0.1026177,0.0019,50.2866177
1979,9,28,44144,-0.1049979,0.0019,50.2889979
1979,9,29,44145,-0.107405,0.0019,50.291405
1979,9,30,44146,-0.1098792,0.0019,50.2938792
1979,10,1,44147,-0.1124633,0.0019,50.2964633
1979,10,2,44148,-0.1152234,0.0019,50.2992234
1979,10,3,44149,-0.1181816,0.0019,50.3021816
1979,10,4,44150,-0.1213397,0.0019,50.3053397
1979,10,5,44151,-0.1246198,0.0019,50.3086198
1979,10,6,44152,-0.127932,0.0019,50.311932
1979,10,7,44153,-0.1311931,0.0019,50.3151931
1979,10,8,44154,-0.1343112,0.0019,50.3183112
1979,10,9,44155,-0.1372514,0.0019,50.3212514
1979,10,10,44156,-0.1400185,0.0019,50.3240185
1979,10,11,44157,-0.1426566,0.0019,50.3266566
1979,10,12,44158,-0.1452078,0.0019,50.3292078
1979,10,13,44159,-0.1477339,0.0019,50.3317339
1979,10,14,44160,-0.1502721,0.0019,50.3342721
1979,10,15,44161,-0.1528442,0.0019,50.3368442
1979,10,16,44162,-0.1554943,0.0019,50.3394943
1979,10,17,44163,-0.1581995,0.0019,50.3421995
1979,10,18,44164,-0.1609706,0.0019,50.3449706
1979,10,19,44165,-0.1637867,0.0019,50.3477867
1979,10,20,44166,-0.1666199,0.0019,50.3506199
1979,10,21,44167,-0.169413,0.0019,50.353413
1979,10,22,44168,-0.1721551,0.0019,50.3561551
1979,10,23,44169,-0.1748223,0.0019,50.3588223
1979,10,24,44170,-0.1774014,0.0019,50.3614014
1979,10,25,44171,-0.1798975,0.0019,50.3638975
1979,10,26,44172,-0.1823267,0.0019,50.3663267
1979,10,27,44173,-0.1847558,0.0019,50.3687558
1979,10,28,44174,-0.1872299,0.0019,50.3712299
1979,10,29,44175,-0.1897981,0.0019,50.3737981
1979,10,30,44176,-0.1925102,0.0019,50.3765102
1979,10,31,44177,-0.1953784,0.0019,50.3793784
1979,11,1,44178,-0.1983705,0.0019,50.3823705
1979,11,2,44179,-0.2014256,0.0019,50.3854256
1979,11,3,44180,-0.2044558,0.0019,50.3884558
1979,11,4,44181,-0.2073829,0.0019,50.3913829
1979,11,5,44182,-0.210132,0.0019,50.394132
1979,11,6,44183,-0.2127112,0.0019,50.3967112
1979,11,7,44184,-0.2151193,0.0019,50.3991193
1979,11,8,44185,-0.2174344,0.0019,50.4014344
1979,11,9,44186,-0.2196866,0.0019,50.4036866
1979,11,10,44187,-0.2219497,0.0019,50.4059497
1979,11,11,44188,-0.2242328,0.0019,50.4082328
1979,11,12,44189,-0.226594,0.0019,50.410594
1979,11,13,44190,-0.2290291,0.0019,50.4130291
1979,11,14,44191,-0.2315232,0.0019,50.4155232
1979,11,15,44192,-0.2340844,0.0019,50.4180844
1979,11,16,44193,-0.2366845,0.0019,50.4206845
1979,11,17,44194,-0.2392866,0.0019,50.4232866
1979,11,18,44195,-0.2418818,0.0019,50.4258818
1979,11,19,44196,-0.2444159,0.0019,50.4284159
1979,11,20,44197,-0.246896,0.0019,50.430896
1979,11,21,44198,-0.2492952,0.0019,50.4332952
1979,11,22,44199,-0.2516363,0.0019,50.4356363
1979,11,23,44200,-0.2539624,0.0019,50.4379624
1979,11,24,44201,-0.2563306,0.0019,50.4403306
1979,11,25,44202,-0.2587997,0.0019,50.4427997
1979,11,26,44203,-0.2614018,0.0019,50.4454018
1979,11,27,44204,-0.264147,0.0019,50.448147
1979,11,28,44205,-0.2670301,0.0019,50.4510301
1979,11,29,44206,-0.2699922,0.0019,50.4539922
1979,11,30,44207,-0.2729864,0.0019,50.4569864
1979,12,1,44208,-0.2759295,0.0019,50.4599295
1979,12,2,44209,-0.2787596,0.0019,50.4627596
1979,12,3,44210,-0.2814428,0.0019,50.4654428
1979,12,4,44211,-0.2839849,0.0019,50.4679849
1979,12,5,44212,-0.286419,0.0019,50.470419
1979,12,6,44213,-0.2887822,0.0019,50.4727822
1979,12,7,44214,-0.2911353,0.0019,50.4751353
1979,12,8,44215,-0.2935174,0.0019,50.4775174
1979,12,9,44216,-0.2959496,0.0019,50.4799496
1979,12,10,44217,-0.2984327,0.0019,50.4824327
1979,12,11,44218,-0.3009998,0.0019,50.4849998
1979,12,12,44219,-0.303614,0.0019,50.487614
1979,12,13,44220,-0.3062551,0.0019,50.4902551
1979,12,14,44221,-0.3089152,0.0019,50.4929152
1979,12,15,44222,-0.3115504,0.0019,50.4955504
1979,12,16,44223,-0.3141475,0.0019,50.4981475
1979,12,17,44224,-0.3166746,0.0019,50.5006746
1979,12,18,44225,-0.3191318,0.0019,50.5031318
1979,12,19,44226,-0.3215149,0.0019,50.5055149
1979,12,20,44227,-0.323865,0.0019,50.507865
1979,12,21,44228,-0.3262171,0.0019,50.5102171
1979,12,22,44229,-0.3286413,0.0019,50.5126413
1979,12,23,44230,-0.3311794,0.0019,50.5151794
1979,12,24,44231,-0.3338485,0.0019,50.5178485
1979,12,25,44232,-0.3366387,0.0019,50.5206387
1979,12,26,44233,-0.3394808,0.0019,50.5234808
1979,12,27,44234,-0.3423349,0.0019,50.5263349
1979,12,28,44235,-0.3451201,0.0019,50.5291201
1979,12,29,44236,-0.3477952,0.0019,50.5317952
1979,12,30,44237,-0.3503143,0.0019,50.5343143
1979,12,31,44238,-0.3526975,0.0019,50.5366975
1980,1,1,44239,0.6450414,0.0004,50.5389586
1980,1,2,44240,0.6428473,0.0004,50.5411527
1980,1,3,44241,0.6406841,0.0004,50.5433159
1980,1,4,44242,0.6384879999999999,0.0004,50.545512
1980,1,5,44243,0.6362489,0.0004,50.5477511
1980,1,6,44244,0.6339388,0.0004,50.5500612
1980,1,7,44245,0.6315316,0.0004,50.5524684
1980,1,8,44246,0.6290515,0.0004,50.5549485
1980,1,9,44247,0.6265034,0.0004,50.5574966
1980,1,10,44248,0.6239112,0.0004,50.5600888
1980,1,11,44249,0.6213091,0.0004,50.5626909
1980,1,12,44250,0.6187,0.0004,50.5653
1980,1,13,44251,0.6161208,0.0004,50.5678792
1980,1,14,44252,0.6135817,0.0004,50.5704183
1980,1,15,44253,0.6110716,0.0004,50.5729284
1980,1,16,44254,0.6085694,0.0004,50.5754306
1980,1,17,44255,0.6060563,0.0004,50.5779437
1980,1,18,44256,0.6034802,0.0004,50.5805198
1980,1,19,44257,0.6007981,0.0004,50.5832019
1980,1,20,44258,0.5979729,0.0004,50.5860271
1980,1,21,44259,0.5950198,0.0004,50.5889802
1980,1,22,44260,0.5919927,0.0004,50.5920073
1980,1,23,44261,0.5889685,0.0004,50.5950315
1980,1,24,44262,0.5860064,0.0004,50.5979936
1980,1,25,44263,0.5831983,0.0004,50.6008017
1980,1,26,44264,0.5805671,0.0004,50.6034329
1980,1,27,44265,0.578125,0.0004,50.605875
1980,1,28,44266,0.5758479,0.0004,50.6081521
1980,1,29,44267,0.5736818,0.0004,50.6103182
1980,1,30,44268,0.5715946,0.0004,50.6124054
1980,1,31,44269,0.5695265,0.0004,50.6144735
1980,2,1,44270,0.5674584,0.0004,50.6165416
1980,2,2,44271,0.5653602,0.0004,50.6186398
1980,2,3,44272,0.5631961,0.0004,50.6208039
1980,2,4,44273,0.560984,0.0004,50.623016
1980,2,5,44274,0.5587229,0.0004,50.6252771
1980,2,6,44275,0.5564517,0.0004,50.6275483
1980,2,7,44276,0.5541976,0.0004,50.6298024
1980,2,8,44277,0.5519955,0.0004,50.6320045
1980,2,9,44278,0.5498833,0.0004,50.6341167
1980,2,10,44279,0.5478242,0.0004,50.6361758
1980,2,11,44280,0.5458231,0.0004,50.6381769
1980,2,12,44281,0.543825,0.0004,50.640175
1980,2,13,44282,0.5417948,0.0004,50.6422052
1980,2,14,44283,0.5396317,0.0004,50.6443683
1980,2,15,44284,0.5372916,0.0004,50.6467084
1980,2,16,44285,0.5347254,0.0004,50.6492746
1980,2,17,44286,0.5319073,0.0004,50.6520927
1980,2,18,44287,0.5288722,0.0004,50.6551278
1980,2,19,44288,0.5257211,0.0004,50.6582789
1980,2,20,44289,0.5225509,0.0004,50.6614491
1980,2,21,44290,0.5194428,0.0004,50.6645572
1980,2,22,44291,0.5164487,0.0004,50.6675513
1980,2,23,44292,0.5136095,0.0004,50.6703905
1980,2,24,44293,0.5109424,0.0004,50.6730576
1980,2,25,44294,0.5084233,0.0004,50.6755767
1980,2,26,44295,0.5060082,0.0004,50.6779918
1980,2,27,44296,0.503666,0.0004,50.680334
1980,2,28,44297,0.5013529,0.0004,50.6826471
1980,2,29,44298,0.4990458,0.0004,50.6849542
1980,3,1,44299,0.4967296,0.0004,50.6872704
1980,3,2,44300,0.4943945,0.0004,50.6896055
1980,3,3,44301,0.4920534,0.0004,50.6919466
1980,3,4,44302,0.4897273,0.0004,50.6942727
1980,3,5,44303,0.4874211,0.0004,50.6965789
1980,3,6,44304,0.485166,0.0004,50.698834
1980,3,7,44305,0.4829639,0.0004,50.7010361
1980,3,8,44306,0.4807998,0.0004,50.7032002
1980,3,9,44307,0.4786916,0.0004,50.7053084
1980,3,10,44308,0.4766125,0.0004,50.7073875
1980,3,11,44309,0.4745264,0.0004,50.7094736
1980,3,12,44310,0.4723893,0.0004,50.7116107
1980,3,13,44311,0.4701431,0.0004,50.7138569
1980,3,14,44312,0.467703,0.0004,50.716297
1980,3,15,44313,0.4650469,0.0004,50.7189531
1980,3,16,44314,0.4621707,0.0004,50.7218293
1980,3,17,44315,0.4591076,0.0004,50.7248924
1980,3,18,44316,0.4559655,0.0004,50.7280345
1980,3,19,44317,0.4528554,0.0004,50.7311446
1980,3,20,44318,0.4498732,0.0004,50.7341268
1980,3,21,44319,0.4470511,0.0004,50.7369489
1980,3,22,44320,0.444391,0.0004,50.739609
1980,3,23,44321,0.4418309,0.0004,50.7421691
1980,3,24,44322,0.4393467,0.0004,50.7446533
1980,3,25,44323,0.4368586,0.0004,50.7471414
1980,3,26,44324,0.4343385,0.0004,50.7496615
1980,3,27,44325,0.4317434,0.0004,50.7522566
1980,3,28,44326,0.4290712,0.0004,50.7549288
1980,3,29,44327,0.4263231,0.0004,50.7576769
1980,3,30,44328,0.423513,0.0004,50.760487
1980,3,31,44329,0.4206639,0.0004,50.7633361
1980,4,1,44330,0.4178067,0.0004,50.7661933
1980,4,2,44331,0.4149706,0.0004,50.7690294
1980,4,3,44332,0.4121945,0.0004,50.7718055
1980,4,4,44333,0.4095004,0.0004,50.7744996
1980,4,5,44334,0.4069052,0.0004,50.7770948
1980,4,6,44335,0.4044211,0.0004,50.7795789
1980,4,7,44336,0.402012,0.0004,50.781988
1980,4,8,44337,0.3996249,0.0004,50.7843751
1980,4,9,44338,0.3972197,0.0004,50.7867803
1980,4,10,44339,0.3947126,0.0004,50.7892874
1980,4,11,44340,0.3920625,0.0004,50.7919375
1980,4,12,44341,0.3892234,0.0004,50.7947766
1980,4,13,44342,0.3862142,0.0004,50.7977858
1980,4,14,44343,0.3831091,0.0004,50.8008909
1980,4,15,44344,0.379987,0.0004,50.804013
1980,4,16,44345,0.3769469,0.0004,50.8070531
1980,4,17,44346,0.3740427,0.0004,50.8099573
1980,4,18,44347,0.3713256,0.0004,50.8126744
1980,4,19,44348,0.3687575,0.0004,50.8152425
1980,4,20,44349,0.3663044,0.0004,50.8176956
1980,4,21,44350,0.3638942,0.0004,50.8201058
1980,4,22,44351,0.3614641,0.0004,50.8225359
1980,4,23,44352,0.35898,0.0004,50.82502
1980,4,24,44353,0.3564309,0.0004,50.8275691
1980,4,25,44354,0.3538157,0.0004,50.8301843
1980,4,26,44355,0.3511376,0.0004,50.8328624
1980,4,27,44356,0.3484235,0.0004,50.8355765
1980,4,28,44357,0.3457044,0.0004,50.8382956
1980,4,29,44358,0.3430293,0.0004,50.8409707
1980,4,30,44359,0.3404381,0.0004,50.8435619
1980,5,1,44360,0.337932,0.0004,50.846068
1980,5,2,44361,0.3355279,0.0004,50.8484721
1980,5,3,44362,0.3332068,0.0004,50.8507932
1980,5,4,44363,0.3309556,0.0004,50.8530444
1980,5,5,44364,0.3287305,0.0004,50.8552695
1980,5,6,44365,0.3264904,0.0004,50.8575096
1980,5,7,44366,0.3241703,0.0004,50.8598297
1980,5,8,44367,0.3217271,0.0004,50.8622729
1980,5,9,44368,0.319121,0.0004,50.864879
1980,5,10,44369,0.3163369,0.0004,50.8676631
1980,5,11,44370,0.3134248,0.0004,50.8705752
1980,5,12,44371,0.3104507,0.0004,50.8735493
1980,5,13,44372,0.3075135,0.0004,50.8764865
1980,5,14,44373,0.3047014,0.0004,50.8792986
1980,5,15,44374,0.3020653,0.0004,50.8819347
1980,5,16,44375,0.2995992,0.0004,50.8844008
1980,5,17,44376,0.297268,0.0004,50.886732
1980,5,18,44377,0.2950249,0.0004,50.8889751
1980,5,19,44378,0.2928178,0.0004,50.8911822
1980,5,20,44379,0.2905937,0.0004,50.8934063
1980,5,21,44380,0.2883276,0.0004,50.8956724
1980,5,22,44381,0.2860004,0.0004,50.8979996
1980,5,23,44382,0.2836203,0.0004,50.9003797
1980,5,24,44383,0.2812102,0.0004,50.9027898
1980,5,25,44384,0.2788181,0.0004,50.9051819
1980,5,26,44385,0.2764659,0.0004,50.9075341
1980,5,27,44386,0.2741968,0.0004,50.9098032
1980,5,28,44387,0.2720267,0.0004,50.9119733
1980,5,29,44388,0.2699636,0.0004,50.9140364
1980,5,30,44389,0.2680115,0.0004,50.9159885
1980,5,31,44390,0.2661613,0.0004,50.9178387
1980,6,1,44391,0.2643932,0.0004,50.9196068
1980,6,2,44392,0.2626371,0.0004,50.9213629
1980,6,3,44393,0.260849,0.0004,50.923151
1980,6,4,44394,0.2589699,0.0004,50.9250301
1980,6,5,44395,0.2569677,0.0004,50.9270323
1980,6,6,44396,0.2548296,0.0004,50.9291704
1980,6,7,44397,0.2525695,0.0004,50.9314305
1980,6,8,44398,0.2502544,0.0004,50.9337456
1980,6,9,44399,0.2479223,0.0004,50.9360777
1980,6,10,44400,0.2456431,0.0004,50.9383569
1980,6,11,44401,0.243486,0.0004,50.940514
1980,6,12,44402,0.2414869,0.0004,50.9425131
1980,6,13,44403,0.2396238,0.0004,50.9443762
1980,6,14,44404,0.2378437,0.0004,50.9461563
1980,6,15,44405,0.2360965,0.0004,50.9479035
1980,6,16,44406,0.2343224,0.0004,50.9496776
1980,6,17,44407,0.2325023,0.0004,50.9514977
1980,6,18,44408,0.2306232,0.0004,50.9533768
1980,6,19,44409,0.2286781,0.0004,50.9553219
1980,6,20,44410,0.2266979,0.0004,50.9573021
1980,6,21,44411,0.2246928,0.0004,50.9593072
1980,6,22,44412,0.2226997,0.0004,50.9613003
1980,6,23,44413,0.2207436,0.0004,50.9632564
1980,6,24,44414,0.2188595,0.0004,50.9651405
1980,6,25,44415,0.2170443,0.0004,50.9669557
1980,6,26,44416,0.2153262,0.0004,50.9686738
1980,6,27,44417,0.2137101,0.0004,50.9702899
1980,6,28,44418,0.212165,0.0004,50.971835
1980,6,29,44419,0.2106569,0.0004,50.9733431
1980,6,30,44420,0.2091317,0.0004,50.9748683
1980,7,1,44421,0.2075326,0.0004,50.9764674
1980,7,2,44422,0.2058245,0.0004,50.9781755
1980,7,3,44423,0.2039804,0.0004,50.9800196
1980,7,4,44424,0.2020393,0.0004,50.9819607
1980,7,5,44425,0.2000492,0.0004,50.9839508
1980,7,6,44426,0.198064,0.0004,50.985936
1980,7,7,44427,0.1961599,0.0004,50.9878401
1980,7,8,44428,0.1943838,0.0004,50.9896162
1980,7,9,44429,0.1927437,0.0004,50.9912563
1980,7,10,44430,0.1912296,0.0004,50.9927704
1980,7,11,44431,0.1898264,0.0004,50.9941736
1980,7,12,44432,0.1884583,0.0004,50.9955417
1980,7,13,44433,0.1870792,0.0004,50.9969208
1980,7,14,44434,0.1856631,0.0004,50.9983369
1980,7,15,44435,0.184165,0.0004,50.999835
1980,7,16,44436,0.1825999,0.0004,51.0014001
1980,7,17,44437,0.1809647,0.0004,51.0030353
1980,7,18,44438,0.1792796,0.0004,51.0047204
1980,7,19,44439,0.1775665,0.0004,51.0064335
1980,7,20,44440,0.1758584,0.0004,51.0081416
1980,7,21,44441,0.1741753,0.0004,51.0098247
1980,7,22,44442,0.1725482,0.0004,51.0114518
1980,7,23,44443,0.170983,0.0004,51.013017
1980,7,24,44444,0.1694679,0.0004,51.0145321
1980,7,25,44445,0.1679888,0.0004,51.0160112
1980,7,26,44446,0.1665267,0.0004,51.0174733
1980,7,27,44447,0.1650136,0.0004,51.0189864
1980,7,28,44448,0.1634065,0.0004,51.0205935
1980,7,29,44449,0.1616533,0.0004,51.0223467
1980,7,30,44450,0.1597562,0.0004,51.0242438
1980,7,31,44451,0.1577421,0.0004,51.0262579
1980,8,1,44452,0.15567,0.0004,51.02833
1980,8,2,44453,0.1536259,0.0004,51.0303741
1980,8,3,44454,0.1516898,0.0004,51.0323102
1980,8,4,44455,0.1499126,0.0004,51.0340874
1980,8,5,44456,0.1483125,0.0004,51.0356875
1980,8,6,44457,0.1468674,0.0004,51.0371326
1980,8,7,44458,0.1455553,0.0004,51.0384447
1980,8,8,44459,0.1442792,0.0004,51.0397208
1980,8,9,44460,0.1430091,0.0004,51.0409909
1980,8,10,44461,0.141676,0.0004,51.042324
1980,8,11,44462,0.1402698,0.0004,51.0437302
1980,8,12,44463,0.1387757,0.0004,51.0452243
1980,8,13,44464,0.1371856,0.0004,51.0468144
1980,8,14,44465,0.1355185,0.0004,51.0484815
1980,8,15,44466,0.1337874,0.0004,51.0502126
1980,8,16,44467,0.1320323,0.0004,51.0519677
1980,8,17,44468,0.1302701,0.0004,51.0537299
1980,8,18,44469,0.128544,0.0004,51.055456
1980,8,19,44470,0.1268409,0.0004,51.0571591
1980,8,20,44471,0.1251718,0.0004,51.0588282
1980,8,21,44472,0.1235007,0.0004,51.0604993
1980,8,22,44473,0.1218276,0.0004,51.0621724
1980,8,23,44474,0.1200975,0.0004,51.0639025
1980,8,24,44475,0.1182533,0.0004,51.0657467
1980,8,25,44476,0.1162522,0.0004,51.0677478
1980,8,26,44477,0.1140391,0.0004,51.0699609
1980,8,27,44478,0.111641,0.0004,51.072359
1980,8,28,44479,0.1091049,0.0004,51.0748951
1980,8,29,44480,0.1065238,0.0004,51.0774762
1980,8,30,44481,0.1040107,0.0004,51.0799893
1980,8,31,44482,0.1016295,0.0004,51.0823705
1980,9,1,44483,0.0994354,0.0004,51.0845646
1980,9,2,44484,0.0974073,0.0004,51.0865927
1980,9,3,44485,0.0955172,0.0004,51.0884828
1980,9,4,44486,0.0937001,0.0004,51.0902999
1980,9,5,44487,0.091883,0.0004,51.092117
1980,9,6,44488,0.0900159,0.0004,51.0939841
1980,9,7,44489,0.0880538,0.0004,51.0959462
1980,9,8,44490,0.0859906,0.0004,51.0980094
1980,9,9,44491,0.0838155,0.0004,51.1001845
1980,9,10,44492,0.0815584,0.0004,51.1024416
1980,9,11,44493,0.0792403,0.0004,51.1047597
1980,9,12,44494,0.0768822,0.0004,51.1071178
1980,9,13,44495,0.0745191,0.0004,51.1094809
1980,9,14,44496,0.072172,0.0004,51.111828
1980,9,15,44497,0.0698829,0.0004,51.1141171
1980,9,16,44498,0.0676547,0.0004,51.1163453
1980,9,17,44499,0.0654636,0.0004,51.1185364
1980,9,18,44500,0.0633165,0.0004,51.1206835
1980,9,19,44501,0.0611604,0.0004,51.1228396
1980,9,20,44502,0.0589613,0.0004,51.1250387
1980,9,21,44503,0.0566482,0.0004,51.1273518
1980,9,22,44504,0.0541871,0.0004,51.1298129
1980,9,23,44505,0.051524,0.0004,51.132476
1980,9,24,44506,0.0486928,0.0004,51.1353072
1980,9,25,44507,0.0457547,0.0004,51.1382453
1980,9,26,44508,0.0428006,0.0004,51.1411994
1980,9,27,44509,0.0399405,0.0004,51.1440595
1980,9,28,44510,0.0372624,0.0004,51.1467376
1980,9,29,44511,0.0347853,0.0004,51.1492147
1980,9,30,44512,0.0324722,0.0004,51.1515278
1980,10,1,44513,0.0302861,0.0004,51.1537139
1980,10,2,44514,0.028162,0.0004,51.155838
1980,10,3,44515,0.0260268,0.0004,51.1579732
1980,10,4,44516,0.0238407,0.0004,51.1601593
1980,10,5,44517,0.0215976,0.0004,51.1624024
1980,10,6,44518,0.0192635,0.0004,51.1647365
1980,10,7,44519,0.0168594,0.0004,51.1671406
1980,10,8,44520,0.0143953,0.0004,51.1696047
1980,10,9,44521,0.0119042,0.0004,51.1720958
1980,10,10,44522,0.0094141,0.0004,51.1745859
1980,10,11,44523,0.006951,0.0004,51.177049
1980,10,12,44524,0.0045499,0.0004,51.1794501
1980,10,13,44525,0.0021967,0.0004,51.1818033
1980,10,14,44526,-0.0001054,0.0004,51.1841054
1980,10,15,44527,-0.0023645,0.0004,51.1863645
1980,10,16,44528,-0.0046236,0.0004,51.1886236
1980,10,17,44529,-0.0069107,0.0004,51.1909107
1980,10,18,44530,-0.0093008,0.0004,51.1933008
1980,10,19,44531,-0.0118519,0.0004,51.1958519
1980,10,20,44532,-0.014599,0.0004,51.198599
1980,10,21,44533,-0.0175661,0.0004,51.2015661
1980,10,22,44534,-0.0207212,0.0004,51.2047212
1980,10,23,44535,-0.0239754,0.0004,51.2079754
1980,10,24,44536,-0.0271985,0.0004,51.2111985
1980,10,25,44537,-0.0302976,0.0004,51.2142976
1980,10,26,44538,-0.0331997,0.0004,51.2171997
1980,10,27,44539,-0.0358988,0.0004,51.2198988
1980,10,28,44540,-0.0384339,0.0004,51.2224339
1980,10,29,44541,-0.040854,0.0004,51.224854
1980,10,30,44542,-0.0432471,0.0004,51.2272471
1980,10,31,44543,-0.0456562,0.0004,51.2296562
1980,11,1,44544,-0.0481093,0.0004,51.2321093
1980,11,2,44545,-0.0506104,0.0004,51.2346104
1980,11,3,44546,-0.0531525,0.0004,51.2371525
1980,11,4,44547,-0.0557397,0.0004,51.2397397
1980,11,5,44548,-0.0583118,0.0004,51.2423118
1980,11,6,44549,-0.0608529,0.0004,51.2448529
1980,11,7,44550,-0.063329,0.0004,51.247329
1980,11,8,44551,-0.0657111,0.0004,51.2497111
1980,11,9,44552,-0.0680042,0.0004,51.2520042
1980,11,10,44553,-0.0701933,0.0004,51.2541933
1980,11,11,44554,-0.0723084,0.0004,51.2563084
1980,11,12,44555,-0.0743815,0.0004,51.2583815
1980,11,13,44556,-0.0764576,0.0004,51.2604576
1980,11,14,44557,-0.0785807,0.0004,51.2625807
1980,11,15,44558,-0.0808328,0.0004,51.2648328
1980,11,16,44559,-0.0832609,0.0004,51.2672609
1980,11,17,44560,-0.085891,0.0004,51.269891
1980,11,18,44561,-0.0887222,0.0004,51.2727222
1980,11,19,44562,-0.0917103,0.0004,51.2757103
1980,11,20,44563,-0.0947874,0.0004,51.2787874
1980,11,21,44564,-0.0978095,0.0004,51.2818095
1980,11,22,44565,-0.1007126,0.0004,51.2847126
1980,11,23,44566,-0.1034467,0.0004,51.2874467
1980,11,24,44567,-0.1060158,0.0004,51.2900158
1980,11,25,44568,-0.1084429,0.0004,51.2924429
1980,11,26,44569,-0.110788,0.0004,51.294788
1980,11,27,44570,-0.1131301,0.0004,51.2971301
1980,11,28,44571,-0.1154812,0.0004,51.2994812
1980,11,29,44572,-0.1178743,0.0004,51.3018743
1980,11,30,44573,-0.1202874,0.0004,51.3042874
1980,12,1,44574,-0.1227065,0.0004,51.3067065
1980,12,2,44575,-0.1251286,0.0004,51.3091286
1980,12,3,44576,-0.1275107,0.0004,51.3115107
1980,12,4,44577,-0.1298498,0.0004,51.3138498
1980,12,5,44578,-0.1321379,0.0004,51.3161379
1980,12,6,44579,-0.1343501,0.0004,51.3183501
1980,12,7,44580,-0.1364992,0.0004,51.3204992
1980,12,8,44581,-0.1385873,0.0004,51.3225873
1980,12,9,44582,-0.1406564,0.0004,51.3246564
1980,12,10,44583,-0.1427405,0.0004,51.3267405
1980,12,11,44584,-0.1448916,0.0004,51.3288916
1980,12,12,44585,-0.1471637,0.0004,51.3311637
1980,12,13,44586,-0.1495988,0.0004,51.3335988
1980,12,14,44587,-0.1522099,0.0004,51.3362099
1980,12,15,44588,-0.154994,0.0004,51.338994
1980,12,16,44589,-0.1579061,0.0004,51.3419061
1980,12,17,44590,-0.1608672,0.0004,51.3448672
1980,12,18,44591,-0.1637773,0.0004,51.3477773
1980,12,19,44592,-0.1665554,0.0004,51.3505554
1980,12,20,44593,-0.1691585,0.0004,51.3531585
1980,12,21,44594,-0.1715446,0.0004,51.3555446
1980,12,22,44595,-0.1737807,0.0004,51.3577807
1980,12,23,44596,-0.1759178,0.0004,51.3599178
1980,12,24,44597,-0.1780399,0.0004,51.3620399
1980,12,25,44598,-0.180193,0.0004,51.364193
1980,12,26,44599,-0.1823911,0.0004,51.3663911
1980,12,27,44600,-0.1846662,0.0004,51.3686662
1980,12,28,44601,-0.1869903,0.0004,51.3709903
1980,12,29,44602,-0.1893524,0.0004,51.3733524
1980,12,30,44603,-0.1917225,0.0004,51.3757225
1980,12,31,44604,-0.1941006,0.0004,51.3781006
1981,1,1,44605,-0.1964497,0.0004,51.3804497
1981,1,2,44606,-0.1987358,0.0004,51.3827358
1981,1,3,44607,-0.200962,0.0004,51.384962
1981,1,4,44608,-0.2031241,0.0004,51.3871241
1981,1,5,44609,-0.2052312,0.0004,51.3892312
1981,1,6,44610,-0.2073213,0.0004,51.3913213
1981,1,7,44611,-0.2094434,0.0004,51.3934434
1981,1,8,44612,-0.2116565,0.0004,51.3956565
1981,1,9,44613,-0.2140046,0.0004,51.3980046
1981,1,10,44614,-0.2165177,0.0004,51.4005177
1981,1,11,44615,-0.2191768,0.0004,51.4031768
1981,1,12,44616,-0.2219649,0.0004,51.4059649
1981,1,13,44617,-0.224806,0.0004,51.408806
1981,1,14,44618,-0.2276201,0.0004,51.4116201
1981,1,15,44619,-0.2303522,0.0004,51.4143522
1981,1,16,44620,-0.2329463,0.0004,51.4169463
1981,1,17,44621,-0.2353934,0.0004,51.4193934
1981,1,18,44622,-0.2377095,0.0004,51.4217095
1981,1,19,44623,-0.2399446,0.0004,51.4239446
1981,1,20,44624,-0.2421727,0.0004,51.4261727
1981,1,21,44625,-0.2444388,0.0004,51.4284388
1981,1,22,44626,-0.2467739,0.0004,51.4307739
1981,1,23,44627,-0.249194,0.0004,51.433194
1981,1,24,44628,-0.2516401,0.0004,51.4356401
1981,1,25,44629,-0.2540912,0.0004,51.4380912
1981,1,26,44630,-0.2565103,0.0004,51.4405103
1981,1,27,44631,-0.2588614,0.0004,51.4428614
1981,1,28,44632,-0.2611195,0.0004,51.4451195
1981,1,29,44633,-0.2632416,0.0004,51.4472416
1981,1,30,44634,-0.2652217,0.0004,51.4492217
1981,1,31,44635,-0.2670718,0.0004,51.4510718
1981,2,1,44636,-0.2688349,0.0004,51.4528349
1981,2,2,44637,-0.270539,0.0004,51.454539
1981,2,3,44638,-0.2722341,0.0004,51.4562341
1981,2,4,44639,-0.2739722,0.0004,51.4579722
1981,2,5,44640,-0.2758783,0.0004,51.4598783
1981,2,6,44641,-0.2780274,0.0004,51.4620274
1981,2,7,44642,-0.2804145,0.0004,51.4644145
1981,2,8,44643,-0.2830126,0.0004,51.4670126
1981,2,9,44644,-0.2857387,0.0004,51.4697387
1981,2,10,44645,-0.2885138,0.0004,51.4725138
1981,2,11,44646,-0.2912729,0.0004,51.4752729
1981,2,12,44647,-0.293909,0.0004,51.477909
1981,2,13,44648,-0.2964181,0.0004,51.4804181
1981,2,14,44649,-0.2988092,0.0004,51.4828092
1981,2,15,44650,-0.3011143,0.0004,51.4851143
1981,2,16,44651,-0.3033554,0.0004,51.4873554
1981,2,17,44652,-0.3056024,0.0004,51.4896024
1981,2,18,44653,-0.3078685,0.0004,51.4918685
1981,2,19,44654,-0.3101576,0.0004,51.4941576
1981,2,20,44655,-0.3124537,0.0004,51.4964537
1981,2,21,44656,-0.3147348,0.0004,51.4987348
1981,2,22,44657,-0.3170149,0.0004,51.5010149
1981,2,23,44658,-0.319271,0.0004,51.503271
1981,2,24,44659,-0.3214981,0.0004,51.5054981
1981,2,25,44660,-0.3236942,0.0004,51.5076942
1981,2,26,44661,-0.3258893,0.0004,51.5098893
1981,2,27,44662,-0.3280904,0.0004,51.5120904
1981,2,28,44663,-0.3303205,0.0004,51.5143205
1981,3,1,44664,-0.3325926,0.0004,51.5165926
1981,3,2,44665,-0.3349447,0.0004,51.5189447
1981,3,3,44666,-0.3374038,0.0004,51.5214038
1981,3,4,44667,-0.3400339,0.0004,51.5240339
1981,3,5,44668,-0.342867,0.0004,51.526867
1981,3,6,44669,-0.3459241,0.0004,51.5299241
1981,3,7,44670,-0.3491752,0.0004,51.5331752
1981,3,8,44671,-0.3525693,0.0004,51.5365693
1981,3,9,44672,-0.3560014,0.0004,51.5400014
1981,3,10,44673,-0.3593595,0.0004,51.5433595
1981,3,11,44674,-0.3625676,0.0004,51.5465676
1981,3,12,44675,-0.3656017,0.0004,51.5496017
1981,3,13,44676,-0.3684808,0.0004,51.5524808
1981,3,14,44677,-0.3712119,0.0004,51.5552119
1981,3,15,44678,-0.373822,0.0004,51.557822
1981,3,16,44679,-0.376388,0.0004,51.560388
1981,3,17,44680,-0.3789601,0.0004,51.5629601
1981,3,18,44681,-0.3815412,0.0004,51.5655412
1981,3,19,44682,-0.3841673,0.0004,51.5681673
1981,3,20,44683,-0.3867994,0.0004,51.5707994
1981,3,21,44684,-0.3894175,0.0004,51.5734175
1981,3,22,44685,-0.3919946,0.0004,51.5759946
1981,3,23,44686,-0.3945047,0.0004,51.5785047
1981,3,24,44687,-0.3969178,0.0004,51.5809178
1981,3,25,44688,-0.3992119,0.0004,51.5832119
1981,3,26,44689,-0.401404,0.0004,51.585404
1981,3,27,44690,-0.4035031,0.0004,51.5875031
1981,3,28,44691,-0.4055332,0.0004,51.5895332
1981,3,29,44692,-0.4075603,0.0004,51.5915603
1981,3,30,44693,-0.4096464,0.0004,51.5936464
1981,3,31,44694,-0.4118355,0.0004,51.5958355
1981,4,1,44695,-0.4142086,0.0004,51.5982086
1981,4,2,44696,-0.4167926,0.0004,51.6007926
1981,4,3,44697,-0.4196227,0.0004,51.6036227
1981,4,4,44698,-0.4226618,0.0004,51.6066618
1981,4,5,44699,-0.4258339,0.0004,51.6098339
1981,4,6,44700,-0.429022,0.0004,51.613022
1981,4,7,44701,-0.4321191,0.0004,51.6161191
1981,4,8,44702,-0.4350502,0.0004,51.6190502
1981,4,9,44703,-0.4378183,0.0004,51.6218183
1981,4,10,44704,-0.4404494,0.0004,51.6244494
1981,4,11,44705,-0.4430285,0.0004,51.6270285
1981,4,12,44706,-0.4455936,0.0004,51.6295936
1981,4,13,44707,-0.4482257,0.0004,51.6322257
1981,4,14,44708,-0.4509278,0.0004,51.6349278
1981,4,15,44709,-0.4537188,0.0004,51.6377188
1981,4,16,44710,-0.4565899,0.0004,51.6405899
1981,4,17,44711,-0.459504,0.0004,51.643504
1981,4,18,44712,-0.4624281,0.0004,51.6464281
1981,4,19,44713,-0.4653262,0.0004,51.6493262
1981,4,20,44714,-0.4681683,0.0004,51.6521683
1981,4,21,44715,-0.4709154,0.0004,51.6549154
1981,4,22,44716,-0.4735555,0.0004,51.6575555
1981,4,23,44717,-0.4760956,0.0004,51.6600956
1981,4,24,44718,-0.4785517,0.0004,51.6625517
1981,4,25,44719,-0.4809528,0.0004,51.6649528
1981,4,26,44720,-0.4833429,0.0004,51.6673429
1981,4,27,44721,-0.4857869,0.0004,51.6697869
1981,4,28,44722,-0.488324,0.0004,51.672324
1981,4,29,44723,-0.4910021,0.0004,51.6750021
1981,4,30,44724,-0.4938592,0.0004,51.6778592
1981,5,1,44725,-0.4968823,0.0004,51.6808823
1981,5,2,44726,-0.5000184,0.0004,51.6840184
1981,5,3,44727,-0.5031785,0.0004,51.6871785
1981,5,4,44728,-0.5062456,0.0004,51.6902456
1981,5,5,44729,-0.5091167,0.0004,51.6931167
1981,5,6,44730,-0.5117328,0.0004,51.6957328
1981,5,7,44731,-0.5141308,0.0004,51.6981308
1981,5,8,44732,-0.5163879,0.0004,51.7003879
1981,5,9,44733,-0.518584,0.0004,51.702584
1981,5,10,44734,-0.5207871,0.0004,51.7047871
1981,5,11,44735,-0.5230682,0.0004,51.7070682
1981,5,12,44736,-0.5254243,0.0004,51.7094243
1981,5,13,44737,-0.5278494,0.0004,51.7118494
1981,5,14,44738,-0.5303385,0.0004,51.7143385
1981,5,15,44739,-0.5328526,0.0004,51.7168526
1981,5,16,44740,-0.5353686,0.0004,51.7193686
1981,5,17,44741,-0.5378307,0.0004,51.7218307
1981,5,18,44742,-0.5402468,0.0004,51.7242468
1981,5,19,44743,-0.5425569,0.0004,51.7265569
1981,5,20,44744,-0.54478,0.0004,51.72878
1981,5,21,44745,-0.5469211,0.0004,51.7309211
1981,5,22,44746,-0.5490002,0.0004,51.7330002
1981,5,23,44747,-0.5510603,0.0004,51.7350603
1981,5,24,44748,-0.5531333,0.0004,51.7371333
1981,5,25,44749,-0.5552524,0.0004,51.7392524
1981,5,26,44750,-0.5574755,0.0004,51.7414755
1981,5,27,44751,-0.5598366,0.0004,51.7438366
1981,5,28,44752,-0.5623417,0.0004,51.7463417
1981,5,29,44753,-0.5649858,0.0004,51.7489858
1981,5,30,44754,-0.5677009,0.0004,51.7517009
1981,5,31,44755,-0.570423,0.0004,51.754423
1981,6,1,44756,-0.573038,0.0004,51.757038
1981,6,2,44757,-0.5754961,0.0004,51.7594961
1981,6,3,44758,-0.5777522,0.0004,51.7617522
1981,6,4,44759,-0.5798593,0.0004,51.7638593
1981,6,5,44760,-0.5819074,0.0004,51.7659074
1981,6,6,44761,-0.5839635,0.0004,51.7679635
1981,6,7,44762,-0.5860686,0.0004,51.7700686
1981,6,8,44763,-0.5882526,0.0004,51.7722526
1981,6,9,44764,-0.5905167,0.0004,51.7745167
1981,6,10,44765,-0.5928198,0.0004,51.7768198
1981,6,11,44766,-0.5951519,0.0004,51.7791519
1981,6,12,44767,-0.597438,0.0004,51.781438
1981,6,13,44768,-0.5996431,0.0004,51.7836431
1981,6,14,44769,-0.6017532,0.0004,51.7857532
1981,6,15,44770,-0.6037202,0.0004,51.7877202
1981,6,16,44771,-0.6055373,0.0004,51.7895373
1981,6,17,44772,-0.6072274,0.0004,51.7912274
1981,6,18,44773,-0.6087845,0.0004,51.7927845
1981,6,19,44774,-0.6102476,0.0004,51.7942476
1981,6,20,44775,-0.6116477,0.0004,51.7956477
1981,6,21,44776,-0.6130477,0.0004,51.7970477
1981,6,22,44777,-0.6144948,0.0004,51.7984948
1981,6,23,44778,-0.6160229,0.0004,51.8000229
1981,6,24,44779,-0.617662,0.0004,51.801662
1981,6,25,44780,-0.6193951,0.0004,51.8033951
1981,6,26,44781,-0.6211862,0.0004,51.8051862
1981,6,27,44782,-0.6229823,0.0004,51.8069823
1981,6,28,44783,-0.6247153,0.0004,51.8087153
1981,6,29,44784,-0.6263314,0.0004,51.8103314
1981,6,30,44785,-0.6277815,0.0004,51.8117815
1981,7,1,44786,0.3709024,0.0004,51.8130976
1981,7,2,44787,0.3696753,0.0004,51.8143247
1981,7,3,44788,0.3684492,0.0004,51.8155508
1981,7,4,44789,0.3671722,0.0004,51.8168278
1981,7,5,44790,0.3658111,0.0004,51.8181889
1981,7,6,44791,0.364376,0.0004,51.819624
1981,7,7,44792,0.3628899,0.0004,51.8211101
1981,7,8,44793,0.3613858,0.0004,51.8226142
1981,7,9,44794,0.3599317,0.0004,51.8240683
1981,7,10,44795,0.3585557,0.0004,51.8254443
1981,7,11,44796,0.3573046,0.0004,51.8266954
1981,7,12,44797,0.3561855,0.0004,51.8278145
1981,7,13,44798,0.3552214,0.0004,51.8287786
1981,7,14,44799,0.3543883,0.0004,51.8296117
1981,7,15,44800,0.3536653,0.0004,51.8303347
1981,7,16,44801,0.3529872,0.0004,51.8310128
1981,7,17,44802,0.3522871,0.0004,51.8317129
1981,7,18,44803,0.351499,0.0004,51.832501
1981,7,19,44804,0.3505609,0.0004,51.8334391
1981,7,20,44805,0.3494169,0.0004,51.8345831
1981,7,21,44806,0.3480738,0.0004,51.8359262
1981,7,22,44807,0.3465307,0.0004,51.8374693
1981,7,23,44808,0.3448506,0.0004,51.8391494
1981,7,24,44809,0.3430865,0.0004,51.8409135
1981,7,25,44810,0.3413274,0.0004,51.8426726
1981,7,26,44811,0.3396374,0.0004,51.8443626
1981,7,27,44812,0.3380493,0.0004,51.8459507
1981,7,28,44813,0.3365682,0.0004,51.8474318
1981,7,29,44814,0.3351461,0.0004,51.8488539
1981,7,30,44815,0.333735,0.0004,51.850265
1981,7,31,44816,0.332265,0.0004,51.851735
1981,8,1,44817,0.3306819,0.0004,51.8533181
1981,8,2,44818,0.3289818,0.0004,51.8550182
1981,8,3,44819,0.3271957,0.0004,51.8568043
1981,8,4,44820,0.3253746,0.0004,51.8586254
1981,8,5,44821,0.3235486,0.0004,51.8604514
1981,8,6,44822,0.3217815,0.0004,51.8622185
1981,8,7,44823,0.3200894,0.0004,51.8639106
1981,8,8,44824,0.3184913,0.0004,51.8655087
1981,8,9,44825,0.3170073,0.0004,51.8669927
1981,8,10,44826,0.3156152,0.0004,51.8683848
1981,8,11,44827,0.3143121,0.0004,51.8696879
1981,8,12,44828,0.313053,0.0004,51.870947
1981,8,13,44829,0.3118049,0.0004,51.8721951
1981,8,14,44830,0.3105049,0.0004,51.8734951
1981,8,15,44831,0.3090828,0.0004,51.8749172
1981,8,16,44832,0.3074947,0.0004,51.8765053
1981,8,17,44833,0.3057546,0.0004,51.8782454
1981,8,18,44834,0.3038655,0.0004,51.8801345
1981,8,19,44835,0.3018905,0.0004,51.8821095
1981,8,20,44836,0.2999194,0.0004,51.8840806
1981,8,21,44837,0.2980443,0.0004,51.8859557
1981,8,22,44838,0.2963272,0.0004,51.8876728
1981,8,23,44839,0.2948192,0.0004,51.8891808
1981,8,24,44840,0.2934981,0.0004,51.8905019
1981,8,25,44841,0.292321,0.0004,51.891679
1981,8,26,44842,0.2912219,0.0004,51.8927781
1981,8,27,44843,0.2901009,0.0004,51.8938991
1981,8,28,44844,0.2888868,0.0004,51.8951132
1981,8,29,44845,0.2875397,0.0004,51.8964603
1981,8,30,44846,0.2860806,0.0004,51.8979194
1981,8,31,44847,0.2845315,0.0004,51.8994685
1981,9,1,44848,0.2829375,0.0004,51.9010625
1981,9,2,44849,0.2813454,0.0004,51.9026546
1981,9,3,44850,0.2797853,0.0004,51.9042147
1981,9,4,44851,0.2782902,0.0004,51.9057098
1981,9,5,44852,0.2768742,0.0004,51.9071258
1981,9,6,44853,0.2755251,0.0004,51.9084749
1981,9,7,44854,0.27424,0.0004,51.90976
1981,9,8,44855,0.2729709,0.0004,51.9110291
1981,9,9,44856,0.2716869,0.0004,51.9123131
1981,9,10,44857,0.2703278,0.0004,51.9136722
1981,9,11,44858,0.2688447,0.0004,51.9151553
1981,9,12,44859,0.2671566,0.0004,51.9168434
1981,9,13,44860,0.2652475999999999,0.0004,51.9187524
1981,9,14,44861,0.2630935,0.0004,51.9209065
1981,9,15,44862,0.2607284,0.0004,51.9232716
1981,9,16,44863,0.2582333,0.0004,51.9257667
1981,9,17,44864,0.2557193,0.0004,51.9282807
1981,9,18,44865,0.2532692,0.0004,51.9307308
1981,9,19,44866,0.2509461,0.0004,51.9330539
1981,9,20,44867,0.2487681,0.0004,51.9352319
1981,9,21,44868,0.246702,0.0004,51.937298
1981,9,22,44869,0.2446799,0.0004,51.9393201
1981,9,23,44870,0.2426318,0.0004,51.9413682
1981,9,24,44871,0.2404988,0.0004,51.9435012
1981,9,25,44872,0.2382307,0.0004,51.9457693
1981,9,26,44873,0.2358466,0.0004,51.9481534
1981,9,27,44874,0.2333645,0.0004,51.9506355
1981,9,28,44875,0.2308345,0.0004,51.9531655
1981,9,29,44876,0.2282874,0.0004,51.9557126
1981,9,30,44877,0.2257983,0.0004,51.9582017
1981,10,1,44878,0.2233912,0.0004,51.9606088
1981,10,2,44879,0.2211122,0.0004,51.9628878
1981,10,3,44880,0.2189581,0.0004,51.9650419
1981,10,4,44881,0.216909,0.0004,51.967091
1981,10,5,44882,0.214957,0.0004,51.969043
1981,10,6,44883,0.2130449,0.0004,51.9709551
1981,10,7,44884,0.2111408,0.0004,51.9728592
1981,10,8,44885,0.2091727,0.0004,51.9748273
1981,10,9,44886,0.2071107,0.0004,51.9768893
1981,10,10,44887,0.2048716,0.0004,51.9791284
1981,10,11,44888,0.2024175,0.0004,51.9815825
1981,10,12,44889,0.1997645,0.0004,51.9842355
1981,10,13,44890,0.1969584,0.0004,51.9870416
1981,10,14,44891,0.1940903,0.0004,51.9899097
1981,10,15,44892,0.1912802,0.0004,51.9927198
1981,10,16,44893,0.1886202,0.0004,51.9953798
1981,10,17,44894,0.1861451,0.0004,51.9978549
1981,10,18,44895,0.183838,0.0004,52.000162
1981,10,19,44896,0.181655,0.0004,52.002345
1981,10,20,44897,0.1794949,0.0004,52.0045051
1981,10,21,44898,0.1773048,0.0004,52.0066952
1981,10,22,44899,0.1750348,0.0004,52.0089652
1981,10,23,44900,0.1726657,0.0004,52.0113343
1981,10,24,44901,0.1702096,0.0004,52.0137904
1981,10,25,44902,0.1676935,0.0004,52.0163065
1981,10,26,44903,0.1651635,0.0004,52.0188365
1981,10,27,44904,0.1626644,0.0004,52.0213356
1981,10,28,44905,0.1602363,0.0004,52.0237637
1981,10,29,44906,0.1579193,0.0004,52.0260807
1981,10,30,44907,0.1557162,0.0004,52.0282838
1981,10,31,44908,0.1536271,0.0004,52.0303729
1981,11,1,44909,0.1516481,0.0004,52.0323519
1981,11,2,44910,0.149724,0.0004,52.034276
1981,11,3,44911,0.1478149,0.0004,52.0361851
1981,11,4,44912,0.1458689,0.0004,52.0381311
1981,11,5,44913,0.1438348,0.0004,52.0401652
1981,11,6,44914,0.1416597,0.0004,52.0423403
1981,11,7,44915,0.1392857,0.0004,52.0447143
1981,11,8,44916,0.1367176,0.0004,52.0472824
1981,11,9,44917,0.1339585,0.0004,52.0500415
1981,11,10,44918,0.1310884,0.0004,52.0529116
1981,11,11,44919,0.1281994,0.0004,52.0558006
1981,11,12,44920,0.1253863,0.0004,52.0586137
1981,11,13,44921,0.1227442,0.0004,52.0612558
1981,11,14,44922,0.1203042,0.0004,52.0636958
1981,11,15,44923,0.1180411,0.0004,52.0659589
1981,11,16,44924,0.115881,0.0004,52.068119
1981,11,17,44925,0.113736,0.0004,52.070264
1981,11,18,44926,0.1115749,0.0004,52.0724251
1981,11,19,44927,0.1093618,0.0004,52.0746382
1981,11,20,44928,0.1071038,0.0004,52.0768962
1981,11,21,44929,0.1048367,0.0004,52.0791633
1981,11,22,44930,0.1026026,0.0004,52.0813974
1981,11,23,44931,0.1004216,0.0004,52.0835784
1981,11,24,44932,0.0983335,0.0004,52.0856665
1981,11,25,44933,0.0963784,0.0004,52.0876216
1981,11,26,44934,0.0945144,0.0004,52.0894856
1981,11,27,44935,0.0927343,0.0004,52.0912657
1981,11,28,44936,0.0910253,0.0004,52.0929747
1981,11,29,44937,0.0893652,0.0004,52.0946348
1981,11,30,44938,0.0876931,0.0004,52.0963069
1981,12,1,44939,0.0859661,0.0004,52.0980339
1981,12,2,44940,0.084131,0.0004,52.099869
1981,12,3,44941,0.0821399,0.0004,52.1018601
1981,12,4,44942,0.0799779,0.0004,52.1040221
1981,12,5,44943,0.0776138,0.0004,52.1063862
1981,12,6,44944,0.0750677,0.0004,52.1089323
1981,12,7,44945,0.0723737,0.0004,52.1116263
1981,12,8,44946,0.0696036,0.0004,52.1143964
1981,12,9,44947,0.0668695,0.0004,52.1171305
1981,12,10,44948,0.0642535,0.0004,52.1197465
1981,12,11,44949,0.0618164,0.0004,52.1221836
1981,12,12,44950,0.0595474,0.0004,52.1244526
1981,12,13,44951,0.0573893,0.0004,52.1266107
1981,12,14,44952,0.0552522,0.0004,52.1287478
1981,12,15,44953,0.0530722,0.0004,52.1309278
1981,12,16,44954,0.0507881,0.0004,52.1332119
1981,12,17,44955,0.04842,0.0004,52.13558
1981,12,18,44956,0.045999,0.0004,52.138001
1981,12,19,44957,0.0435649,0.0004,52.1404351
1981,12,20,44958,0.0411758,0.0004,52.1428242
1981,12,21,44959,0.0388608,0.0004,52.1451392
1981,12,22,44960,0.0366377,0.0004,52.1473623
1981,12,23,44961,0.0345467,0.0004,52.1494533
1981,12,24,44962,0.0325716,0.0004,52.1514284
1981,12,25,44963,0.0307005,0.0004,52.1532995
1981,12,26,44964,0.0289205,0.0004,52.1550795
1981,12,27,44965,0.0271834,0.0004,52.1568166
1981,12,28,44966,0.0254454,0.0004,52.1585546
1981,12,29,44967,0.0236553,0.0004,52.1603447
1981,12,30,44968,0.0217482,0.0004,52.1622518
1981,12,31,44969,0.0197032,0.0004,52.1642968
1982,1,1,44970,0.0174851,0.0004,52.1665149
1982,1,2,44971,0.015109,0.0004,52.168891
1982,1,3,44972,0.012599,0.0004,52.171401
1982,1,4,44973,0.0100039,0.0004,52.1739961
1982,1,5,44974,0.0074079,0.0004,52.1765921
1982,1,6,44975,0.0048848,0.0004,52.1791152
1982,1,7,44976,0.0025047,0.0004,52.1814953
1982,1,8,44977,0.0002927,0.0004,52.1837073
1982,1,9,44978,-0.0017894,0.0004,52.1857894
1982,1,10,44979,-0.0038054,0.0004,52.1878054
1982,1,11,44980,-0.0058605,0.0004,52.1898605
1982,1,12,44981,-0.0079956,0.0004,52.1919956
1982,1,13,44982,-0.0102366,0.0004,52.1942366
1982,1,14,44983,-0.0125537,0.0004,52.1965537
1982,1,15,44984,-0.0148927,0.0004,52.1988927
1982,1,16,44985,-0.0172048,0.0004,52.2012048
1982,1,17,44986,-0.0194349,0.0004,52.2034349
1982,1,18,44987,-0.0215359,0.0004,52.2055359
1982,1,19,44988,-0.0235,0.0004,52.2075
1982,1,20,44989,-0.025321,0.0004,52.209321
1982,1,21,44990,-0.0269951,0.0004,52.2109951
1982,1,22,44991,-0.0285601,0.0004,52.2125601
1982,1,23,44992,-0.0300452,0.0004,52.2140452
1982,1,24,44993,-0.0315143,0.0004,52.2155143
1982,1,25,44994,-0.0330223,0.0004,52.2170223
1982,1,26,44995,-0.0346314,0.0004,52.2186314
1982,1,27,44996,-0.0363704,0.0004,52.2203704
1982,1,28,44997,-0.0382935,0.0004,52.2222935
1982,1,29,44998,-0.0403855,0.0004,52.2243855
1982,1,30,44999,-0.0426286,0.0004,52.2266286
1982,1,31,45000,-0.0449497,0.0004,52.2289497
1982,2,1,45001,-0.0472897,0.0004,52.2312897
1982,2,2,45002,-0.0495878,0.0004,52.2335878
1982,2,3,45003,-0.0517778,0.0004,52.2357778
1982,2,4,45004,-0.0538389,0.0004,52.2378389
1982,2,5,45005,-0.0557749,0.0004,52.2397749
1982,2,6,45006,-0.057665,0.0004,52.241665
1982,2,7,45007,-0.0595651,0.0004,52.2435651
1982,2,8,45008,-0.0615771,0.0004,52.2455771
1982,2,9,45009,-0.0637102,0.0004,52.2477102
1982,2,10,45010,-0.0659652,0.0004,52.2499652
1982,2,11,45011,-0.0683183,0.0004,52.2523183
1982,2,12,45012,-0.0706923,0.0004,52.2546923
1982,2,13,45013,-0.0730324,0.0004,52.2570324
1982,2,14,45014,-0.0753174,0.0004,52.2593174
1982,2,15,45015,-0.0774895,0.0004,52.2614895
1982,2,16,45016,-0.0795536,0.0004,52.2635536
1982,2,17,45017,-0.0815226,0.0004,52.2655226
1982,2,18,45018,-0.0833967,0.0004,52.2673967
1982,2,19,45019,-0.0852437,0.0004,52.2692437
1982,2,20,45020,-0.0871028,0.0004,52.2711028
1982,2,21,45021,-0.0890338,0.0004,52.2730338
1982,2,22,45022,-0.0910849,0.0004,52.2750849
1982,2,23,45023,-0.0933359,0.0004,52.2773359
1982,2,24,45024,-0.095797,0.0004,52.279797
1982,2,25,45025,-0.098474,0.0004,52.282474
1982,2,26,45026,-0.1013631,0.0004,52.2853631
1982,2,27,45027,-0.1043622,0.0004,52.2883622
1982,2,28,45028,-0.1074132,0.0004,52.2914132
1982,3,1,45029,-0.1103923,0.0004,52.2943923
1982,3,2,45030,-0.1132053,0.0004,52.2972053
1982,3,3,45031,-0.1157884,0.0004,52.2997884
1982,3,4,45032,-0.1181794,0.0004,52.3021794
1982,3,5,45033,-0.1204265,0.0004,52.3044265
1982,3,6,45034,-0.1225955,0.0004,52.3065955
1982,3,7,45035,-0.1247646,0.0004,52.3087646
1982,3,8,45036,-0.1270196,0.0004,52.3110196
1982,3,9,45037,-0.1293647,0.0004,52.3133647
1982,3,10,45038,-0.1317697,0.0004,52.3157697
1982,3,11,45039,-0.1341908,0.0004,52.3181908
1982,3,12,45040,-0.1365778,0.0004,52.3205778
1982,3,13,45041,-0.1389319,0.0004,52.3229319
1982,3,14,45042,-0.1411869,0.0004,52.3251869
1982,3,15,45043,-0.143346,0.0004,52.327346
1982,3,16,45044,-0.145393,0.0004,52.329393
1982,3,17,45045,-0.1473511,0.0004,52.3313511
1982,3,18,45046,-0.1492391,0.0004,52.3332391
1982,3,19,45047,-0.1510922,0.0004,52.3350922
1982,3,20,45048,-0.1529882,0.0004,52.3369882
1982,3,21,45049,-0.1549763,0.0004,52.3389763
1982,3,22,45050,-0.1571004,0.0004,52.3411004
1982,3,23,45051,-0.1594224,0.0004,52.3434224
1982,3,24,45052,-0.1619545,0.0004,52.3459545
1982,3,25,45053,-0.1646855,0.0004,52.3486855
1982,3,26,45054,-0.1675696,0.0004,52.3515696
1982,3,27,45055,-0.1705206,0.0004,52.3545206
1982,3,28,45056,-0.1734397,0.0004,52.3574397
1982,3,29,45057,-0.1762457,0.0004,52.3602457
1982,3,30,45058,-0.1789047,0.0004,52.3629047
1982,3,31,45059,-0.1814228,0.0004,52.3654228
1982,4,1,45060,-0.1838558,0.0004,52.3678558
1982,4,2,45061,-0.1862709,0.0004,52.3702709
1982,4,3,45062,-0.1887589,0.0004,52.3727589
1982,4,4,45063,-0.191363,0.0004,52.375363
1982,4,5,45064,-0.194118,0.0004,52.378118
1982,4,6,45065,-0.1970091,0.0004,52.3810091
1982,4,7,45066,-0.1999821,0.0004,52.3839821
1982,4,8,45067,-0.2029822,0.0004,52.3869822
1982,4,9,45068,-0.2059062,0.0004,52.3899062
1982,4,10,45069,-0.2086953,0.0004,52.3926953
1982,4,11,45070,-0.2113233,0.0004,52.3953233
1982,4,12,45071,-0.2137784,0.0004,52.3977784
1982,4,13,45072,-0.2160694,0.0004,52.4000694
1982,4,14,45073,-0.2182265,0.0004,52.4022265
1982,4,15,45074,-0.2203035,0.0004,52.4043035
1982,4,16,45075,-0.2223746,0.0004,52.4063746
1982,4,17,45076,-0.2244726,0.0004,52.4084726
1982,4,18,45077,-0.2266767,0.0004,52.4106767
1982,4,19,45078,-0.2290307,0.0004,52.4130307
1982,4,20,45079,-0.2315598,0.0004,52.4155598
1982,4,21,45080,-0.2343148,0.0004,52.4183148
1982,4,22,45081,-0.2372478,0.0004,52.4212478
1982,4,23,45082,-0.2402959,0.0004,52.4242959
1982,4,24,45083,-0.2433869,0.0004,52.4273869
1982,4,25,45084,-0.246401,0.0004,52.430401
1982,4,26,45085,-0.249286,0.0004,52.433286
1982,4,27,45086,-0.2520091,0.0004,52.4360091
1982,4,28,45087,-0.2546311,0.0004,52.4386311
1982,4,29,45088,-0.2572022,0.0004,52.4412022
1982,4,30,45089,-0.2597902,0.0004,52.4437902
1982,5,1,45090,-0.2624513,0.0004,52.4464513
1982,5,2,45091,-0.2652033,0.0004,52.4492033
1982,5,3,45092,-0.2680524,0.0004,52.4520524
1982,5,4,45093,-0.2709484,0.0004,52.4549484
1982,5,5,45094,-0.2738374,0.0004,52.4578374
1982,5,6,45095,-0.2766425,0.0004,52.4606425
1982,5,7,45096,-0.2793075,0.0004,52.4633075
1982,5,8,45097,-0.2817966,0.0004,52.4657966
1982,5,9,45098,-0.2840786,0.0004,52.4680786
1982,5,10,45099,-0.2861527,0.0004,52.4701527
1982,5,11,45100,-0.2880517,0.0004,52.4720517
1982,5,12,45101,-0.2898107,0.0004,52.4738107
1982,5,13,45102,-0.2914918,0.0004,52.4754918
1982,5,14,45103,-0.2931518,0.0004,52.4771518
1982,5,15,45104,-0.2948639,0.0004,52.4788639
1982,5,16,45105,-0.2966729,0.0004,52.4806729
1982,5,17,45106,-0.298648,0.0004,52.482648
1982,5,18,45107,-0.300828,0.0004,52.484828
1982,5,19,45108,-0.303239,0.0004,52.487239
1982,5,20,45109,-0.3058191,0.0004,52.4898191
1982,5,21,45110,-0.3084971,0.0004,52.4924971
1982,5,22,45111,-0.3111612,0.0004,52.4951612
1982,5,23,45112,-0.3137232,0.0004,52.4977232
1982,5,24,45113,-0.3161293,0.0004,52.5001293
1982,5,25,45114,-0.3183813,0.0004,52.5023813
1982,5,26,45115,-0.3205243,0.0004,52.5045243
1982,5,27,45116,-0.3226574,0.0004,52.5066574
1982,5,28,45117,-0.3248504,0.0004,52.5088504
1982,5,29,45118,-0.3271475,0.0004,52.5111475
1982,5,30,45119,-0.3295425,0.0004,52.5135425
1982,5,31,45120,-0.3319845,0.0004,52.5159845
1982,6,1,45121,-0.3344306,0.0004,52.5184306
1982,6,2,45122,-0.3368176,0.0004,52.5208176
1982,6,3,45123,-0.3390907,0.0004,52.5230907
1982,6,4,45124,-0.3412347,0.0004,52.5252347
1982,6,5,45125,-0.3432258,0.0004,52.5272258
1982,6,6,45126,-0.3450618,0.0004,52.5290618
1982,6,7,45127,-0.3467738,0.0004,52.5307738
1982,6,8,45128,-0.3483779,0.0004,52.5323779
1982,6,9,45129,-0.3499249,0.0004,52.5339249
1982,6,10,45130,-0.351471,0.0004,52.535471
1982,6,11,45131,-0.35306,0.0004,52.53706
1982,6,12,45132,-0.354739,0.0004,52.538739
1982,6,13,45133,-0.3565431,0.0004,52.5405431
1982,6,14,45134,-0.3584941,0.0004,52.5424941
1982,6,15,45135,-0.3605931,0.0004,52.5445931
1982,6,16,45136,-0.3628302,0.0004,52.5468302
1982,6,17,45137,-0.3651272,0.0004,52.5491272
1982,6,18,45138,-0.3674143,0.0004,52.5514143
1982,6,19,45139,-0.3696083,0.0004,52.5536083
1982,6,20,45140,-0.3716193,0.0004,52.5556193
1982,6,21,45141,-0.3734254,0.0004,52.5574254
1982,6,22,45142,-0.3750824,0.0004,52.5590824
1982,6,23,45143,-0.3766745,0.0004,52.5606745
1982,6,24,45144,-0.3782875,0.0004,52.5622875
1982,6,25,45145,-0.3799785,0.0004,52.5639785
1982,6,26,45146,-0.3817836,0.0004,52.5657836
1982,6,27,45147,-0.3836516,0.0004,52.5676516
1982,6,28,45148,-0.3855456,0.0004,52.5695456
1982,6,29,45149,-0.3873897,0.0004,52.5713897
1982,6,30,45150,-0.3891197,0.0004,52.5731197
1982,7,1,45151,0.6092862,0.0004,52.5747138
1982,7,2,45152,0.6078552,0.0004,52.5761448
1982,7,3,45153,0.6065772,0.0004,52.5774228
1982,7,4,45154,0.6054231,0.0004,52.5785769
1982,7,5,45155,0.6043801,0.0004,52.5796199
1982,7,6,45156,0.6033951,0.0004,52.5806049
1982,7,7,45157,0.602407,0.0004,52.581593
1982,7,8,45158,0.601359,0.0004,52.582641
1982,7,9,45159,0.600204,0.0004,52.583796
1982,7,10,45160,0.5988939,0.0004,52.5851061
1982,7,11,45161,0.5974219,0.0004,52.5865781
1982,7,12,45162,0.5957739,0.0004,52.5882261
1982,7,13,45163,0.5939718,0.0004,52.5900282
1982,7,14,45164,0.5920888,0.0004,52.5919112
1982,7,15,45165,0.5901657,0.0004,52.5938343
1982,7,16,45166,0.5882997,0.0004,52.5957003
1982,7,17,45167,0.5865787,0.0004,52.5974213
1982,7,18,45168,0.5850306,0.0004,52.5989694
1982,7,19,45169,0.5836596,0.0004,52.6003404
1982,7,20,45170,0.5824016,0.0004,52.6015984
1982,7,21,45171,0.5811485,0.0004,52.6028515
1982,7,22,45172,0.5798135,0.0004,52.6041865
1982,7,23,45173,0.5783565,0.0004,52.6056435
1982,7,24,45174,0.5767804,0.0004,52.6072196
1982,7,25,45175,0.5751354,0.0004,52.6088646
1982,7,26,45176,0.5735084,0.0004,52.6104916
1982,7,27,45177,0.5719503,0.0004,52.6120497
1982,7,28,45178,0.5705233,0.0004,52.6134767
1982,7,29,45179,0.5692423,0.0004,52.6147577
1982,7,30,45180,0.5681022,0.0004,52.6158978
1982,7,31,45181,0.5670832,0.0004,52.6169168
1982,8,1,45182,0.5661832,0.0004,52.6178168
1982,8,2,45183,0.5653301,0.0004,52.6186699
1982,8,3,45184,0.5644991,0.0004,52.6195009
1982,8,4,45185,0.5636211,0.0004,52.6203789
1982,8,5,45186,0.5626571,0.0004,52.6213429
1982,8,6,45187,0.561544,0.0004,52.622456
1982,8,7,45188,0.560276,0.0004,52.623724
1982,8,8,45189,0.558825,0.0004,52.625175
1982,8,9,45190,0.5572429,0.0004,52.6267571
1982,8,10,45191,0.5555469,0.0004,52.6284531
1982,8,11,45192,0.5538029,0.0004,52.6301971
1982,8,12,45193,0.5520848,0.0004,52.6319152
1982,8,13,45194,0.5504358,0.0004,52.6335642
1982,8,14,45195,0.5488978,0.0004,52.6351022
1982,8,15,45196,0.5474747,0.0004,52.6365253
1982,8,16,45197,0.5460817,0.0004,52.6379183
1982,8,17,45198,0.5446717,0.0004,52.6393283
1982,8,18,45199,0.5431137,0.0004,52.6408863
1982,8,19,45200,0.5413606,0.0004,52.6426394
1982,8,20,45201,0.5394086,0.0004,52.6445914
1982,8,21,45202,0.5372786,0.0004,52.6467214
1982,8,22,45203,0.5350695,0.0004,52.6489305
1982,8,23,45204,0.5328695,0.0004,52.6511305
1982,8,24,45205,0.5307505,0.0004,52.6532495
1982,8,25,45206,0.5287544,0.0004,52.6552456
1982,8,26,45207,0.5269144,0.0004,52.6570856
1982,8,27,45208,0.5251924,0.0004,52.6588076
1982,8,28,45209,0.5235974,0.0004,52.6604026
1982,8,29,45210,0.5220473,0.0004,52.6619527
1982,8,30,45211,0.5205013,0.0004,52.6634987
1982,8,31,45212,0.5188923,0.0004,52.6651077
1982,9,1,45213,0.5171682,0.0004,52.6668318
1982,9,2,45214,0.5152742,0.0004,52.6687258
1982,9,3,45215,0.5131522,0.0004,52.6708478
1982,9,4,45216,0.5107952,0.0004,52.6732048
1982,9,5,45217,0.5082631,0.0004,52.6757369
1982,9,6,45218,0.5055811,0.0004,52.6784189
1982,9,7,45219,0.5028391,0.0004,52.6811609
1982,9,8,45220,0.5001321,0.0004,52.6838679
1982,9,9,45221,0.497506,0.0004,52.686494
1982,9,10,45222,0.495076,0.0004,52.688924
1982,9,11,45223,0.492854,0.0004,52.691146
1982,9,12,45224,0.490807,0.0004,52.693193
1982,9,13,45225,0.4888509,0.0004,52.6951491
1982,9,14,45226,0.4868859,0.0004,52.6971141
1982,9,15,45227,0.4848339,0.0004,52.6991661
1982,9,16,45228,0.4826068,0.0004,52.7013932
1982,9,17,45229,0.4801988,0.0004,52.7038012
1982,9,18,45230,0.4776718,0.0004,52.7063282
1982,9,19,45231,0.4751238,0.0004,52.7088762
1982,9,20,45232,0.4726217,0.0004,52.7113783
1982,9,21,45233,0.4702487,0.0004,52.7137513
1982,9,22,45234,0.4680247,0.0004,52.7159753
1982,9,23,45235,0.4659637,0.0004,52.7180363
1982,9,24,45236,0.4640326,0.0004,52.7199674
1982,9,25,45237,0.4621996,0.0004,52.7218004
1982,9,26,45238,0.4604006,0.0004,52.7235994
1982,9,27,45239,0.4585796,0.0004,52.7254204
1982,9,28,45240,0.4566955,0.0004,52.7273045
1982,9,29,45241,0.4546815,0.0004,52.7293185
1982,9,30,45242,0.4524985,0.0004,52.7315015
1982,10,1,45243,0.4501445,0.0004,52.7338555
1982,10,2,45244,0.4476105,0.0004,52.7363895
1982,10,3,45245,0.4449244,0.0004,52.7390756
1982,10,4,45246,0.4421654,0.0004,52.7418346
1982,10,5,45247,0.4394264,0.0004,52.7445736
1982,10,6,45248,0.4367864,0.0004,52.7472136
1982,10,7,45249,0.4343163,0.0004,52.7496837
1982,10,8,45250,0.4320153,0.0004,52.7519847
1982,10,9,45251,0.4298693,0.0004,52.7541307
1982,10,10,45252,0.4278053,0.0004,52.7561947
1982,10,11,45253,0.4257223,0.0004,52.7582777
1982,10,12,45254,0.4235612,0.0004,52.7604388
1982,10,13,45255,0.4212602,0.0004,52.7627398
1982,10,14,45256,0.4188222,0.0004,52.7651778
1982,10,15,45257,0.4162802,0.0004,52.7677198
1982,10,16,45258,0.4137041,0.0004,52.7702959
1982,10,17,45259,0.4111691,0.0004,52.7728309
1982,10,18,45260,0.4087511,0.0004,52.7752489
1982,10,19,45261,0.4064881,0.0004,52.7775119
1982,10,20,45262,0.4044101,0.0004,52.7795899
1982,10,21,45263,0.402494,0.0004,52.781506
1982,10,22,45264,0.400679,0.0004,52.783321
1982,10,23,45265,0.398923,0.0004,52.785077
1982,10,24,45266,0.397159,0.0004,52.786841
1982,10,25,45267,0.395334,0.0004,52.788666
1982,10,26,45268,0.3933879,0.0004,52.7906121
1982,10,27,45269,0.3912819,0.0004,52.7927181
1982,10,28,45270,0.3890029,0.0004,52.7949971
1982,10,29,45271,0.3865669,0.0004,52.7974331
1982,10,30,45272,0.3839829,0.0004,52.8000171
1982,10,31,45273,0.3812958,0.0004,52.8027042
1982,11,1,45274,0.3785808,0.0004,52.8054192
1982,11,2,45275,0.3759418,0.0004,52.8080582
1982,11,3,45276,0.3734498,0.0004,52.8105502
1982,11,4,45277,0.3711118,0.0004,52.8128882
1982,11,5,45278,0.3689187,0.0004,52.8150813
1982,11,6,45279,0.3667837,0.0004,52.8172163
1982,11,7,45280,0.3646217,0.0004,52.8193783
1982,11,8,45281,0.3623557,0.0004,52.8216443
1982,11,9,45282,0.3599317,0.0004,52.8240683
1982,11,10,45283,0.3573327,0.0004,52.8266673
1982,11,11,45284,0.3545966,0.0004,52.8294034
1982,11,12,45285,0.3517816,0.0004,52.8322184
1982,11,13,45286,0.3489726,0.0004,52.8350274
1982,11,14,45287,0.3462226,0.0004,52.8377774
1982,11,15,45288,0.3436156,0.0004,52.8403844
1982,11,16,45289,0.3411785,0.0004,52.8428215
1982,11,17,45290,0.3388955,0.0004,52.8451045
1982,11,18,45291,0.3367545,0.0004,52.8472455
1982,11,19,45292,0.3347235,0.0004,52.8492765
1982,11,20,45293,0.3327175,0.0004,52.8512825
1982,11,21,45294,0.3306955,0.0004,52.8533045
1982,11,22,45295,0.3286035,0.0004,52.8553965
1982,11,23,45296,0.3263914,0.0004,52.8576086
1982,11,24,45297,0.3240304,0.0004,52.8599696
1982,11,25,45298,0.3215004,0.0004,52.8624996
1982,11,26,45299,0.3188184,0.0004,52.8651816
1982,11,27,45300,0.3159994,0.0004,52.8680006
1982,11,28,45301,0.3130994,0.0004,52.8709006
1982,11,29,45302,0.3102203,0.0004,52.8737797
1982,11,30,45303,0.3074373,0.0004,52.8765627
1982,12,1,45304,0.3048183,0.0004,52.8791817
1982,12,2,45305,0.3023773,0.0004,52.8816227
1982,12,3,45306,0.3000533,0.0004,52.8839467
1982,12,4,45307,0.2977793,0.0004,52.8862207
1982,12,5,45308,0.2954343,0.0004,52.8885657
1982,12,6,45309,0.2929492,0.0004,52.8910508
1982,12,7,45310,0.2903172,0.0004,52.8936828
1982,12,8,45311,0.2875402,0.0004,52.8964598
1982,12,9,45312,0.2846932,0.0004,52.8993068
1982,12,10,45313,0.2818502,0.0004,52.9021498
1982,12,11,45314,0.2790682,0.0004,52.9049318
1982,12,12,45315,0.2764102,0.0004,52.9075898
1982,12,13,45316,0.2738961,0.0004,52.9101039
1982,12,14,45317,0.2715421,0.0004,52.9124579
1982,12,15,45318,0.2693201,0.0004,52.9146799
1982,12,16,45319,0.2672101,0.0004,52.9167899
1982,12,17,45320,0.2651621,0.0004,52.9188379
1982,12,18,45321,0.2631171,0.0004,52.9208829
1982,12,19,45322,0.2610111,0.0004,52.9229889
1982,12,20,45323,0.2588171,0.0004,52.9251829
1982,12,21,45324,0.2564851,0.0004,52.9275149
1982,12,22,45325,0.253994,0.0004,52.930006
1982,12,23,45326,0.251357,0.0004,52.932643
1982,12,24,45327,0.248577,0.0004,52.935423
1982,12,25,45328,0.245709,0.0004,52.938291
1982,12,26,45329,0.2428,0.0004,52.9412
1982,12,27,45330,0.239935,0.0004,52.944065
1982,12,28,45331,0.237191,0.0004,52.946809
1982,12,29,45332,0.234608,0.0004,52.949392
1982,12,30,45333,0.23217,0.0004,52.95183
1982,12,31,45334,0.2298089,0.0004,52.9541911
1983,1,1,45335,0.2274139,0.0004,52.9565861
1983,1,2,45336,0.224892,0.0004,52.959108
1983,1,3,45337,0.2221998,0.0004,52.9618002
1983,1,4,45338,0.2193742,0.0004,52.9646258
1983,1,5,45339,0.2164497,0.0004,52.9675503
1983,1,6,45340,0.2135318,0.0004,52.9704682
1983,1,7,45341,0.2106995,0.0004,52.9733005
1983,1,8,45342,0.20799,0.0004,52.97601
1983,1,9,45343,0.2054331,0.0004,52.9785669
1983,1,10,45344,0.2030334,0.0004,52.9809666
1983,1,11,45345,0.2007747,0.0004,52.9832253
1983,1,12,45346,0.1986043,0.0004,52.9853957
1983,1,13,45347,0.1964667,0.0004,52.9875333
1983,1,14,45348,0.1942883,0.0004,52.9897117
1983,1,15,45349,0.1920135,0.0004,52.9919865
1983,1,16,45350,0.1895914,0.0004,52.9944086
1983,1,17,45351,0.1869842,0.0004,52.9970158
1983,1,18,45352,0.1841722,0.0004,52.9998278
1983,1,19,45353,0.1811458,0.0004,53.0028542
1983,1,20,45354,0.1779643,0.0004,53.0060357
1983,1,21,45355,0.174663,0.0004,53.009337
1983,1,22,45356,0.1712927,0.0004,53.0127073
1983,1,23,45357,0.1679259,0.0004,53.0160741
1983,1,24,45358,0.1646172,0.0004,53.0193828
1983,1,25,45359,0.1614335,0.0004,53.0225665
1983,1,26,45360,0.1583904,0.0004,53.0256096
1983,1,27,45361,0.1554486,0.0004,53.0285514
1983,1,28,45362,0.1525037,0.0004,53.0314963
1983,1,29,45363,0.14947,0.0004,53.03453
1983,1,30,45364,0.1462532,0.0004,53.0377468
1983,1,31,45365,0.1428617,0.0004,53.0411383
1983,2,1,45366,0.139329,0.0004,53.044671
1983,2,2,45367,0.1357705,0.0004,53.0482295
1983,2,3,45368,0.1322885,0.0004,53.0517115
1983,2,4,45369,0.1289596,0.0004,53.0550404
1983,2,5,45370,0.1258336,0.0004,53.0581664
1983,2,6,45371,0.1229055,0.0004,53.0610945
1983,2,7,45372,0.1201407,0.0004,53.0638593
1983,2,8,45373,0.1175005,0.0004,53.0664995
1983,2,9,45374,0.11497,0.0004,53.06903
1983,2,10,45375,0.1125113,0.0004,53.0714887
1983,2,11,45376,0.1100726,0.0004,53.0739274
1983,2,12,45377,0.1075981,0.0004,53.0764019
1983,2,13,45378,0.1050423,0.0004,53.0789577
1983,2,14,45379,0.102375,0.0004,53.081625
1983,2,15,45380,0.0995907,0.0004,53.0844093
1983,2,16,45381,0.0967034,0.0004,53.0872966
1983,2,17,45382,0.0937352,0.0004,53.0902648
1983,2,18,45383,0.0907174,0.0004,53.0932826
1983,2,19,45384,0.0876923,0.0004,53.0963077
1983,2,20,45385,0.0847063,0.0004,53.0992937
1983,2,21,45386,0.0818097,0.0004,53.1021903
1983,2,22,45387,0.0790093,0.0004,53.1049907
1983,2,23,45388,0.0762733,0.0004,53.1077267
1983,2,24,45389,0.073531,0.0004,53.110469
1983,2,25,45390,0.0706779,0.0004,53.1133221
1983,2,26,45391,0.0676288,0.0004,53.1163712
1983,2,27,45392,0.0643376,0.0004,53.1196624
1983,2,28,45393,0.0608254,0.0004,53.1231746
1983,3,1,45394,0.0571754,0.0004,53.1268246
1983,3,2,45395,0.0535217,0.0004,53.1304783
1983,3,3,45396,0.0500042,0.0004,53.1339958
1983,3,4,45397,0.0467206,0.0004,53.1372794
1983,3,5,45398,0.0436929,0.0004,53.1403071
1983,3,6,45399,0.0409113,0.0004,53.1430887
1983,3,7,45400,0.0383385,0.0004,53.1456615
1983,3,8,45401,0.0359107,0.0004,53.1480893
1983,3,9,45402,0.0335549,0.0004,53.1504451
1983,3,10,45403,0.0311825,0.0004,53.1528175
1983,3,11,45404,0.0287226,0.0004,53.1552774
1983,3,12,45405,0.0261271,0.0004,53.1578729
1983,3,13,45406,0.0233586,0.0004,53.1606414
1983,3,14,45407,0.0204153,0.0004,53.1635847
1983,3,15,45408,0.0173195,0.0004,53.1666805
1983,3,16,45409,0.0141076,0.0004,53.1698924
1983,3,17,45410,0.010847,0.0004,53.173153
1983,3,18,45411,0.0076067,0.0004,53.1763933
1983,3,19,45412,0.0044712,0.0004,53.1795288
1983,3,20,45413,0.0014743,0.0004,53.1825257
1983,3,21,45414,-0.0013681,0.0004,53.1853681
1983,3,22,45415,-0.0040875,0.0004,53.1880875
1983,3,23,45416,-0.0067561,0.0004,53.1907561
1983,3,24,45417,-0.0094672,0.0004,53.1934672
1983,3,25,45418,-0.0123155,0.0004,53.1963155
1983,3,26,45419,-0.0153706,0.0004,53.1993706
1983,3,27,45420,-0.0186451,0.0004,53.2026451
1983,3,28,45421,-0.0220837,0.0004,53.2060837
1983,3,29,45422,-0.0256019,0.0004,53.2096019
1983,3,30,45423,-0.02909,0.0004,53.21309
1983,3,31,45424,-0.0324519,0.0004,53.2164519
1983,4,1,45425,-0.0356268,0.0004,53.2196268
1983,4,2,45426,-0.0385999,0.0004,53.2225999
1983,4,3,45427,-0.0413914,0.0004,53.2253914
1983,4,4,45428,-0.0440363,0.0004,53.2280363
1983,4,5,45429,-0.0465923,0.0004,53.2305923
1983,4,6,45430,-0.0491202,0.0004,53.2331202
1983,4,7,45431,-0.0516738,0.0004,53.2356738
1983,4,8,45432,-0.0542924,0.0004,53.2382924
1983,4,9,45433,-0.0569893,0.0004,53.2409893
1983,4,10,45434,-0.0597917,0.0004,53.2437917
1983,4,11,45435,-0.0627125,0.0004,53.2467125
1983,4,12,45436,-0.065727,0.0004,53.249727
1983,4,13,45437,-0.0688113,0.0004,53.2528113
1983,4,14,45438,-0.0719069,0.0004,53.2559069
1983,4,15,45439,-0.0749399,0.0004,53.2589399
1983,4,16,45440,-0.0778466,0.0004,53.2618466
1983,4,17,45441,-0.0806106,0.0004,53.2646106
1983,4,18,45442,-0.0832528,0.0004,53.2672528
1983,4,19,45443,-0.085805,0.0004,53.269805
1983,4,20,45444,-0.0883266,0.0004,53.2723266
1983,4,21,45445,-0.0908989,0.0004,53.2748989
1983,4,22,45446,-0.0936029,0.0004,53.2776029
1983,4,23,45447,-0.0964682,0.0004,53.2804682
1983,4,24,45448,-0.0994786,0.0004,53.2834786
1983,4,25,45449,-0.1025721,0.0004,53.2865721
1983,4,26,45450,-0.1056543,0.0004,53.2896543
1983,4,27,45451,-0.1086421,0.0004,53.2926421
1983,4,28,45452,-0.1114512,0.0004,53.2954512
1983,4,29,45453,-0.1140275,0.0004,53.2980275
1983,4,30,45454,-0.116348,0.0004,53.300348
1983,5,1,45455,-0.1184737,0.0004,53.3024737
1983,5,2,45456,-0.1204711,0.0004,53.3044711
1983,5,3,45457,-0.1224207,0.0004,53.3064207
1983,5,4,45458,-0.1244086,0.0004,53.3084086
1983,5,5,45459,-0.1264583,0.0004,53.3104583
1983,5,6,45460,-0.1285981,0.0004,53.3125981
1983,5,7,45461,-0.130866,0.0004,53.314866
1983,5,8,45462,-0.1332768,0.0004,53.3172768
1983,5,9,45463,-0.1358366,0.0004,53.3198366
1983,5,10,45464,-0.1385196,0.0004,53.3225196
1983,5,11,45465,-0.1412763,0.0004,53.3252763
1983,5,12,45466,-0.1440478,0.0004,53.3280478
1983,5,13,45467,-0.14675,0.0004,53.33075
1983,5,14,45468,-0.1493171,0.0004,53.3333171
1983,5,15,45469,-0.1517448,0.0004,53.3357448
1983,5,16,45470,-0.1540603,0.0004,53.3380603
1983,5,17,45471,-0.1563364,0.0004,53.3403364
1983,5,18,45472,-0.1586395,0.0004,53.3426395
1983,5,19,45473,-0.1610444,0.0004,53.3450444
1983,5,20,45474,-0.1635937,0.0004,53.3475937
1983,5,21,45475,-0.1662661,0.0004,53.3502661
1983,5,22,45476,-0.1690196,0.0004,53.3530196
1983,5,23,45477,-0.1717842,0.0004,53.3557842
1983,5,24,45478,-0.1744822,0.0004,53.3584822
1983,5,25,45479,-0.1770601,0.0004,53.3610601
1983,5,26,45480,-0.1794382,0.0004,53.3634382
1983,5,27,45481,-0.1815952,0.0004,53.3655952
1983,5,28,45482,-0.18356,0.0004,53.36756
1983,5,29,45483,-0.1853901,0.0004,53.3693901
1983,5,30,45484,-0.1871457,0.0004,53.3711457
1983,5,31,45485,-0.188885,0.0004,53.372885
1983,6,1,45486,-0.1906756,0.0004,53.3746756
1983,6,2,45487,-0.1925776,0.0004,53.3765776
1983,6,3,45488,-0.1946124,0.0004,53.3786124
1983,6,4,45489,-0.1967801,0.0004,53.3807801
1983,6,5,45490,-0.1990622,0.0004,53.3830622
1983,6,6,45491,-0.2014437,0.0004,53.3854437
1983,6,7,45492,-0.2038866,0.0004,53.3878866
1983,6,8,45493,-0.2063268,0.0004,53.3903268
1983,6,9,45494,-0.2087029,0.0004,53.3927029
1983,6,10,45495,-0.2109519,0.0004,53.3949519
1983,6,11,45496,-0.2130523,0.0004,53.3970523
1983,6,12,45497,-0.2150155,0.0004,53.3990155
1983,6,13,45498,-0.2169154,0.0004,53.4009154
1983,6,14,45499,-0.218855,0.0004,53.402855
1983,6,15,45500,-0.2209165,0.0004,53.4049165
1983,6,16,45501,-0.2231365,0.0004,53.4071365
1983,6,17,45502,-0.225507,0.0004,53.409507
1983,6,18,45503,-0.2279622,0.0004,53.4119622
1983,6,19,45504,-0.2304195,0.0004,53.4144195
1983,6,20,45505,-0.2327899,0.0004,53.4167899
1983,6,21,45506,-0.2350016,0.0004,53.4190016
1983,6,22,45507,-0.2370091,0.0004,53.4210091
1983,6,23,45508,-0.238794,0.0004,53.422794
1983,6,24,45509,-0.2403662,0.0004,53.4243662
1983,6,25,45510,-0.2417704,0.0004,53.4257704
1983,6,26,45511,-0.2430647,0.0004,53.4270647
1983,6,27,45512,-0.2443083,0.0004,53.4283083
1983,6,28,45513,-0.2455579,0.0004,53.4295579
1983,6,29,45514,-0.2468588,0.0004,53.4308588
1983,6,30,45515,-0.2482162,0.0004,53.4322162
1983,7,1,45516,0.7503454,0.0004,53.4336546
1983,7,2,45517,0.7487712,0.0004,53.4352288
1983,7,3,45518,0.7471018,0.0004,53.4368982
1983,7,4,45519,0.7453772,0.0004,53.4386228
1983,7,5,45520,0.7436557,0.0004,53.4403443
1983,7,6,45521,0.7420043,0.0004,53.4419957
1983,7,7,45522,0.7404733,0.0004,53.4435267
1983,7,8,45523,0.7391148,0.0004,53.4448852
1983,7,9,45524,0.737931,0.0004,53.446069
1983,7,10,45525,0.7368699,0.0004,53.4471301
1983,7,11,45526,0.7358474,0.0004,53.4481526
1983,7,12,45527,0.7347332,0.0004,53.4492668
1983,7,13,45528,0.7334473,0.0004,53.4505527
1983,7,14,45529,0.7319515,0.0004,53.4520485
1983,7,15,45530,0.7302855,0.0004,53.4537145
1983,7,16,45531,0.728516,0.0004,53.455484
1983,7,17,45532,0.7267334,0.0004,53.4572666
1983,7,18,45533,0.7250372,0.0004,53.4589628
1983,7,19,45534,0.7234833,0.0004,53.4605167
1983,7,20,45535,0.7220719,0.0004,53.4619281
1983,7,21,45536,0.7208153,0.0004,53.4631847
1983,7,22,45537,0.7196876,0.0004,53.4643124
1983,7,23,45538,0.7186684,0.0004,53.4653316
1983,7,24,45539,0.7176849,0.0004,53.4663151
1983,7,25,45540,0.7166795,0.0004,53.4673205
1983,7,26,45541,0.7155956,0.0004,53.4684044
1983,7,27,45542,0.7143883,0.0004,53.4696117
1983,7,28,45543,0.7130414,0.0004,53.4709586
1983,7,29,45544,0.7115604,0.0004,53.4724396
1983,7,30,45545,0.7099479,0.0004,53.4740521
1983,7,31,45546,0.7082291,0.0004,53.4757709
1983,8,1,45547,0.7064435,0.0004,53.4775565
1983,8,2,45548,0.7046435,0.0004,53.4793565
1983,8,3,45549,0.7028792,0.0004,53.4811208
1983,8,4,45550,0.7012119,0.0004,53.4827881
1983,8,5,45551,0.699682,0.0004,53.484318
1983,8,6,45552,0.6982671,0.0004,53.4857329
1983,8,7,45553,0.6968878,0.0004,53.4871122
1983,8,8,45554,0.6954366,0.0004,53.4885634
1983,8,9,45555,0.6938059,0.0004,53.4901941
1983,8,10,45556,0.6919539,0.0004,53.4920461
1983,8,11,45557,0.6898931,0.0004,53.4941069
1983,8,12,45558,0.6877026,0.0004,53.4962974
1983,8,13,45559,0.6854847,0.0004,53.4985153
1983,8,14,45560,0.6833738,0.0004,53.5006262
1983,8,15,45561,0.6814504,0.0004,53.5025496
1983,8,16,45562,0.6797436,0.0004,53.5042564
1983,8,17,45563,0.6782142,0.0004,53.5057858
1983,8,18,45564,0.6768354,0.0004,53.5071646
1983,8,19,45565,0.6755786,0.0004,53.5084214
1983,8,20,45566,0.6743567,0.0004,53.5096433
1983,8,21,45567,0.6731052,0.0004,53.5108948
1983,8,22,45568,0.6717679,0.0004,53.5122321
1983,8,23,45569,0.6703001,0.0004,53.5136999
1983,8,24,45570,0.6686976,0.0004,53.5153024
1983,8,25,45571,0.666966,0.0004,53.517034
1983,8,26,45572,0.6651203,0.0004,53.5188797
1983,8,27,45573,0.6632026,0.0004,53.5207974
1983,8,28,45574,0.6612571,0.0004,53.5227429
1983,8,29,45575,0.6593256,0.0004,53.5246744
1983,8,30,45576,0.6574539,0.0004,53.5265461
1983,8,31,45577,0.6556452,0.0004,53.5283548
1983,9,1,45578,0.6539592,0.0004,53.5300408
1983,9,2,45579,0.6523992,0.0004,53.5316008
1983,9,3,45580,0.6509125,0.0004,53.5330875
1983,9,4,45581,0.6494102,0.0004,53.5345898
1983,9,5,45582,0.6477877,0.0004,53.5362123
1983,9,6,45583,0.6459505,0.0004,53.5380495
1983,9,7,45584,0.6438944,0.0004,53.5401056
1983,9,8,45585,0.6416356,0.0004,53.5423644
1983,9,9,45586,0.6392589,0.0004,53.5447411
1983,9,10,45587,0.6369144,0.0004,53.5470856
1983,9,11,45588,0.6346932,0.0004,53.5493068
1983,9,12,45589,0.6326824,0.0004,53.5513176
1983,9,13,45590,0.6309019,0.0004,53.5530981
1983,9,14,45591,0.6293371,0.0004,53.5546629
1983,9,15,45592,0.6279028,0.0004,53.5560972
1983,9,16,45593,0.6265332,0.0004,53.5574668
1983,9,17,45594,0.6251761,0.0004,53.5588239
1983,9,18,45595,0.6237629,0.0004,53.5602371
1983,9,19,45596,0.6222464,0.0004,53.5617536
1983,9,20,45597,0.6205975,0.0004,53.5634025
1983,9,21,45598,0.6187916,0.0004,53.5652084
1983,9,22,45599,0.6168443,0.0004,53.5671557
1983,9,23,45600,0.6147933,0.0004,53.5692067
1983,9,24,45601,0.6126866,0.0004,53.5713134
1983,9,25,45602,0.6105879,0.0004,53.5734121
1983,9,26,45603,0.6085536,0.0004,53.5754464
1983,9,27,45604,0.6066332,0.0004,53.5773668
1983,9,28,45605,0.6048375,0.0004,53.5791625
1983,9,29,45606,0.603132,0.0004,53.580868
1983,9,30,45607,0.6014558,0.0004,53.5825442
1983,10,1,45608,0.5997207,0.0004,53.5842793
1983,10,2,45609,0.5978235,0.0004,53.5861765
1983,10,3,45610,0.5956803,0.0004,53.5883197
1983,10,4,45611,0.5932548,0.0004,53.5907452
1983,10,5,45612,0.5905749,0.0004,53.5934251
1983,10,6,45613,0.5877388,0.0004,53.5962612
1983,10,7,45614,0.5848843,0.0004,53.5991157
1983,10,8,45615,0.5821668,0.0004,53.6018332
1983,10,9,45616,0.5796833,0.0004,53.6043167
1983,10,10,45617,0.5774653,0.0004,53.6065347
1983,10,11,45618,0.5754933,0.0004,53.6085067
1983,10,12,45619,0.57372,0.0004,53.61028
1983,10,13,45620,0.5720344,0.0004,53.6119656
1983,10,14,45621,0.5703185,0.0004,53.6136815
1983,10,15,45622,0.5685858,0.0004,53.6154142
1983,10,16,45623,0.5668136,0.0004,53.6171864
1983,10,17,45624,0.5649593,0.0004,53.6190407
1983,10,18,45625,0.5630045,0.0004,53.6209955
1983,10,19,45626,0.5609264,0.0004,53.6230736
1983,10,20,45627,0.5587332,0.0004,53.6252668
1983,10,21,45628,0.5564531,0.0004,53.6275469
1983,10,22,45629,0.5541459,0.0004,53.6298541
1983,10,23,45630,0.5518743,0.0004,53.6321257
1983,10,24,45631,0.5496828,0.0004,53.6343172
1983,10,25,45632,0.5475987,0.0004,53.6364013
1983,10,26,45633,0.5456149,0.0004,53.6383851
1983,10,27,45634,0.5436772,0.0004,53.6403228
1983,10,28,45635,0.5417047,0.0004,53.6422953
1983,10,29,45636,0.539606,0.0004,53.644394
1983,10,30,45637,0.5372935,0.0004,53.6467065
1983,10,31,45638,0.5347012,0.0004,53.6492988
1983,11,1,45639,0.5318293,0.0004,53.6521707
1983,11,2,45640,0.5287424,0.0004,53.6552576
1983,11,3,45641,0.5255558,0.0004,53.6584442
1983,11,4,45642,0.5223974,0.0004,53.6616026
1983,11,5,45643,0.5193714,0.0004,53.6646286
1983,11,6,45644,0.5165776,0.0004,53.6674224
1983,11,7,45645,0.5140458,0.0004,53.6699542
1983,11,8,45646,0.5117632,0.0004,53.6722368
1983,11,9,45647,0.5096739,0.0004,53.6743261
1983,11,10,45648,0.5076621,0.0004,53.6763379
1983,11,11,45649,0.505638,0.0004,53.678362
1983,11,12,45650,0.5035506,0.0004,53.6804494
1983,11,13,45651,0.5013634,0.0004,53.6826366
1983,11,14,45652,0.4990392,0.0004,53.6849608
1983,11,15,45653,0.4965799,0.0004,53.6874201
1983,11,16,45654,0.4940048,0.0004,53.6899952
1983,11,17,45655,0.4913533,0.0004,53.6926467
1983,11,18,45656,0.4886823,0.0004,53.6953177
1983,11,19,45657,0.4860595,0.0004,53.6979405
1983,11,20,45658,0.4835504,0.0004,53.7004496
1983,11,21,45659,0.481206,0.0004,53.702794
1983,11,22,45660,0.4790402,0.0004,53.7049598
1983,11,23,45661,0.4770381,0.0004,53.7069619
1983,11,24,45662,0.475115,0.0004,53.708885
1983,11,25,45663,0.4731607,0.0004,53.7108393
1983,11,26,45664,0.4710852,0.0004,53.7129148
1983,11,27,45665,0.4688292,0.0004,53.7151708
1983,11,28,45666,0.4663778,0.0004,53.7176222
1983,11,29,45667,0.4637758,0.0004,53.7202242
1983,11,30,45668,0.4611109,0.0004,53.7228891
1983,12,1,45669,0.4584829,0.0004,53.7255171
1983,12,2,45670,0.4559977,0.0004,53.7280023
1983,12,3,45671,0.4537068,0.0004,53.7302932
1983,12,4,45672,0.451633,0.0004,53.732367
1983,12,5,45673,0.4497635,0.0004,53.7342365
1983,12,6,45674,0.448052,0.0004,53.735948
1983,12,7,45675,0.4464437,0.0004,53.7375563
1983,12,8,45676,0.4448884,0.0004,53.7391116
1983,12,9,45677,0.4433036,0.0004,53.7406964
1983,12,10,45678,0.4416367,0.0004,53.7423633
1983,12,11,45679,0.4398579,0.0004,53.7441421
1983,12,12,45680,0.4379403,0.0004,53.7460597
1983,12,13,45681,0.4358837,0.0004,53.7481163
1983,12,14,45682,0.433707,0.0004,53.750293
1983,12,15,45683,0.4314572,0.0004,53.7525428
1983,12,16,45684,0.4291936,0.0004,53.7548064
1983,12,17,45685,0.4269803,0.0004,53.7570197
1983,12,18,45686,0.4248931,0.0004,53.7591069
1983,12,19,45687,0.4229682,0.0004,53.7610318
1983,12,20,45688,0.4211981,0.0004,53.7628019
1983,12,21,45689,0.4195154,0.0004,53.7644846
1983,12,22,45690,0.417822,0.0004,53.766178
1983,12,23,45691,0.4160144,0.0004,53.7679856
1983,12,24,45692,0.4140157,0.0004,53.7699843
1983,12,25,45693,0.4118017,0.0004,53.7721983
1983,12,26,45694,0.4094005,0.0004,53.7745995
1983,12,27,45695,0.4068896,0.0004,53.7771104
1983,12,28,45696,0.4043797,0.0004,53.7796203
1983,12,29,45697,0.401968,0.0004,53.782032
1983,12,30,45698,0.3997242,0.0004,53.7842758
1983,12,31,45699,0.3976841,0.0004,53.7863159
1984,1,1,45700,0.3957414,9.13e-05,53.7882586
1984,1,2,45701,0.3940313,9.12e-05,53.7899687
1984,1,3,45702,0.3924517,9.12e-05,53.7915483
1984,1,4,45703,0.3909482,9.11e-05,53.7930518
1984,1,5,45704,0.3894625,9.1e-05,53.7945375
1984,1,6,45705,0.3879423,9.06e-05,53.7960577
1984,1,7,45706,0.3863464,9.01e-05,53.7976536
1984,1,8,45707,0.3846474,8.97e-05,53.7993526
1984,1,9,45708,0.3828345,8.94e-05,53.8011655
1984,1,10,45709,0.3809173,8.9e-05,53.8030827
1984,1,11,45710,0.3789307,9.03e-05,53.8050693
1984,1,12,45711,0.3769387,9.23e-05,53.8070613
1984,1,13,45712,0.3750304,9.44e-05,53.8089696
1984,1,14,45713,0.3733049,9.64e-05,53.8106951
1984,1,15,45714,0.3718412,9.86e-05,53.8121588
1984,1,16,45715,0.3706615,9.89e-05,53.8133385
1984,1,17,45716,0.3697026,9.86e-05,53.8142974
1984,1,18,45717,0.3688168,9.82e-05,53.8151832
1984,1,19,45718,0.3678099,9.79e-05,53.8161901
1984,1,20,45719,0.366505,9.76e-05,53.817495
1984,1,21,45720,0.3648064,9.73e-05,53.8191936
1984,1,22,45721,0.3627352,9.7e-05,53.8212648
1984,1,23,45722,0.3604203,9.68e-05,53.8235797
1984,1,24,45723,0.358053,9.66e-05,53.825947
1984,1,25,45724,0.3558261,9.64e-05,53.8281739
1984,1,26,45725,0.3538824,9.7e-05,53.8301176
1984,1,27,45726,0.352289,9.74e-05,53.831711
1984,1,28,45727,0.3510316,9.73e-05,53.8329684
1984,1,29,45728,0.3500329,9.73e-05,53.8339671
1984,1,30,45729,0.349182,9.73e-05,53.834818
1984,1,31,45730,0.3483617,9.76e-05,53.8356383
1984,2,1,45731,0.3474704,9.81e-05,53.8365296
1984,2,2,45732,0.3464347,9.87e-05,53.8375653
1984,2,3,45733,0.3452144,9.92e-05,53.8387856
1984,2,4,45734,0.3438038,9.97e-05,53.8401962
1984,2,5,45735,0.3422284,0.000101,53.8417716
1984,2,6,45736,0.3405375,0.000103,53.8434625
1984,2,7,45737,0.3387918,0.000105,53.8452082
1984,2,8,45738,0.3370503,0.0001071,53.8469497
1984,2,9,45739,0.3353585,0.0001093,53.8486415
1984,2,10,45740,0.3337434,0.0001114,53.8502566
1984,2,11,45741,0.3322101,0.0001136,53.8517899
1984,2,12,45742,0.3307437,0.0001159,53.8532563
1984,2,13,45743,0.3293107,0.0001181,53.8546893
1984,2,14,45744,0.3278603,0.0001204,53.8561397
1984,2,15,45745,0.3263326,0.0001211,53.8576674
1984,2,16,45746,0.3246807,0.0001215,53.8593193
1984,2,17,45747,0.3228827,0.0001218,53.8611173
1984,2,18,45748,0.3209435,0.0001221,53.8630565
1984,2,19,45749,0.3188899,0.0001224,53.8651101
1984,2,20,45750,0.3167575,0.0001221,53.8672425
1984,2,21,45751,0.3145522,0.0001216,53.8694478
1984,2,22,45752,0.3123049,0.0001197,53.8716951
1984,2,23,45753,0.310182,0.0001176,53.873818
1984,2,24,45754,0.3083846,0.0001158,53.8756154
1984,2,25,45755,0.3070007,0.0001157,53.8769993
1984,2,26,45756,0.3056955,0.0001167,53.8783045
1984,2,27,45757,0.3045456,0.0001179,53.8794544
1984,2,28,45758,0.303761,0.0001178,53.880239
1984,2,29,45759,0.3026583,0.0001175,53.8813417
1984,3,1,45760,0.3005269,0.0001173,53.8834731
1984,3,2,45761,0.2981546,0.0001154,53.8858454
1984,3,3,45762,0.2961903,0.0001133,53.8878097
1984,3,4,45763,0.2947181,0.0001113,53.8892819
1984,3,5,45764,0.2935325,0.0001092,53.8904675
1984,3,6,45765,0.2922528,0.0001071,53.8917472
1984,3,7,45766,0.2906072,0.000105,53.8933928
1984,3,8,45767,0.2885431,0.0001029,53.8954569
1984,3,9,45768,0.2862133,0.0001008,53.8977867
1984,3,10,45769,0.2838933,9.89e-05,53.9001067
1984,3,11,45770,0.2818368,9.75e-05,53.9021632
1984,3,12,45771,0.2801215,9.64e-05,53.9038785
1984,3,13,45772,0.2786248,9.53e-05,53.9053752
1984,3,14,45773,0.2770981,9.42e-05,53.9069019
1984,3,15,45774,0.2752822,9.31e-05,53.9087178
1984,3,16,45775,0.2730322,9.31e-05,53.9109678
1984,3,17,45776,0.2704347,9.23e-05,53.9135653
1984,3,18,45777,0.2676698,9.11e-05,53.9163302
1984,3,19,45778,0.2649163,8.98e-05,53.9190837
1984,3,20,45779,0.2623192,8.86e-05,53.9216808
1984,3,21,45780,0.2599522,8.71e-05,53.9240478
1984,3,22,45781,0.2578263,8.54e-05,53.9261737
1984,3,23,45782,0.2559084,8.38e-05,53.9280916
1984,3,24,45783,0.2541438,8.22e-05,53.9298562
1984,3,25,45784,0.252474,8.06e-05,53.931526
1984,3,26,45785,0.2508409,8.07e-05,53.9331591
1984,3,27,45786,0.2491856,8.13e-05,53.9348144
1984,3,28,45787,0.247452,8.19e-05,53.936548
1984,3,29,45788,0.245597,8.26e-05,53.938403
1984,3,30,45789,0.2436054,8.33e-05,53.9403946
1984,3,31,45790,0.2414999,8.4e-05,53.9425001
1984,4,1,45791,0.23934,8.47e-05,53.94466
1984,4,2,45792,0.2372084,8.54e-05,53.9467916
1984,4,3,45793,0.2351858,8.6e-05,53.9488142
1984,4,4,45794,0.2333239,8.66e-05,53.9506761
1984,4,5,45795,0.2316283,8.9e-05,53.9523717
1984,4,6,45796,0.2300536,9.22e-05,53.9539464
1984,4,7,45797,0.2285227,9.56e-05,53.9554773
1984,4,8,45798,0.2269546,9.91e-05,53.9570454
1984,4,9,45799,0.2252854,0.0001026,53.9587146
1984,4,10,45800,0.2234776,0.0001056,53.9605224
1984,4,11,45801,0.2215267,0.0001084,53.9624733
1984,4,12,45802,0.2194335,0.0001112,53.9645665
1984,4,13,45803,0.217185,0.000114,53.966815
1984,4,14,45804,0.2147546,0.0001155,53.9692454
1984,4,15,45805,0.2120333,0.0001159,53.9719667
1984,4,16,45806,0.2091658,0.0001159,53.9748342
1984,4,17,45807,0.2064804,0.0001159,53.9775196
1984,4,18,45808,0.2042569,0.0001158,53.9797431
1984,4,19,45809,0.202536,0.0001146,53.981464
1984,4,20,45810,0.2007777,0.0001134,53.9832223
1984,4,21,45811,0.1992697,0.0001133,53.9847303
1984,4,22,45812,0.1981034,0.0001146,53.9858966
1984,4,23,45813,0.1965591,0.0001159,53.9874409
1984,4,24,45814,0.1942256,0.0001161,53.9897744
1984,4,25,45815,0.1920742,0.0001151,53.9919258
1984,4,26,45816,0.1902319,0.0001141,53.9937681
1984,4,27,45817,0.1881831,0.0001118,53.9958169
1984,4,28,45818,0.1860806,0.00011,53.9979194
1984,4,29,45819,0.1840134,0.0001084,53.9999866
1984,4,30,45820,0.1819488,0.0001077,54.0020512
1984,5,1,45821,0.1799025,0.0001073,54.0040975
1984,5,2,45822,0.1779246,0.0001069,54.0060754
1984,5,3,45823,0.1760706,0.0001065,54.0079294
1984,5,4,45824,0.1743807,0.0001061,54.0096193
1984,5,5,45825,0.1728582,0.0001047,54.0111418
1984,5,6,45826,0.1714551,0.0001028,54.0125449
1984,5,7,45827,0.170077,0.000101,54.013923
1984,5,8,45828,0.168605,9.91e-05,54.015395
1984,5,9,45829,0.1669284,9.73e-05,54.0170716
1984,5,10,45830,0.1649827,9.59e-05,54.0190173
1984,5,11,45831,0.1627786,9.48e-05,54.0212214
1984,5,12,45832,0.1604075,9.36e-05,54.0235925
1984,5,13,45833,0.158017,9.25e-05,54.025983
1984,5,14,45834,0.1557657,9.14e-05,54.0282343
1984,5,15,45835,0.1537731,9.03e-05,54.0302269
1984,5,16,45836,0.1520854,8.9e-05,54.0319146
1984,5,17,45837,0.1506721,8.78e-05,54.0333279
1984,5,18,45838,0.1494487,8.66e-05,54.0345513
1984,5,19,45839,0.1483113,8.54e-05,54.0356887
1984,5,20,45840,0.1471667,8.49e-05,54.0368333
1984,5,21,45841,0.1459504,8.47e-05,54.0380496
1984,5,22,45842,0.14463,8.45e-05,54.03937
1984,5,23,45843,0.143201,8.42e-05,54.040799
1984,5,24,45844,0.1416794,8.4e-05,54.0423206
1984,5,25,45845,0.1400943,8.37e-05,54.0439057
1984,5,26,45846,0.1384814,8.34e-05,54.0455186
1984,5,27,45847,0.1368801,8.32e-05,54.0471199
1984,5,28,45848,0.1353329,8.29e-05,54.0486671
1984,5,29,45849,0.1338824,8.26e-05,54.0501176
1984,5,30,45850,0.1325651,8.23e-05,54.0514349
1984,5,31,45851,0.1313989,8.22e-05,54.0526011
1984,6,1,45852,0.1303703,8.21e-05,54.0536297
1984,6,2,45853,0.1294279,8.18e-05,54.0545721
1984,6,3,45854,0.1284889,8.14e-05,54.0555111
1984,6,4,45855,0.1274585,8.09e-05,54.0565415
1984,6,5,45856,0.1262566,8.04e-05,54.0577434
1984,6,6,45857,0.1248429,7.98e-05,54.0591571
1984,6,7,45858,0.1232329,7.93e-05,54.0607671
1984,6,8,45859,0.1214984,7.87e-05,54.0625016
1984,6,9,45860,0.1197522,7.74e-05,54.0642478
1984,6,10,45861,0.118119,7.59e-05,54.065881
1984,6,11,45862,0.1166999,7.4e-05,54.0673001
1984,6,12,45863,0.1155445,7.27e-05,54.0684555
1984,6,13,45864,0.1146397,7.13e-05,54.0693603
1984,6,14,45865,0.1139195,7.09e-05,54.0700805
1984,6,15,45866,0.1132904,7.06e-05,54.0707096
1984,6,16,45867,0.1126591,7.03e-05,54.0713409
1984,6,17,45868,0.111953,7.01e-05,54.072047
1984,6,18,45869,0.1111286,6.99e-05,54.0728714
1984,6,19,45870,0.1101707,7e-05,54.0738293
1984,6,20,45871,0.1090874,7.03e-05,54.0749126
1984,6,21,45872,0.1079037,7.06e-05,54.0760963
1984,6,22,45873,0.1066561,7.08e-05,54.0773439
1984,6,23,45874,0.105387,7.11e-05,54.078613
1984,6,24,45875,0.1041406,7.1e-05,54.0798594
1984,6,25,45876,0.1029592,7.09e-05,54.0810408
1984,6,26,45877,0.1018792,7.08e-05,54.0821208
1984,6,27,45878,0.1009259,7.06e-05,54.0830741
1984,6,28,45879,0.1001035,7.05e-05,54.0838965
1984,6,29,45880,0.0993891,7.01e-05,54.0846109
1984,6,30,45881,0.0987376,6.97e-05,54.0852624
1984,7,1,45882,0.0980924,6.93e-05,54.0859076
1984,7,2,45883,0.0974005,6.89e-05,54.0865995
1984,7,3,45884,0.096626,6.85e-05,54.087374
1984,7,4,45885,0.095753,6.76e-05,54.088247
1984,7,5,45886,0.0947762,6.67e-05,54.0892238
1984,7,6,45887,0.0937034,6.58e-05,54.0902966
1984,7,7,45888,0.092565,6.49e-05,54.091435
1984,7,8,45889,0.0914251,6.41e-05,54.0925749
1984,7,9,45890,0.0903847,6.36e-05,54.0936153
1984,7,10,45891,0.0895761,6.32e-05,54.0944239
1984,7,11,45892,0.0891158,6.28e-05,54.0948842
1984,7,12,45893,0.0890388,5.67e-05,54.0949612
1984,7,13,45894,0.0892598,5.61e-05,54.0947402
1984,7,14,45895,0.089576,5.56e-05,54.094424
1984,7,15,45896,0.0896877,5.23e-05,54.0943123
1984,7,16,45897,0.089335,5.16e-05,54.094665
1984,7,17,45898,0.0884765,5.04e-05,54.0955235
1984,7,18,45899,0.0873404,4.93e-05,54.0966596
1984,7,19,45900,0.0862171,4.8e-05,54.0977829
1984,7,20,45901,0.085236,4.68e-05,54.098764
1984,7,21,45902,0.0843858,4.57e-05,54.0996142
1984,7,22,45903,0.0836068,4.47e-05,54.1003932
1984,7,23,45904,0.0829679,4.38e-05,54.1010321
1984,7,24,45905,0.0826735,4.31e-05,54.1013265
1984,7,25,45906,0.0824141,4.21e-05,54.1015859
1984,7,26,45907,0.0819329,4.1e-05,54.1020671
1984,7,27,45908,0.081234,3.99e-05,54.102766
1984,7,28,45909,0.0803961,3.89e-05,54.1036039
1984,7,29,45910,0.079498,3.8e-05,54.104502
1984,7,30,45911,0.0785105,3.68e-05,54.1054895
1984,7,31,45912,0.0772345,3.6e-05,54.1067655
1984,8,1,45913,0.0756737,3.53e-05,54.1083263
1984,8,2,45914,0.0739801,3.46e-05,54.1100199
1984,8,3,45915,0.0723622,3.36e-05,54.1116378
1984,8,4,45916,0.0709781,3.27e-05,54.1130219
1984,8,5,45917,0.0698963,3.18e-05,54.1141037
1984,8,6,45918,0.0691016,3.1e-05,54.1148984
1984,8,7,45919,0.0685227,2.99e-05,54.1154773
1984,8,8,45920,0.0680767,2.87e-05,54.1159233
1984,8,9,45921,0.0676603,2.74e-05,54.1163397
1984,8,10,45922,0.0671743,2.6e-05,54.1168257
1984,8,11,45923,0.0665473,2.47e-05,54.1174527
1984,8,12,45924,0.0657354,2.36e-05,54.1182646
1984,8,13,45925,0.0647215,2.23e-05,54.1192785
1984,8,14,45926,0.0635118,2.11e-05,54.1204882
1984,8,15,45927,0.0621344,2.01e-05,54.1218656
1984,8,16,45928,0.0606383,1.91e-05,54.1233617
1984,8,17,45929,0.0590881,1.83e-05,54.1249119
1984,8,18,45930,0.057558,1.74e-05,54.126442
1984,8,19,45931,0.0561237,1.66e-05,54.1278763
1984,8,20,45932,0.0548504,1.59e-05,54.1291496
1984,8,21,45933,0.0537763,1.52e-05,54.1302237
1984,8,22,45934,0.052895,1.47e-05,54.131105
1984,8,23,45935,0.052141,1.41e-05,54.131859
1984,8,24,45936,0.0513875,1.35e-05,54.1326125
1984,8,25,45937,0.0504753,1.3e-05,54.1335247
1984,8,26,45938,0.0492641,1.26e-05,54.1347359
1984,8,27,45939,0.0476901,1.21e-05,54.1363099
1984,8,28,45940,0.045796,1.15e-05,54.138204
1984,8,29,45941,0.0437008,1.1e-05,54.1402992
1984,8,30,45942,0.0415623,1.05e-05,54.1424377
1984,8,31,45943,0.0395419,1.01e-05,54.1444581
1984,9,1,45944,0.0377412,1.01e-05,54.1462588
1984,9,2,45945,0.0361593,1.01e-05,54.1478407
1984,9,3,45946,0.0347983,1e-05,54.1492017
1984,9,4,45947,0.0336459,1.03e-05,54.1503541
1984,9,5,45948,0.0326329,1.06e-05,54.1513671
1984,9,6,45949,0.0316711,1.1e-05,54.1523289
1984,9,7,45950,0.0306772,1.13e-05,54.1533228
1984,9,8,45951,0.0295943,1.17e-05,54.1544057
1984,9,9,45952,0.0283967,1.2e-05,54.1556033
1984,9,10,45953,0.0270844,1.25e-05,54.1569156
1984,9,11,45954,0.0256744,1.3e-05,54.1583256
1984,9,12,45955,0.0241909,1.34e-05,54.1598091
1984,9,13,45956,0.0226562,1.39e-05,54.1613438
1984,9,14,45957,0.0210923,1.44e-05,54.1629077
1984,9,15,45958,0.0195265,1.5e-05,54.1644735
1984,9,16,45959,0.017996,1.57e-05,54.166004
1984,9,17,45960,0.0165462,1.63e-05,54.1674538
1984,9,18,45961,0.0152198,1.68e-05,54.1687802
1984,9,19,45962,0.0140312,1.75e-05,54.1699688
1984,9,20,45963,0.0129406,1.82e-05,54.1710594
1984,9,21,45964,0.0118441,1.91e-05,54.1721559
1984,9,22,45965,0.0105933,1.98e-05,54.1734067
1984,9,23,45966,0.0090438,2.04e-05,54.1749562
1984,9,24,45967,0.0071168,2.11e-05,54.1768832
1984,9,25,45968,0.0048429,2.2e-05,54.1791571
1984,9,26,45969,0.0023618,2.29e-05,54.1816382
1984,9,27,45970,-0.0001245,2.37e-05,54.1841245
1984,9,28,45971,-0.002421,2.46e-05,54.186421
1984,9,29,45972,-0.0044045,2.56e-05,54.1884045
1984,9,30,45973,-0.006054,2.67e-05,54.190054
1984,10,1,45974,-0.0074411,2.79e-05,54.1914411
1984,10,2,45975,-0.0086928,2.89e-05,54.1926928
1984,10,3,45976,-0.0099471,2.97e-05,54.1939471
1984,10,4,45977,-0.0113164,3.07e-05,54.1953164
1984,10,5,45978,-0.012864,3.17e-05,54.196864
1984,10,6,45979,-0.0145994,3.29e-05,54.1985994
1984,10,7,45980,-0.0164842,3.39e-05,54.2004842
1984,10,8,45981,-0.0184476,3.5e-05,54.2024476
1984,10,9,45982,-0.0204088,3.63e-05,54.2044088
1984,10,10,45983,-0.0222999,3.76e-05,54.2062999
1984,10,11,45984,-0.0240827,3.91e-05,54.2080827
1984,10,12,45985,-0.0257538,4.02e-05,54.2097538
1984,10,13,45986,-0.0273408,4.12e-05,54.2113408
1984,10,14,45987,-0.0288821,4.23e-05,54.2128821
1984,10,15,45988,-0.0304048,4.35e-05,54.2144048
1984,10,16,45989,-0.0319138,4.47e-05,54.2159138
1984,10,17,45990,-0.0333985,4.58e-05,54.2173985
1984,10,18,45991,-0.034851,4.69e-05,54.218851
1984,10,19,45992,-0.0363035,4.8e-05,54.2203035
1984,10,20,45993,-0.0378492,5.32e-05,54.2218492
1984,10,21,45994,-0.0396182,5.41e-05,54.2236182
1984,10,22,45995,-0.0417183,5.58e-05,54.2257183
1984,10,23,45996,-0.0442118,6.22e-05,54.2282118
1984,10,24,45997,-0.047001,6.33e-05,54.231001
1984,10,25,45998,-0.0497135,6.41e-05,54.2337135
1984,10,26,45999,-0.0519418,6.51e-05,54.2359418
1984,10,27,46000,-0.0535037,6.59e-05,54.2375037
1984,10,28,46001,-0.0546445,6.68e-05,54.2386445
1984,10,29,46002,-0.0558452,6.77e-05,54.2398452
1984,10,30,46003,-0.0574907,6.75e-05,54.2414907
1984,10,31,46004,-0.0595577,6.72e-05,54.2435577
1984,11,1,46005,-0.0617476,6.73e-05,54.2457476
1984,11,2,46006,-0.0637919,6.74e-05,54.2477919
1984,11,3,46007,-0.0655561,6.76e-05,54.2495561
1984,11,4,46008,-0.0670608,6.77e-05,54.2510608
1984,11,5,46009,-0.0684553,6.78e-05,54.2524553
1984,11,6,46010,-0.0699303,6.77e-05,54.2539303
1984,11,7,46011,-0.0716047,6.74e-05,54.2556047
1984,11,8,46012,-0.073481,6.72e-05,54.257481
1984,11,9,46013,-0.0754557,6.7e-05,54.2594557
1984,11,10,46014,-0.077365,6.67e-05,54.261365
1984,11,11,46015,-0.0790527,6.6e-05,54.2630527
1984,11,12,46016,-0.0804398,6.5e-05,54.2644398
1984,11,13,46017,-0.0815521,6.4e-05,54.2655521
1984,11,14,46018,-0.0825121,6.31e-05,54.2665121
1984,11,15,46019,-0.0835056,6.22e-05,54.2675056
1984,11,16,46020,-0.0847276,6.13e-05,54.2687276
1984,11,17,46021,-0.0863213,6.02e-05,54.2703213
1984,11,18,46022,-0.0883341,5.91e-05,54.2723341
1984,11,19,46023,-0.0907003,5.8e-05,54.2747003
1984,11,20,46024,-0.0932565,5.71e-05,54.2772565
1984,11,21,46025,-0.0957901,5.67e-05,54.2797901
1984,11,22,46026,-0.0981086,5.67e-05,54.2821086
1984,11,23,46027,-0.1000967,5.66e-05,54.2840967
1984,11,24,46028,-0.1017426,5.65e-05,54.2857426
1984,11,25,46029,-0.1031255,5.65e-05,54.2871255
1984,11,26,46030,-0.1043742,5.59e-05,54.2883742
1984,11,27,46031,-0.1056176,5.49e-05,54.2896176
1984,11,28,46032,-0.1069499,5.41e-05,54.2909499
1984,11,29,46033,-0.1084192,5.32e-05,54.2924192
1984,11,30,46034,-0.1100317,5.24e-05,54.2940317
1984,12,1,46035,-0.1117647,5.25e-05,54.2957647
1984,12,2,46036,-0.1135799,5.3e-05,54.2975799
1984,12,3,46037,-0.1154319,5.35e-05,54.2994319
1984,12,4,46038,-0.1172735,5.41e-05,54.3012735
1984,12,5,46039,-0.1190594,5.46e-05,54.3030594
1984,12,6,46040,-0.1207487,5.54e-05,54.3047487
1984,12,7,46041,-0.1223094,5.64e-05,54.3063094
1984,12,8,46042,-0.1237253,5.75e-05,54.3077253
1984,12,9,46043,-0.1250049,5.86e-05,54.3090049
1984,12,10,46044,-0.1261871,5.97e-05,54.3101871
1984,12,11,46045,-0.12734,6.05e-05,54.31134
1984,12,12,46046,-0.1285485,6.1e-05,54.3125485
1984,12,13,46047,-0.1298955,6.16e-05,54.3138955
1984,12,14,46048,-0.1314385,6.22e-05,54.3154385
1984,12,15,46049,-0.1331916,6.27e-05,54.3171916
1984,12,16,46050,-0.135116,6.26e-05,54.319116
1984,12,17,46051,-0.1371234,6.22e-05,54.3211234
1984,12,18,46052,-0.1390943,6.19e-05,54.3230943
1984,12,19,46053,-0.1409083,6.15e-05,54.3249083
1984,12,20,46054,-0.1424781,6.12e-05,54.3264781
1984,12,21,46055,-0.1437756,6.07e-05,54.3277756
1984,12,22,46056,-0.1448388,6.01e-05,54.3288388
1984,12,23,46057,-0.1457574,5.95e-05,54.3297574
1984,12,24,46058,-0.1466447,5.97e-05,54.3306447
1984,12,25,46059,-0.147607,6.08e-05,54.331607
1984,12,26,46060,-0.148722,6.2e-05,54.332722
1984,12,27,46061,-0.1500295,6.33e-05,54.3340295
1984,12,28,46062,-0.1515312,6.47e-05,54.3355312
1984,12,29,46063,-0.1531968,6.6e-05,54.3371968
1984,12,30,46064,-0.1549751,6.74e-05,54.3389751
1984,12,31,46065,-0.156808,6.86e-05,54.340808
1985,1,1,46066,-0.1585983,3.77e-05,54.3425983
1985,1,2,46067,-0.1604066,3.81e-05,54.3444066
1985,1,3,46068,-0.162133,3.84e-05,54.346133
1985,1,4,46069,-0.1637405,3.87e-05,54.3477405
1985,1,5,46070,-0.1652107,3.87e-05,54.3492107
1985,1,6,46071,-0.1665625,3.86e-05,54.3505625
1985,1,7,46072,-0.1678569,3.85e-05,54.3518569
1985,1,8,46073,-0.1691877,3.84e-05,54.3531877
1985,1,9,46074,-0.1706572,3.83e-05,54.3546572
1985,1,10,46075,-0.1723469,3.82e-05,54.3563469
1985,1,11,46076,-0.1742897,3.83e-05,54.3582897
1985,1,12,46077,-0.1764572,3.84e-05,54.3604572
1985,1,13,46078,-0.1787633,3.85e-05,54.3627633
1985,1,14,46079,-0.181082,3.86e-05,54.365082
1985,1,15,46080,-0.1832752,3.83e-05,54.3672752
1985,1,16,46081,-0.1852262,3.76e-05,54.3692262
1985,1,17,46082,-0.1868702,3.73e-05,54.3708702
1985,1,18,46083,-0.1882141,3.69e-05,54.3722141
1985,1,19,46084,-0.1893343,3.66e-05,54.3733343
1985,1,20,46085,-0.1903535,3.6e-05,54.3743535
1985,1,21,46086,-0.1914033,3.54e-05,54.3754033
1985,1,22,46087,-0.1925839,3.49e-05,54.3765839
1985,1,23,46088,-0.1939399,3.43e-05,54.3779399
1985,1,24,46089,-0.1954577,3.39e-05,54.3794577
1985,1,25,46090,-0.1970825,3.35e-05,54.3810825
1985,1,26,46091,-0.1987339,3.36e-05,54.3827339
1985,1,27,46092,-0.2003538,3.37e-05,54.3843538
1985,1,28,46093,-0.2019152,3.39e-05,54.3859152
1985,1,29,46094,-0.2034016,3.41e-05,54.3874016
1985,1,30,46095,-0.204791,3.38e-05,54.388791
1985,1,31,46096,-0.2060463,3.33e-05,54.3900463
1985,2,1,46097,-0.2071314,3.29e-05,54.3911314
1985,2,2,46098,-0.2080417,3.24e-05,54.3920417
1985,2,3,46099,-0.2088285,3.2e-05,54.3928285
1985,2,4,46100,-0.2096021,3.11e-05,54.3936021
1985,2,5,46101,-0.2105053,3.01e-05,54.3945053
1985,2,6,46102,-0.2116624,2.92e-05,54.3956624
1985,2,7,46103,-0.2131292,2.84e-05,54.3971292
1985,2,8,46104,-0.2148688,2.76e-05,54.3988688
1985,2,9,46105,-0.2167681,2.76e-05,54.4007681
1985,2,10,46106,-0.2186868,2.8e-05,54.4026868
1985,2,11,46107,-0.2205084,2.83e-05,54.4045084
1985,2,12,46108,-0.2221718,2.87e-05,54.4061718
1985,2,13,46109,-0.2236732,2.9e-05,54.4076732
1985,2,14,46110,-0.2250419,2.91e-05,54.4090419
1985,2,15,46111,-0.226307,2.9e-05,54.410307
1985,2,16,46112,-0.2274864,2.89e-05,54.4114864
1985,2,17,46113,-0.2285987,2.88e-05,54.4125987
1985,2,18,46114,-0.2296844,2.87e-05,54.4136844
1985,2,19,46115,-0.2308259,2.84e-05,54.4148259
1985,2,20,46116,-0.2321556,2.81e-05,54.4161556
1985,2,21,46117,-0.2338113,2.77e-05,54.4178113
1985,2,22,46118,-0.2358669,2.74e-05,54.4198669
1985,2,23,46119,-0.2382733,2.71e-05,54.4222733
1985,2,24,46120,-0.240835,2.67e-05,54.424835
1985,2,25,46121,-0.2432288,2.62e-05,54.4272288
1985,2,26,46122,-0.2451307,2.58e-05,54.4291307
1985,2,27,46123,-0.246367,2.54e-05,54.430367
1985,2,28,46124,-0.2470021,2.5e-05,54.4310021
1985,3,1,46125,-0.2473375,2.47e-05,54.4313375
1985,3,2,46126,-0.2479081,2.45e-05,54.4319081
1985,3,3,46127,-0.2491476,2.39e-05,54.4331476
1985,3,4,46128,-0.2509518,2.33e-05,54.4349518
1985,3,5,46129,-0.2529485,2.27e-05,54.4369485
1985,3,6,46130,-0.2548401,2.21e-05,54.4388401
1985,3,7,46131,-0.256815,2.19e-05,54.440815
1985,3,8,46132,-0.2591416,2.23e-05,54.4431416
1985,3,9,46133,-0.2617844,2.28e-05,54.4457844
1985,3,10,46134,-0.2645506,2.33e-05,54.4485506
1985,3,11,46135,-0.2671734,2.39e-05,54.4511734
1985,3,12,46136,-0.2694403,2.42e-05,54.4534403
1985,3,13,46137,-0.2713211,2.43e-05,54.4553211
1985,3,14,46138,-0.2729473,2.45e-05,54.4569473
1985,3,15,46139,-0.2745129,2.47e-05,54.4585129
1985,3,16,46140,-0.2761776,2.49e-05,54.4601776
1985,3,17,46141,-0.2779932,2.5e-05,54.4619932
1985,3,18,46142,-0.2799214,2.51e-05,54.4639214
1985,3,19,46143,-0.2818953,2.53e-05,54.4658953
1985,3,20,46144,-0.2838732,2.55e-05,54.4678732
1985,3,21,46145,-0.2858628,2.57e-05,54.4698628
1985,3,22,46146,-0.2879111,2.59e-05,54.4719111
1985,3,23,46147,-0.2900572,2.62e-05,54.4740572
1985,3,24,46148,-0.2922886,2.65e-05,54.4762886
1985,3,25,46149,-0.2945298,2.69e-05,54.4785298
1985,3,26,46150,-0.296665,2.7e-05,54.480665
1985,3,27,46151,-0.2985818,2.71e-05,54.4825818
1985,3,28,46152,-0.3002192,2.71e-05,54.4842192
1985,3,29,46153,-0.3015988,2.72e-05,54.4855988
1985,3,30,46154,-0.3028262,2.72e-05,54.4868262
1985,3,31,46155,-0.3040675,2.73e-05,54.4880675
1985,4,1,46156,-0.3055037,2.74e-05,54.4895037
1985,4,2,46157,-0.3072772,2.75e-05,54.4912772
1985,4,3,46158,-0.3094422,2.76e-05,54.4934422
1985,4,4,46159,-0.3119386,2.76e-05,54.4959386
1985,4,5,46160,-0.3146036,2.75e-05,54.4986036
1985,4,6,46161,-0.317223,2.74e-05,54.501223
1985,4,7,46162,-0.3196018,2.72e-05,54.5036018
1985,4,8,46163,-0.3216283,2.71e-05,54.5056283
1985,4,9,46164,-0.3233029,2.69e-05,54.5073029
1985,4,10,46165,-0.3247233,2.67e-05,54.5087233
1985,4,11,46166,-0.3260358,2.64e-05,54.5100358
1985,4,12,46167,-0.327383,2.61e-05,54.511383
1985,4,13,46168,-0.3288653,2.59e-05,54.5128653
1985,4,14,46169,-0.3305294,2.57e-05,54.5145294
1985,4,15,46170,-0.3323757,2.55e-05,54.5163757
1985,4,16,46171,-0.3343764,2.53e-05,54.5183764
1985,4,17,46172,-0.3364902,2.51e-05,54.5204902
1985,4,18,46173,-0.3386698,2.49e-05,54.5226698
1985,4,19,46174,-0.3408647,2.47e-05,54.5248647
1985,4,20,46175,-0.343021,2.49e-05,54.527021
1985,4,21,46176,-0.3450841,2.51e-05,54.5290841
1985,4,22,46177,-0.3470047,2.53e-05,54.5310047
1985,4,23,46178,-0.3487487,2.56e-05,54.5327487
1985,4,24,46179,-0.3503086,2.58e-05,54.5343086
1985,4,25,46180,-0.3517108,2.61e-05,54.5357108
1985,4,26,46181,-0.3530139,2.64e-05,54.5370139
1985,4,27,46182,-0.3543241,2.65e-05,54.5383241
1985,4,28,46183,-0.3557748,2.67e-05,54.5397748
1985,4,29,46184,-0.3574836,2.68e-05,54.5414836
1985,4,30,46185,-0.3595124,2.69e-05,54.5435124
1985,5,1,46186,-0.3618269,2.69e-05,54.5458269
1985,5,2,46187,-0.3643125,2.63e-05,54.5483125
1985,5,3,46188,-0.3668173,2.62e-05,54.5508173
1985,5,4,46189,-0.36921,2.6e-05,54.55321
1985,5,5,46190,-0.3714901,2.57e-05,54.5554901
1985,5,6,46191,-0.3735758,2.53e-05,54.5575758
1985,5,7,46192,-0.3753531,2.51e-05,54.5593531
1985,5,8,46193,-0.3768093,2.46e-05,54.5608093
1985,5,9,46194,-0.3781552,2.41e-05,54.5621552
1985,5,10,46195,-0.3795397,2.36e-05,54.5635397
1985,5,11,46196,-0.3809355,2.34e-05,54.5649355
1985,5,12,46197,-0.3823757,2.35e-05,54.5663757
1985,5,13,46198,-0.384033,2.37e-05,54.568033
1985,5,14,46199,-0.3858876,2.36e-05,54.5698876
1985,5,15,46200,-0.3870855,2.34e-05,54.5710855
1985,5,16,46201,-0.3891764,2.29e-05,54.5731764
1985,5,17,46202,-0.3916477,2.26e-05,54.5756477
1985,5,18,46203,-0.3934148,2.24e-05,54.5774148
1985,5,19,46204,-0.3945485,2.21e-05,54.5785485
1985,5,20,46205,-0.3953772,2.18e-05,54.5793772
1985,5,21,46206,-0.3961961,2.15e-05,54.5801961
1985,5,22,46207,-0.3971749,2.12e-05,54.5811749
1985,5,23,46208,-0.3983566,2.09e-05,54.5823566
1985,5,24,46209,-0.3996685,2.06e-05,54.5836685
1985,5,25,46210,-0.4010042,2.02e-05,54.5850042
1985,5,26,46211,-0.4023326,1.97e-05,54.5863326
1985,5,27,46212,-0.403718,1.93e-05,54.587718
1985,5,28,46213,-0.4052749,1.88e-05,54.5892749
1985,5,29,46214,-0.4070982,1.84e-05,54.5910982
1985,5,30,46215,-0.4091944,1.78e-05,54.5931944
1985,5,31,46216,-0.4114455,1.72e-05,54.5954455
1985,6,1,46217,-0.4136513,1.66e-05,54.5976513
1985,6,2,46218,-0.4156155,1.61e-05,54.5996155
1985,6,3,46219,-0.4172262,1.56e-05,54.6012262
1985,6,4,46220,-0.4184984,1.5e-05,54.6024984
1985,6,5,46221,-0.4195618,1.43e-05,54.6035618
1985,6,6,46222,-0.4205946,1.38e-05,54.6045946
1985,6,7,46223,-0.4217443,1.33e-05,54.6057443
1985,6,8,46224,-0.4230776,1.28e-05,54.6070776
1985,6,9,46225,-0.4245733,1.24e-05,54.6085733
1985,6,10,46226,-0.4261517,1.19e-05,54.6101517
1985,6,11,46227,-0.4277202,1.15e-05,54.6117202
1985,6,12,46228,-0.4292115,1.11e-05,54.6132115
1985,6,13,46229,-0.4305959,1.08e-05,54.6145959
1985,6,14,46230,-0.431871,1.04e-05,54.615871
1985,6,15,46231,-0.4330398,1e-05,54.6170398
1985,6,16,46232,-0.4340979,9.7e-06,54.6180979
1985,6,17,46233,-0.4350361,9.4e-06,54.6190361
1985,6,18,46234,-0.4358533,9.1e-06,54.6198533
1985,6,19,46235,-0.4365762,8.8e-06,54.6205762
1985,6,20,46236,-0.4372967,8.4e-06,54.6212967
1985,6,21,46237,-0.4380454,8.4e-06,54.6220454
1985,6,22,46238,-0.4388673,8.7e-06,54.6228673
1985,6,23,46239,-0.4398698,9e-06,54.6238698
1985,6,24,46240,-0.4411425,9.3e-06,54.6251425
1985,6,25,46241,-0.4427038,9.6e-06,54.6267038
1985,6,26,46242,-0.4444856,1e-05,54.6284856
1985,6,27,46243,-0.4463466,1.04e-05,54.6303466
1985,6,28,46244,-0.448108,1.08e-05,54.632108
1985,6,29,46245,-0.4496067,1.12e-05,54.6336067
1985,6,30,46246,-0.4507502,1.15e-05,54.6347502
1985,7,1,46247,0.5484588,1.19e-05,54.6355412
1985,7,2,46248,0.5479327,1.23e-05,54.6360673
1985,7,3,46249,0.5475381,1.28e-05,54.6364619
1985,7,4,46250,0.5471462,1.32e-05,54.6368538
1985,7,5,46251,0.5466743,1.36e-05,54.6373257
1985,7,6,46252,0.5460971,1.4e-05,54.6379029
1985,7,7,46253,0.5454336,1.44e-05,54.6385664
1985,7,8,46254,0.5447233,1.48e-05,54.6392767
1985,7,9,46255,0.5440038,1.51e-05,54.6399962
1985,7,10,46256,0.5433051,1.53e-05,54.6406949
1985,7,11,46257,0.542651,1.56e-05,54.641349
1985,7,12,46258,0.5420631,1.59e-05,54.6419369
1985,7,13,46259,0.5415641,1.62e-05,54.6424359
1985,7,14,46260,0.5411758,1.67e-05,54.6428242
1985,7,15,46261,0.5409127,1.71e-05,54.6430873
1985,7,16,46262,0.540765,1.76e-05,54.643235
1985,7,17,46263,0.5406822,1.82e-05,54.6433178
1985,7,18,46264,0.5405721,1.87e-05,54.6434279
1985,7,19,46265,0.5403155,1.92e-05,54.6436845
1985,7,20,46266,0.5397796,1.95e-05,54.6442204
1985,7,21,46267,0.5389193,1.97e-05,54.6450807
1985,7,22,46268,0.5378119,1.99e-05,54.6461881
1985,7,23,46269,0.5365597,2.03e-05,54.6474403
1985,7,24,46270,0.5352517,2.06e-05,54.6487483
1985,7,25,46271,0.5340229,2.09e-05,54.6499771
1985,7,26,46272,0.5330073,2.11e-05,54.6509927
1985,7,27,46273,0.5322839,2.13e-05,54.6517161
1985,7,28,46274,0.5318389,2.13e-05,54.6521611
1985,7,29,46275,0.5315674,2.13e-05,54.6524326
1985,7,30,46276,0.5313484,2.11e-05,54.6526516
1985,7,31,46277,0.5310838,2.09e-05,54.6529162
1985,8,1,46278,0.5307105,2.08e-05,54.6532895
1985,8,2,46279,0.5302028,2.06e-05,54.6537972
1985,8,3,46280,0.5295572,2.04e-05,54.6544428
1985,8,4,46281,0.5287675,2.02e-05,54.6552325
1985,8,5,46282,0.5278328,2e-05,54.6561672
1985,8,6,46283,0.526783,1.97e-05,54.657217
1985,8,7,46284,0.5256951,1.95e-05,54.6583049
1985,8,8,46285,0.5246893,1.92e-05,54.6593107
1985,8,9,46286,0.5239199,1.88e-05,54.6600801
1985,8,10,46287,0.523482,1.87e-05,54.660518
1985,8,11,46288,0.5233443,1.84e-05,54.6606557
1985,8,12,46289,0.5233113,1.86e-05,54.6606887
1985,8,13,46290,0.5228742,1.9e-05,54.6611258
1985,8,14,46291,0.5222112,1.95e-05,54.6617888
1985,8,15,46292,0.5217612,1.97e-05,54.6622388
1985,8,16,46293,0.5214952,2e-05,54.6625048
1985,8,17,46294,0.5211736,2.02e-05,54.6628264
1985,8,18,46295,0.5204987,2.05e-05,54.6635013
1985,8,19,46296,0.5193375,2.07e-05,54.6646625
1985,8,20,46297,0.5177734,2.09e-05,54.6662266
1985,8,21,46298,0.5160468,2.12e-05,54.6679532
1985,8,22,46299,0.5144533,2.14e-05,54.6695467
1985,8,23,46300,0.5132203,2.16e-05,54.6707797
1985,8,24,46301,0.5123979,2.17e-05,54.6716021
1985,8,25,46302,0.5118821,2.18e-05,54.6721179
1985,8,26,46303,0.5114975,2.22e-05,54.6725025
1985,8,27,46304,0.5111058,2.28e-05,54.6728942
1985,8,28,46305,0.5106193,2.34e-05,54.6733807
1985,8,29,46306,0.5099533,2.41e-05,54.6740467
1985,8,30,46307,0.5090452,2.49e-05,54.6749548
1985,8,31,46308,0.5078797,2.57e-05,54.6761203
1985,9,1,46309,0.5064965,2.66e-05,54.6775035
1985,9,2,46310,0.5049905,2.73e-05,54.6790095
1985,9,3,46311,0.5035167,2.77e-05,54.6804833
1985,9,4,46312,0.5022017,2.79e-05,54.6817983
1985,9,5,46313,0.5010981,2.81e-05,54.6829019
1985,9,6,46314,0.5001999,2.83e-05,54.6838001
1985,9,7,46315,0.4994592,2.83e-05,54.6845408
1985,9,8,46316,0.4988178,2.83e-05,54.6851822
1985,9,9,46317,0.4982179,2.82e-05,54.6857821
1985,9,10,46318,0.4975991,2.82e-05,54.6864009
1985,9,11,46319,0.4968906,2.81e-05,54.6871094
1985,9,12,46320,0.4960072,2.8e-05,54.6879928
1985,9,13,46321,0.4948577,2.78e-05,54.6891423
1985,9,14,46322,0.493386,2.76e-05,54.690614
1985,9,15,46323,0.4916072,2.74e-05,54.6923928
1985,9,16,46324,0.4896176,2.71e-05,54.6943824
1985,9,17,46325,0.4875744,2.69e-05,54.6964256
1985,9,18,46326,0.4856488,2.67e-05,54.6983512
1985,9,19,46327,0.4839709,2.64e-05,54.7000291
1985,9,20,46328,0.4825906,2.62e-05,54.7014094
1985,9,21,46329,0.4814704,2.6e-05,54.7025296
1985,9,22,46330,0.4805062,2.58e-05,54.7034938
1985,9,23,46331,0.4795628,2.57e-05,54.7044372
1985,9,24,46332,0.4785123,2.55e-05,54.7054877
1985,9,25,46333,0.477265,2.54e-05,54.706735
1985,9,26,46334,0.4757839,2.53e-05,54.7082161
1985,9,27,46335,0.4740875,2.49e-05,54.7099125
1985,9,28,46336,0.4722402,2.45e-05,54.7117598
1985,9,29,46337,0.4703312,2.41e-05,54.7136688
1985,9,30,46338,0.4684484,2.38e-05,54.7155516
1985,10,1,46339,0.4666597,2.38e-05,54.7173403
1985,10,2,46340,0.4649918,2.39e-05,54.7190082
1985,10,3,46341,0.4634516,2.39e-05,54.7205484
1985,10,4,46342,0.4620393,2.3e-05,54.7219607
1985,10,5,46343,0.4607414,2.29e-05,54.7232586
1985,10,6,46344,0.4595286,2.28e-05,54.7244714
1985,10,7,46345,0.4583489,2.28e-05,54.7256511
1985,10,8,46346,0.4571187,2.28e-05,54.7268813
1985,10,9,46347,0.4557291,2.27e-05,54.7282709
1985,10,10,46348,0.4540693,2.27e-05,54.7299307
1985,10,11,46349,0.4520641,2.27e-05,54.7319359
1985,10,12,46350,0.4497148,2.26e-05,54.7342852
1985,10,13,46351,0.4471262,2.26e-05,54.7368738
1985,10,14,46352,0.4444845,2.25e-05,54.7395155
1985,10,15,46353,0.4419955,2.25e-05,54.7420045
1985,10,16,46354,0.4398093,2.24e-05,54.7441907
1985,10,17,46355,0.4379652,2.25e-05,54.7460348
1985,10,18,46356,0.4363755,2.26e-05,54.7476245
1985,10,19,46357,0.4348888,2.26e-05,54.7491112
1985,10,20,46358,0.4333704,2.27e-05,54.7506296
1985,10,21,46359,0.4317612,2.25e-05,54.7522388
1985,10,22,46360,0.4301701,2.21e-05,54.7538299
1985,10,23,46361,0.4285226,2.18e-05,54.7554774
1985,10,24,46362,0.4266121,2.14e-05,54.7573879
1985,10,25,46363,0.424316,2.09e-05,54.759684
1985,10,26,46364,0.4217871,2.03e-05,54.7622129
1985,10,27,46365,0.4193088,1.98e-05,54.7646912
1985,10,28,46366,0.41704,1.93e-05,54.76696
1985,10,29,46367,0.4150035,1.88e-05,54.7689965
1985,10,30,46368,0.4131452,1.83e-05,54.7708548
1985,10,31,46369,0.4114114,1.78e-05,54.7725886
1985,11,1,46370,0.4098129,1.71e-05,54.7741871
1985,11,2,46371,0.4083554,1.65e-05,54.7756446
1985,11,3,46372,0.4070293,1.59e-05,54.7769707
1985,11,4,46373,0.4057993,1.54e-05,54.7782007
1985,11,5,46374,0.4045876,1.48e-05,54.7794124
1985,11,6,46375,0.4032751,1.42e-05,54.7807249
1985,11,7,46376,0.401729,1.36e-05,54.782271
1985,11,8,46377,0.3998505,1.31e-05,54.7841495
1985,11,9,46378,0.397626,1.26e-05,54.786374
1985,11,10,46379,0.3951544,1.22e-05,54.7888456
1985,11,11,46380,0.3926272,1.17e-05,54.7913728
1985,11,12,46381,0.3902637,1.12e-05,54.7937363
1985,11,13,46382,0.3882259,1.07e-05,54.7957741
1985,11,14,46383,0.3865568,1.03e-05,54.7974432
1985,11,15,46384,0.3851709,1e-05,54.7988291
1985,11,16,46385,0.383899,9.6e-06,54.800101
1985,11,17,46386,0.3825636,9.2e-06,54.8014364
1985,11,18,46387,0.3810411,8.9e-06,54.8029589
1985,11,19,46388,0.3792893,8.6e-06,54.8047107
1985,11,20,46389,0.3773372,8.3e-06,54.8066628
1985,11,21,46390,0.3752537,8.1e-06,54.8087463
1985,11,22,46391,0.3731114,7.7e-06,54.8108886
1985,11,23,46392,0.3709892,7.7e-06,54.8130108
1985,11,24,46393,0.3689527,8e-06,54.8150473
1985,11,25,46394,0.3670427,8.3e-06,54.8169573
1985,11,26,46395,0.365286,8.6e-06,54.818714
1985,11,27,46396,0.3637002,8.9e-06,54.8202998
1985,11,28,46397,0.362289,9.3e-06,54.821711
1985,11,29,46398,0.361034,9.7e-06,54.822966
1985,11,30,46399,0.3598894,1.02e-05,54.8241106
1985,12,1,46400,0.3587797,1.06e-05,54.8252203
1985,12,2,46401,0.3576014,1.11e-05,54.8263986
1985,12,3,46402,0.3562426,1.16e-05,54.8277574
1985,12,4,46403,0.3546111,1.21e-05,54.8293889
1985,12,5,46404,0.3526642,1.28e-05,54.8313358
1985,12,6,46405,0.3504332,1.34e-05,54.8335668
1985,12,7,46406,0.3480358,1.4e-05,54.8359642
1985,12,8,46407,0.3456406,1.46e-05,54.8383594
1985,12,9,46408,0.3434081,1.54e-05,54.8405919
1985,12,10,46409,0.3414398,1.62e-05,54.8425602
1985,12,11,46410,0.3397403,1.7e-05,54.8442597
1985,12,12,46411,0.3381137,1.76e-05,54.8458863
1985,12,13,46412,0.3365962,1.83e-05,54.8474038
1985,12,14,46413,0.3353582,1.88e-05,54.8486418
1985,12,15,46414,0.3342903,1.92e-05,54.8497097
1985,12,16,46415,0.3331499,1.96e-05,54.8508501
1985,12,17,46416,0.3317755,1.99e-05,54.8522245
1985,12,18,46417,0.3301198,2.03e-05,54.8538802
1985,12,19,46418,0.3282306,2.07e-05,54.8557694
1985,12,20,46419,0.3262266,2.12e-05,54.8577734
1985,12,21,46420,0.3242507,2.14e-05,54.8597493
1985,12,22,46421,0.3224192,2.16e-05,54.8615808
1985,12,23,46422,0.3208005,2.18e-05,54.8631995
1985,12,24,46423,0.3194167,2.2e-05,54.8645833
1985,12,25,46424,0.3182574,2.23e-05,54.8657426
1985,12,26,46425,0.3172982,2.25e-05,54.8667018
1985,12,27,46426,0.3165125,2.28e-05,54.8674875
1985,12,28,46427,0.3158715,2.3e-05,54.8681285
1985,12,29,46428,0.3153312,2.33e-05,54.8686688
1985,12,30,46429,0.3148142,2.35e-05,54.8691858
1985,12,31,46430,0.3141948,2.38e-05,54.8698052
1986,1,1,46431,0.3134103,1.92e-05,54.8705897
1986,1,2,46432,0.3121379,1.92e-05,54.8718621
1986,1,3,46433,0.3103399,1.93e-05,54.8736601
1986,1,4,46434,0.3081293,1.93e-05,54.8758707
1986,1,5,46435,0.3058183,1.96e-05,54.8781817
1986,1,6,46436,0.3038829,2e-05,54.8801171
1986,1,7,46437,0.3026616,2.01e-05,54.8813384
1986,1,8,46438,0.301998,2.01e-05,54.882002
1986,1,9,46439,0.301445,2.01e-05,54.882555
1986,1,10,46440,0.3005855,2e-05,54.8834145
1986,1,11,46441,0.2994822,1.98e-05,54.8845178
1986,1,12,46442,0.2982796,1.97e-05,54.8857204
1986,1,13,46443,0.2969371,1.96e-05,54.8870629
1986,1,14,46444,0.2953974,1.95e-05,54.8886026
1986,1,15,46445,0.2936231,1.94e-05,54.8903769
1986,1,16,46446,0.2916736,1.91e-05,54.8923264
1986,1,17,46447,0.2897841,1.91e-05,54.8942159
1986,1,18,46448,0.2881165,1.91e-05,54.8958835
1986,1,19,46449,0.286698,1.91e-05,54.897302
1986,1,20,46450,0.2854791,1.9e-05,54.8985209
1986,1,21,46451,0.284375,1.9e-05,54.899625
1986,1,22,46452,0.2833246,1.91e-05,54.9006754
1986,1,23,46453,0.2822988,1.92e-05,54.9017012
1986,1,24,46454,0.2812809,1.93e-05,54.9027191
1986,1,25,46455,0.2802408,1.92e-05,54.9037592
1986,1,26,46456,0.2791095,1.9e-05,54.9048905
1986,1,27,46457,0.2777957,1.89e-05,54.9062043
1986,1,28,46458,0.2762242,1.87e-05,54.9077758
1986,1,29,46459,0.2743694,1.86e-05,54.9096306
1986,1,30,46460,0.2722758,1.83e-05,54.9117242
1986,1,31,46461,0.2700715,1.84e-05,54.9139285
1986,2,1,46462,0.2678862,1.86e-05,54.9161138
1986,2,2,46463,0.2658232,1.87e-05,54.9181768
1986,2,3,46464,0.2639573,1.89e-05,54.9200427
1986,2,4,46465,0.2623238,1.9e-05,54.9216762
1986,2,5,46466,0.260936,1.92e-05,54.923064
1986,2,6,46467,0.2597199,1.96e-05,54.9242801
1986,2,7,46468,0.2585326,2.01e-05,54.9254674
1986,2,8,46469,0.2572294,2.05e-05,54.9267706
1986,2,9,46470,0.2557157,2.08e-05,54.9282843
1986,2,10,46471,0.2539865,2.11e-05,54.9300135
1986,2,11,46472,0.2521082,2.14e-05,54.9318918
1986,2,12,46473,0.2501757,2.18e-05,54.9338243
1986,2,13,46474,0.2482725,2.22e-05,54.9357275
1986,2,14,46475,0.2464281,2.25e-05,54.9375719
1986,2,15,46476,0.2446835,2.28e-05,54.9393165
1986,2,16,46477,0.2431035,2.32e-05,54.9408965
1986,2,17,46478,0.2417472,2.36e-05,54.9422528
1986,2,18,46479,0.2406425,2.4e-05,54.9433575
1986,2,19,46480,0.2397622,2.44e-05,54.9442378
1986,2,20,46481,0.2390125,2.46e-05,54.9449875
1986,2,21,46482,0.2382597,2.49e-05,54.9457403
1986,2,22,46483,0.2373724,2.52e-05,54.9466276
1986,2,23,46484,0.2362544,2.55e-05,54.9477456
1986,2,24,46485,0.2348684,2.6e-05,54.9491316
1986,2,25,46486,0.2332605,2.61e-05,54.9507395
1986,2,26,46487,0.2315015,2.61e-05,54.9524985
1986,2,27,46488,0.229665,2.61e-05,54.954335
1986,2,28,46489,0.227832,2.61e-05,54.956168
1986,3,1,46490,0.2260795,2.61e-05,54.9579205
1986,3,2,46491,0.2244736,2.62e-05,54.9595264
1986,3,3,46492,0.223053,2.62e-05,54.960947
1986,3,4,46493,0.2218153,2.62e-05,54.9621847
1986,3,5,46494,0.2207159,2.62e-05,54.9632841
1986,3,6,46495,0.2196745,2.62e-05,54.9643255
1986,3,7,46496,0.2185906,2.61e-05,54.9654094
1986,3,8,46497,0.2173726,2.6e-05,54.9666274
1986,3,9,46498,0.2159681,2.59e-05,54.9680319
1986,3,10,46499,0.2143805,2.58e-05,54.9696195
1986,3,11,46500,0.2126691,2.56e-05,54.9713309
1986,3,12,46501,0.2109368,2.54e-05,54.9730632
1986,3,13,46502,0.2092989,2.51e-05,54.9747011
1986,3,14,46503,0.2078495,2.55e-05,54.9761505
1986,3,15,46504,0.2066307,2.6e-05,54.9773693
1986,3,16,46505,0.2056358,2.63e-05,54.9783642
1986,3,17,46506,0.2048365,2.66e-05,54.9791635
1986,3,18,46507,0.204188,2.69e-05,54.979812
1986,3,19,46508,0.2036293,2.72e-05,54.9803707
1986,3,20,46509,0.2030835,2.75e-05,54.9809165
1986,3,21,46510,0.2024528,2.77e-05,54.9815472
1986,3,22,46511,0.201591,2.8e-05,54.982409
1986,3,23,46512,0.2004258,2.82e-05,54.9835742
1986,3,24,46513,0.1989708,2.84e-05,54.9850292
1986,3,25,46514,0.1972726,2.86e-05,54.9867274
1986,3,26,46515,0.1953842,2.88e-05,54.9886158
1986,3,27,46516,0.1933007,2.9e-05,54.9906993
1986,3,28,46517,0.191047,2.89e-05,54.992953
1986,3,29,46518,0.1888071,2.89e-05,54.9951929
1986,3,30,46519,0.1868184,2.88e-05,54.9971816
1986,3,31,46520,0.185271,2.88e-05,54.998729
1986,4,1,46521,0.184202,2.86e-05,54.999798
1986,4,2,46522,0.1831787,2.83e-05,55.0008213
1986,4,3,46523,0.1817545,2.87e-05,55.0022455
1986,4,4,46524,0.1806027,2.91e-05,55.0033973
1986,4,5,46525,0.1791843,2.95e-05,55.0048157
1986,4,6,46526,0.1772687,3e-05,55.0067313
1986,4,7,46527,0.1753049,3.06e-05,55.0086951
1986,4,8,46528,0.1735924,3.1e-05,55.0104076
1986,4,9,46529,0.1715004,3.11e-05,55.0124996
1986,4,10,46530,0.169119,3.13e-05,55.014881
1986,4,11,46531,0.1669342,3.16e-05,55.0170658
1986,4,12,46532,0.1652925,3.15e-05,55.0187075
1986,4,13,46533,0.1642203,3.15e-05,55.0197797
1986,4,14,46534,0.1634773,3.14e-05,55.0205227
1986,4,15,46535,0.162728,3.12e-05,55.021272
1986,4,16,46536,0.1617502,3.1e-05,55.0222498
1986,4,17,46537,0.1604856,3.07e-05,55.0235144
1986,4,18,46538,0.1589925,3.05e-05,55.0250075
1986,4,19,46539,0.1573664,3.02e-05,55.0266336
1986,4,20,46540,0.1556575,2.98e-05,55.0283425
1986,4,21,46541,0.1538263,2.94e-05,55.0301737
1986,4,22,46542,0.1517988,2.89e-05,55.0322012
1986,4,23,46543,0.1495591,2.85e-05,55.0344409
1986,4,24,46544,0.1472041,2.8e-05,55.0367959
1986,4,25,46545,0.1449288,2.73e-05,55.0390712
1986,4,26,46546,0.1429454,2.66e-05,55.0410546
1986,4,27,46547,0.1413707,2.59e-05,55.0426293
1986,4,28,46548,0.1401569,2.52e-05,55.0438431
1986,4,29,46549,0.1391124,2.46e-05,55.0448876
1986,4,30,46550,0.1379952,2.4e-05,55.0460048
1986,5,1,46551,0.1366275,2.3e-05,55.0473725
1986,5,2,46552,0.1349566,2.24e-05,55.0490434
1986,5,3,46553,0.1330423,2.19e-05,55.0509577
1986,5,4,46554,0.1309936,2.23e-05,55.0530064
1986,5,5,46555,0.1288847,2.28e-05,55.0551153
1986,5,6,46556,0.1267828,2.33e-05,55.0572172
1986,5,7,46557,0.1247588,2.39e-05,55.0592412
1986,5,8,46558,0.1228808,2.45e-05,55.0611192
1986,5,9,46559,0.1212085,2.52e-05,55.0627915
1986,5,10,46560,0.1197714,2.57e-05,55.0642286
1986,5,11,46561,0.1185433,2.61e-05,55.0654567
1986,5,12,46562,0.1174532,2.65e-05,55.0665468
1986,5,13,46563,0.1164184,2.7e-05,55.0675816
1986,5,14,46564,0.1153743,2.74e-05,55.0686257
1986,5,15,46565,0.1142927,2.76e-05,55.0697073
1986,5,16,46566,0.1132297,2.78e-05,55.0707703
1986,5,17,46567,0.1121359,2.8e-05,55.0718641
1986,5,18,46568,0.1108146,2.81e-05,55.0731854
1986,5,19,46569,0.1092362,2.83e-05,55.0747638
1986,5,20,46570,0.107549,2.82e-05,55.076451
1986,5,21,46571,0.1058158,2.79e-05,55.0781842
1986,5,22,46572,0.1040705,2.77e-05,55.0799295
1986,5,23,46573,0.1023776,2.73e-05,55.0816224
1986,5,24,46574,0.1008735,2.67e-05,55.0831265
1986,5,25,46575,0.0996738,2.59e-05,55.0843262
1986,5,26,46576,0.0987623,2.5e-05,55.0852377
1986,5,27,46577,0.0980162,2.42e-05,55.0859838
1986,5,28,46578,0.0972786,2.35e-05,55.0867214
1986,5,29,46579,0.0964215,2.28e-05,55.0875785
1986,5,30,46580,0.0953865,2.2e-05,55.0886135
1986,5,31,46581,0.0941947,2.12e-05,55.0898053
1986,6,1,46582,0.0929205,2.05e-05,55.0910795
1986,6,2,46583,0.091657,1.99e-05,55.092343
1986,6,3,46584,0.090491,1.93e-05,55.093509
1986,6,4,46585,0.0894898,1.86e-05,55.0945102
1986,6,5,46586,0.0886971,1.8e-05,55.0953029
1986,6,6,46587,0.0881348,1.74e-05,55.0958652
1986,6,7,46588,0.0878019,1.68e-05,55.0961981
1986,6,8,46589,0.0876686,1.64e-05,55.0963314
1986,6,9,46590,0.0876704,1.58e-05,55.0963296
1986,6,10,46591,0.0877057,1.52e-05,55.0962943
1986,6,11,46592,0.0876598,1.47e-05,55.0963402
1986,6,12,46593,0.0874371,1.43e-05,55.0965629
1986,6,13,46594,0.0869838,1.4e-05,55.0970162
1986,6,14,46595,0.0862991,1.35e-05,55.0977009
1986,6,15,46596,0.0854683,1.3e-05,55.0985317
1986,6,16,46597,0.0845017,1.24e-05,55.0994983
1986,6,17,46598,0.0833743,1.2e-05,55.1006257
1986,6,18,46599,0.0821184,1.15e-05,55.1018816
1986,6,19,46600,0.080894,1.1e-05,55.103106
1986,6,20,46601,0.0798663,1.09e-05,55.1041337
1986,6,21,46602,0.0791136,1.12e-05,55.1048864
1986,6,22,46603,0.0786014,1.15e-05,55.1053986
1986,6,23,46604,0.0782005,1.19e-05,55.1057995
1986,6,24,46605,0.077745,1.23e-05,55.106255
1986,6,25,46606,0.0771065,1.26e-05,55.1068935
1986,6,26,46607,0.0762385,1.3e-05,55.1077615
1986,6,27,46608,0.0751783,1.35e-05,55.1088217
1986,6,28,46609,0.0740155,1.4e-05,55.1099845
1986,6,29,46610,0.0728502,1.44e-05,55.1111498
1986,6,30,46611,0.0717611,1.48e-05,55.1122389
1986,7,1,46612,0.0707994,1.52e-05,55.1132006
1986,7,2,46613,0.0699975,1.57e-05,55.1140025
1986,7,3,46614,0.0693745,1.62e-05,55.1146255
1986,7,4,46615,0.0689339,1.66e-05,55.1150661
1986,7,5,46616,0.0686554,1.69e-05,55.1153446
1986,7,6,46617,0.0684876,1.72e-05,55.1155124
1986,7,7,46618,0.0683504,1.75e-05,55.1156496
1986,7,8,46619,0.0681472,1.77e-05,55.1158528
1986,7,9,46620,0.0677893,1.78e-05,55.1162107
1986,7,10,46621,0.0672218,1.78e-05,55.1167782
1986,7,11,46622,0.0664338,1.79e-05,55.1175662
1986,7,12,46623,0.0654582,1.79e-05,55.1185418
1986,7,13,46624,0.0643623,1.79e-05,55.1196377
1986,7,14,46625,0.0632329,1.79e-05,55.1207671
1986,7,15,46626,0.0621577,1.8e-05,55.1218423
1986,7,16,46627,0.0612118,1.8e-05,55.1227882
1986,7,17,46628,0.060445,1.8e-05,55.123555
1986,7,18,46629,0.0598668,1.8e-05,55.1241332
1986,7,19,46630,0.0594264,1.79e-05,55.1245736
1986,7,20,46631,0.0590703,1.78e-05,55.1249297
1986,7,21,46632,0.0587435,1.76e-05,55.1252565
1986,7,22,46633,0.0583769,1.75e-05,55.1256231
1986,7,23,46634,0.057896,1.74e-05,55.126104
1986,7,24,46635,0.0572301,1.72e-05,55.1267699
1986,7,25,46636,0.0562699,1.69e-05,55.1277301
1986,7,26,46637,0.0549824,1.65e-05,55.1290176
1986,7,27,46638,0.0536694,1.61e-05,55.1303306
1986,7,28,46639,0.0527531,1.6e-05,55.1312469
1986,7,29,46640,0.0521683,1.59e-05,55.1318317
1986,7,30,46641,0.0517897,1.57e-05,55.1322103
1986,7,31,46642,0.0515494,1.56e-05,55.1324506
1986,8,1,46643,0.0513961,1.54e-05,55.1326039
1986,8,2,46644,0.0513098,1.52e-05,55.1326902
1986,8,3,46645,0.0512789,1.52e-05,55.1327211
1986,8,4,46646,0.0512617,1.53e-05,55.1327383
1986,8,5,46647,0.0511589,1.56e-05,55.1328411
1986,8,6,46648,0.0508401,1.59e-05,55.1331599
1986,8,7,46649,0.0501973,1.62e-05,55.1338027
1986,8,8,46650,0.0491956,1.65e-05,55.1348044
1986,8,9,46651,0.0479153,1.67e-05,55.1360847
1986,8,10,46652,0.0465222,1.69e-05,55.1374778
1986,8,11,46653,0.0452009,1.71e-05,55.1387991
1986,8,12,46654,0.0440913,1.73e-05,55.1399087
1986,8,13,46655,0.0432437,1.75e-05,55.1407563
1986,8,14,46656,0.0425553,1.78e-05,55.1414447
1986,8,15,46657,0.0419206,1.79e-05,55.1420794
1986,8,16,46658,0.0414156,1.79e-05,55.1425844
1986,8,17,46659,0.0411257,1.8e-05,55.1428743
1986,8,18,46660,0.0410133,1.82e-05,55.1429867
1986,8,19,46661,0.0407832,1.86e-05,55.1432168
1986,8,20,46662,0.0400772,1.88e-05,55.1439228
1986,8,21,46663,0.0387692,1.89e-05,55.1452308
1986,8,22,46664,0.0370644,1.87e-05,55.1469356
1986,8,23,46665,0.0354617,1.87e-05,55.1485383
1986,8,24,46666,0.0342366,1.88e-05,55.1497634
1986,8,25,46667,0.033396,1.89e-05,55.150604
1986,8,26,46668,0.0328082,1.9e-05,55.1511918
1986,8,27,46669,0.0323268,1.92e-05,55.1516732
1986,8,28,46670,0.0320398,1.95e-05,55.1519602
1986,8,29,46671,0.0318626,1.99e-05,55.1521374
1986,8,30,46672,0.0316174,2.01e-05,55.1523826
1986,8,31,46673,0.0312533,2.04e-05,55.1527467
1986,9,1,46674,0.0307654,2.07e-05,55.1532346
1986,9,2,46675,0.0301612,2.08e-05,55.1538388
1986,9,3,46676,0.0294253,2.1e-05,55.1545747
1986,9,4,46677,0.0285233,2.12e-05,55.1554767
1986,9,5,46678,0.0274272,2.14e-05,55.1565728
1986,9,6,46679,0.0261396,2.16e-05,55.1578604
1986,9,7,46680,0.0247094,2.16e-05,55.1592906
1986,9,8,46681,0.0232339,2.16e-05,55.1607661
1986,9,9,46682,0.0218326,2.16e-05,55.1621674
1986,9,10,46683,0.0206091,2.16e-05,55.1633909
1986,9,11,46684,0.0196154,2.15e-05,55.1643846
1986,9,12,46685,0.0188275,2.14e-05,55.1651725
1986,9,13,46686,0.0181404,2.12e-05,55.1658596
1986,9,14,46687,0.0174011,2.11e-05,55.1665989
1986,9,15,46688,0.0164617,2.09e-05,55.1675383
1986,9,16,46689,0.0152285,2.08e-05,55.1687715
1986,9,17,46690,0.0136946,2.06e-05,55.1703054
1986,9,18,46691,0.0119683,2.05e-05,55.1720317
1986,9,19,46692,0.0101257,2.07e-05,55.1738743
1986,9,20,46693,0.0082561,2.1e-05,55.1757439
1986,9,21,46694,0.0064828,2.14e-05,55.1775172
1986,9,22,46695,0.0048997,2.16e-05,55.1791003
1986,9,23,46696,0.0035448,2.19e-05,55.1804552
1986,9,24,46697,0.0024012,2.2e-05,55.1815988
1986,9,25,46698,0.0014121,2.23e-05,55.1825879
1986,9,26,46699,0.0004959,2.25e-05,55.1835041
1986,9,27,46700,-0.0004371,2.26e-05,55.1844371
1986,9,28,46701,-0.0014709,2.28e-05,55.1854709
1986,9,29,46702,-0.0026769,2.3e-05,55.1866769
1986,9,30,46703,-0.0041105,2.32e-05,55.1881105
1986,10,1,46704,-0.0058047,2.34e-05,55.1898047
1986,10,2,46705,-0.0077578,2.34e-05,55.1917578
1986,10,3,46706,-0.0099167,2.34e-05,55.1939167
1986,10,4,46707,-0.0121718,2.34e-05,55.1961718
1986,10,5,46708,-0.0143757,2.34e-05,55.1983757
1986,10,6,46709,-0.0163844,2.34e-05,55.2003844
1986,10,7,46710,-0.0181098,2.33e-05,55.2021098
1986,10,8,46711,-0.0195596,2.31e-05,55.2035596
1986,10,9,46712,-0.0208299,2.3e-05,55.2048299
1986,10,10,46713,-0.0220613,2.28e-05,55.2060613
1986,10,11,46714,-0.0233843,2.27e-05,55.2073843
1986,10,12,46715,-0.0248714,2.25e-05,55.2088714
1986,10,13,46716,-0.0265085,2.23e-05,55.2105085
1986,10,14,46717,-0.028241,2.22e-05,55.212241
1986,10,15,46718,-0.0300254,2.2e-05,55.2140254
1986,10,16,46719,-0.0318455,2.19e-05,55.2158455
1986,10,17,46720,-0.0337273,2.17e-05,55.2177273
1986,10,18,46721,-0.0360391,2.16e-05,55.2200391
1986,10,19,46722,-0.0383223,2.17e-05,55.2223223
1986,10,20,46723,-0.0394032,2.16e-05,55.2234032
1986,10,21,46724,-0.0405938,2.14e-05,55.2245938
1986,10,22,46725,-0.0417534,2.1e-05,55.2257534
1986,10,23,46726,-0.0428118,2.07e-05,55.2268118
1986,10,24,46727,-0.044152,2.02e-05,55.228152
1986,10,25,46728,-0.0454402,1.97e-05,55.2294402
1986,10,26,46729,-0.046721,1.92e-05,55.230721
1986,10,27,46730,-0.0482757,1.87e-05,55.2322757
1986,10,28,46731,-0.0495627,1.81e-05,55.2335627
1986,10,29,46732,-0.0506991,1.74e-05,55.2346991
1986,10,30,46733,-0.0524676,1.69e-05,55.2364676
1986,10,31,46734,-0.0551862,1.63e-05,55.2391862
1986,11,1,46735,-0.0575528,1.57e-05,55.2415528
1986,11,2,46736,-0.0594428,1.53e-05,55.2434428
1986,11,3,46737,-0.0611888,1.5e-05,55.2451888
1986,11,4,46738,-0.0627098,1.47e-05,55.2467098
1986,11,5,46739,-0.0638929,1.43e-05,55.2478929
1986,11,6,46740,-0.0648446,1.39e-05,55.2488446
1986,11,7,46741,-0.065809,1.38e-05,55.249809
1986,11,8,46742,-0.0669128,1.4e-05,55.2509128
1986,11,9,46743,-0.0681279,1.42e-05,55.2521279
1986,11,10,46744,-0.0694882,1.45e-05,55.2534882
1986,11,11,46745,-0.0710464,1.47e-05,55.2550464
1986,11,12,46746,-0.0727924,1.48e-05,55.2567924
1986,11,13,46747,-0.0746568,1.5e-05,55.2586568
1986,11,14,46748,-0.0765311,1.52e-05,55.2605311
1986,11,15,46749,-0.0782905,1.55e-05,55.2622905
1986,11,16,46750,-0.0798324,1.57e-05,55.2638324
1986,11,17,46751,-0.0811128,1.58e-05,55.2651128
1986,11,18,46752,-0.0821556,1.6e-05,55.2661556
1986,11,19,46753,-0.083036,1.62e-05,55.267036
1986,11,20,46754,-0.0838517,1.64e-05,55.2678517
1986,11,21,46755,-0.0846937,1.65e-05,55.2686937
1986,11,22,46756,-0.0856263,1.66e-05,55.2696263
1986,11,23,46757,-0.08669,1.67e-05,55.27069
1986,11,24,46758,-0.0879142,1.68e-05,55.2719142
1986,11,25,46759,-0.089327,1.69e-05,55.273327
1986,11,26,46760,-0.0909486,1.71e-05,55.2749486
1986,11,27,46761,-0.0927649,1.75e-05,55.2767649
1986,11,28,46762,-0.0947013,1.79e-05,55.2787013
1986,11,29,46763,-0.0966212,1.83e-05,55.2806212
1986,11,30,46764,-0.0983624,1.88e-05,55.2823624
1986,12,1,46765,-0.0998045,1.92e-05,55.2838045
1986,12,2,46766,-0.1009317,1.96e-05,55.2849317
1986,12,3,46767,-0.101844,2e-05,55.285844
1986,12,4,46768,-0.10271,2.04e-05,55.28671
1986,12,5,46769,-0.1036945,2.09e-05,55.2876945
1986,12,6,46770,-0.1048953,2.13e-05,55.2888953
1986,12,7,46771,-0.1063038,2.17e-05,55.2903038
1986,12,8,46772,-0.1078583,2.22e-05,55.2918583
1986,12,9,46773,-0.1094963,2.26e-05,55.2934963
1986,12,10,46774,-0.111216,2.31e-05,55.295216
1986,12,11,46775,-0.1133781,2.37e-05,55.2973781
1986,12,12,46776,-0.1152252,2.41e-05,55.2992252
1986,12,13,46777,-0.1163097,2.44e-05,55.3003097
1986,12,14,46778,-0.1169557,2.47e-05,55.3009557
1986,12,15,46779,-0.1175734,2.48e-05,55.3015734
1986,12,16,46780,-0.1181673,2.46e-05,55.3021673
1986,12,17,46781,-0.1187229,2.44e-05,55.3027229
1986,12,18,46782,-0.1193083,2.42e-05,55.3033083
1986,12,19,46783,-0.1199916,2.39e-05,55.3039916
1986,12,20,46784,-0.1208479,2.37e-05,55.3048479
1986,12,21,46785,-0.121943,2.35e-05,55.305943
1986,12,22,46786,-0.1233,2.34e-05,55.3073
1986,12,23,46787,-0.124893,2.32e-05,55.308893
1986,12,24,46788,-0.1266578,2.29e-05,55.3106578
1986,12,25,46789,-0.1285078,2.25e-05,55.3125078
1986,12,26,46790,-0.1303479,2.2e-05,55.3143479
1986,12,27,46791,-0.1320855,2.17e-05,55.3160855
1986,12,28,46792,-0.1336463,2.13e-05,55.3176463
1986,12,29,46793,-0.1349949,2.09e-05,55.3189949
1986,12,30,46794,-0.1361542,2.05e-05,55.3201542
1986,12,31,46795,-0.1372083,1.99e-05,55.3212083
1987,1,1,46796,-0.1382708,2e-05,55.3222708
1987,1,2,46797,-0.1394883,1.94e-05,55.3234883
1987,1,3,46798,-0.1409205,1.88e-05,55.3249205
1987,1,4,46799,-0.1425665,1.83e-05,55.3265665
1987,1,5,46800,-0.1443657,1.78e-05,55.3283657
1987,1,6,46801,-0.1462178,1.73e-05,55.3302178
1987,1,7,46802,-0.1480102,1.68e-05,55.3320102
1987,1,8,46803,-0.1496399,1.65e-05,55.3336399
1987,1,9,46804,-0.1510303,1.61e-05,55.3350303
1987,1,10,46805,-0.1521481,1.57e-05,55.3361481
1987,1,11,46806,-0.1530193,1.53e-05,55.3370193
1987,1,12,46807,-0.1537186,1.49e-05,55.3377186
1987,1,13,46808,-0.1543407,1.46e-05,55.3383407
1987,1,14,46809,-0.1549727,1.43e-05,55.3389727
1987,1,15,46810,-0.1556718,1.4e-05,55.3396718
1987,1,16,46811,-0.1564149,1.41e-05,55.3404149
1987,1,17,46812,-0.1572616,1.43e-05,55.3412616
1987,1,18,46813,-0.158352,1.45e-05,55.342352
1987,1,19,46814,-0.1597797,1.48e-05,55.3437797
1987,1,20,46815,-0.1615118,1.5e-05,55.3455118
1987,1,21,46816,-0.163173,1.51e-05,55.347173
1987,1,22,46817,-0.1647918,1.54e-05,55.3487918
1987,1,23,46818,-0.1664043,1.57e-05,55.3504043
1987,1,24,46819,-0.1678465,1.61e-05,55.3518465
1987,1,25,46820,-0.1689966,1.63e-05,55.3529966
1987,1,26,46821,-0.1698909,1.66e-05,55.3538909
1987,1,27,46822,-0.1706828,1.68e-05,55.3546828
1987,1,28,46823,-0.1715507,1.7e-05,55.3555507
1987,1,29,46824,-0.1726317,1.72e-05,55.3566317
1987,1,30,46825,-0.1739508,1.73e-05,55.3579508
1987,1,31,46826,-0.1751497,1.74e-05,55.3591497
1987,2,1,46827,-0.1765007,1.76e-05,55.3605007
1987,2,2,46828,-0.1785824,1.76e-05,55.3625824
1987,2,3,46829,-0.1809793,1.75e-05,55.3649793
1987,2,4,46830,-0.1829475,1.74e-05,55.3669475
1987,2,5,46831,-0.1846522,1.74e-05,55.3686522
1987,2,6,46832,-0.1858744,1.74e-05,55.3698744
1987,2,7,46833,-0.1868336,1.75e-05,55.3708336
1987,2,8,46834,-0.188143,1.74e-05,55.372143
1987,2,9,46835,-0.1892017,1.73e-05,55.3732017
1987,2,10,46836,-0.1905436,1.74e-05,55.3745436
1987,2,11,46837,-0.1917561,1.74e-05,55.3757561
1987,2,12,46838,-0.1925814,1.73e-05,55.3765814
1987,2,13,46839,-0.1934678,1.73e-05,55.3774678
1987,2,14,46840,-0.1948405,1.73e-05,55.3788405
1987,2,15,46841,-0.1965549,1.73e-05,55.3805549
1987,2,16,46842,-0.1984224,1.73e-05,55.3824224
1987,2,17,46843,-0.2003923,1.73e-05,55.3843923
1987,2,18,46844,-0.2024144,1.73e-05,55.3864144
1987,2,19,46845,-0.2044296,1.72e-05,55.3884296
1987,2,20,46846,-0.2062961,1.69e-05,55.3902961
1987,2,21,46847,-0.207927,1.67e-05,55.391927
1987,2,22,46848,-0.2093405,1.64e-05,55.3933405
1987,2,23,46849,-0.2106298,1.62e-05,55.3946298
1987,2,24,46850,-0.2119408,1.58e-05,55.3959408
1987,2,25,46851,-0.2134185,1.56e-05,55.3974185
1987,2,26,46852,-0.2151657,1.56e-05,55.3991657
1987,2,27,46853,-0.2172322,1.59e-05,55.4012322
1987,2,28,46854,-0.2195998,1.62e-05,55.4035998
1987,3,1,46855,-0.2221785,1.64e-05,55.4061785
1987,3,2,46856,-0.2248303,1.66e-05,55.4088303
1987,3,3,46857,-0.2274079,1.68e-05,55.4114079
1987,3,4,46858,-0.2297896,1.7e-05,55.4137896
1987,3,5,46859,-0.231898,1.73e-05,55.415898
1987,3,6,46860,-0.2337048,1.74e-05,55.4177048
1987,3,7,46861,-0.2352256,1.74e-05,55.4192256
1987,3,8,46862,-0.2365128,1.74e-05,55.4205128
1987,3,9,46863,-0.2376475,1.75e-05,55.4216475
1987,3,10,46864,-0.2387307,1.75e-05,55.4227307
1987,3,11,46865,-0.2398725,1.74e-05,55.4238725
1987,3,12,46866,-0.2411839,1.75e-05,55.4251839
1987,3,13,46867,-0.2427292,1.76e-05,55.4267292
1987,3,14,46868,-0.244515,1.77e-05,55.428515
1987,3,15,46869,-0.2465024,1.78e-05,55.4305024
1987,3,16,46870,-0.2486215,1.79e-05,55.4326215
1987,3,17,46871,-0.2507943,1.8e-05,55.4347943
1987,3,18,46872,-0.252942,1.81e-05,55.436942
1987,3,19,46873,-0.2549902,1.82e-05,55.4389902
1987,3,20,46874,-0.2568802,1.83e-05,55.4408802
1987,3,21,46875,-0.2585823,1.83e-05,55.4425823
1987,3,22,46876,-0.2600896,1.83e-05,55.4440896
1987,3,23,46877,-0.2614712,1.83e-05,55.4454712
1987,3,24,46878,-0.262856,1.81e-05,55.446856
1987,3,25,46879,-0.2643803,1.78e-05,55.4483803
1987,3,26,46880,-0.2661433,1.75e-05,55.4501433
1987,3,27,46881,-0.2682067,1.72e-05,55.4522067
1987,3,28,46882,-0.2702114,1.72e-05,55.4542114
1987,3,29,46883,-0.2722374,1.76e-05,55.4562374
1987,3,30,46884,-0.2747873,1.79e-05,55.4587873
1987,3,31,46885,-0.2773694,1.8e-05,55.4613694
1987,4,1,46886,-0.2795286,1.81e-05,55.4635286
1987,4,2,46887,-0.2811453,1.82e-05,55.4651453
1987,4,3,46888,-0.2822819,1.83e-05,55.4662819
1987,4,4,46889,-0.2831503,1.84e-05,55.4671503
1987,4,5,46890,-0.2840099,1.83e-05,55.4680099
1987,4,6,46891,-0.2850356,1.82e-05,55.4690356
1987,4,7,46892,-0.2862909,1.8e-05,55.4702909
1987,4,8,46893,-0.2877573,1.79e-05,55.4717573
1987,4,9,46894,-0.2893781,1.78e-05,55.4733781
1987,4,10,46895,-0.291108,1.76e-05,55.475108
1987,4,11,46896,-0.2929702,1.73e-05,55.4769702
1987,4,12,46897,-0.2949819,1.69e-05,55.4789819
1987,4,13,46898,-0.2970915,1.66e-05,55.4810915
1987,4,14,46899,-0.299201,1.63e-05,55.483201
1987,4,15,46900,-0.3011894,1.59e-05,55.4851894
1987,4,16,46901,-0.3029595,1.59e-05,55.4869595
1987,4,17,46902,-0.3044773,1.62e-05,55.4884773
1987,4,18,46903,-0.3057826,1.65e-05,55.4897826
1987,4,19,46904,-0.3069727,1.67e-05,55.4909727
1987,4,20,46905,-0.3081627,1.68e-05,55.4921627
1987,4,21,46906,-0.3094516,1.7e-05,55.4934516
1987,4,22,46907,-0.3109104,1.71e-05,55.4949104
1987,4,23,46908,-0.3125762,1.74e-05,55.4965762
1987,4,24,46909,-0.3144675,1.77e-05,55.4984675
1987,4,25,46910,-0.3165614,1.81e-05,55.5005614
1987,4,26,46911,-0.3187563,1.84e-05,55.5027563
1987,4,27,46912,-0.3209021,1.88e-05,55.5049021
1987,4,28,46913,-0.3228523,1.91e-05,55.5068523
1987,4,29,46914,-0.3245115,1.95e-05,55.5085115
1987,4,30,46915,-0.3258677,1.97e-05,55.5098677
1987,5,1,46916,-0.3270123,1.96e-05,55.5110123
1987,5,2,46917,-0.3280789,1.96e-05,55.5120789
1987,5,3,46918,-0.3291551,1.97e-05,55.5131551
1987,5,4,46919,-0.3301595,1.99e-05,55.5141595
1987,5,5,46920,-0.3311423,2e-05,55.5151423
1987,5,6,46921,-0.3322878,2.01e-05,55.5162878
1987,5,7,46922,-0.3336314,2.01e-05,55.5176314
1987,5,8,46923,-0.3350336,2.03e-05,55.5190336
1987,5,9,46924,-0.3366512,2.07e-05,55.5206512
1987,5,10,46925,-0.3386778,2.09e-05,55.5226778
1987,5,11,46926,-0.3408308,2.11e-05,55.5248308
1987,5,12,46927,-0.3426618,2.11e-05,55.5266618
1987,5,13,46928,-0.3441022,2.1e-05,55.5281022
1987,5,14,46929,-0.3453378,2.1e-05,55.5293378
1987,5,15,46930,-0.3465893,2.08e-05,55.5305893
1987,5,16,46931,-0.347852,2.06e-05,55.531852
1987,5,17,46932,-0.3489799,2.04e-05,55.5329799
1987,5,18,46933,-0.3498798,2.02e-05,55.5338798
1987,5,19,46934,-0.3506607,1.98e-05,55.5346607
1987,5,20,46935,-0.3520377,1.93e-05,55.5360377
1987,5,21,46936,-0.3540794,1.87e-05,55.5380794
1987,5,22,46937,-0.3562214,1.82e-05,55.5402214
1987,5,23,46938,-0.357937,1.76e-05,55.541937
1987,5,24,46939,-0.359394,1.7e-05,55.543394
1987,5,25,46940,-0.3610444,1.64e-05,55.5450444
1987,5,26,46941,-0.3626894,1.62e-05,55.5466894
1987,5,27,46942,-0.3640717,1.64e-05,55.5480717
1987,5,28,46943,-0.3651754,1.65e-05,55.5491754
1987,5,29,46944,-0.3660493,1.67e-05,55.5500493
1987,5,30,46945,-0.3667997,1.68e-05,55.5507997
1987,5,31,46946,-0.3675434,1.66e-05,55.5515434
1987,6,1,46947,-0.3683591,1.64e-05,55.5523591
1987,6,2,46948,-0.369277,1.63e-05,55.553277
1987,6,3,46949,-0.3702959,1.61e-05,55.5542959
1987,6,4,46950,-0.371408,1.57e-05,55.555408
1987,6,5,46951,-0.3726296,1.54e-05,55.5566296
1987,6,6,46952,-0.3739848,1.51e-05,55.5579848
1987,6,7,46953,-0.3754706,1.47e-05,55.5594706
1987,6,8,46954,-0.3770231,1.42e-05,55.5610231
1987,6,9,46955,-0.3785206,1.38e-05,55.5625206
1987,6,10,46956,-0.3798299,1.34e-05,55.5638299
1987,6,11,46957,-0.3808659,1.3e-05,55.5648659
1987,6,12,46958,-0.3816458,1.27e-05,55.5656458
1987,6,13,46959,-0.3822901,1.23e-05,55.5662901
1987,6,14,46960,-0.3829742,1.19e-05,55.5669742
1987,6,15,46961,-0.383851,1.16e-05,55.567851
1987,6,16,46962,-0.3849936,1.12e-05,55.5689936
1987,6,17,46963,-0.3863764,1.09e-05,55.5703764
1987,6,18,46964,-0.387898,1.06e-05,55.571898
1987,6,19,46965,-0.3894304,1.03e-05,55.5734304
1987,6,20,46966,-0.3908775,1.01e-05,55.5748775
1987,6,21,46967,-0.3921615,1e-05,55.5761615
1987,6,22,46968,-0.3932201,9.8e-06,55.5772201
1987,6,23,46969,-0.3940224,9.7e-06,55.5780224
1987,6,24,46970,-0.394576,9.5e-06,55.578576
1987,6,25,46971,-0.3949495,9.3e-06,55.5789495
1987,6,26,46972,-0.3952095,9.3e-06,55.5792095
1987,6,27,46973,-0.3954141,9.7e-06,55.5794141
1987,6,28,46974,-0.3956317,1.02e-05,55.5796317
1987,6,29,46975,-0.3959437,1.06e-05,55.5799437
1987,6,30,46976,-0.3965144,1.09e-05,55.5805144
1987,7,1,46977,-0.3971599,1.12e-05,55.5811599
1987,7,2,46978,-0.3979562,1.15e-05,55.5819562
1987,7,3,46979,-0.3989859,1.18e-05,55.5829859
1987,7,4,46980,-0.4000993,1.2e-05,55.5840993
1987,7,5,46981,-0.4011865,1.23e-05,55.5851865
1987,7,6,46982,-0.4021694,1.25e-05,55.5861694
1987,7,7,46983,-0.4029824,1.28e-05,55.5869824
1987,7,8,46984,-0.4035886,1.31e-05,55.5875886
1987,7,9,46985,-0.4039955,1.34e-05,55.5879955
1987,7,10,46986,-0.4042327,1.37e-05,55.5882327
1987,7,11,46987,-0.4044327,1.42e-05,55.5884327
1987,7,12,46988,-0.4047957,1.47e-05,55.5887957
1987,7,13,46989,-0.4054649,1.51e-05,55.5894649
1987,7,14,46990,-0.4064329,1.54e-05,55.5904329
1987,7,15,46991,-0.4075921,1.58e-05,55.5915921
1987,7,16,46992,-0.4087953,1.61e-05,55.5927953
1987,7,17,46993,-0.409908,1.64e-05,55.593908
1987,7,18,46994,-0.4108775,1.67e-05,55.5948775
1987,7,19,46995,-0.4116988,1.7e-05,55.5956988
1987,7,20,46996,-0.41225,1.72e-05,55.59625
1987,7,21,46997,-0.4124871,1.74e-05,55.5964871
1987,7,22,46998,-0.4125365,1.76e-05,55.5965365
1987,7,23,46999,-0.4125258,1.77e-05,55.5965258
1987,7,24,47000,-0.4124071,1.79e-05,55.5964071
1987,7,25,47001,-0.4121475,1.82e-05,55.5961475
1987,7,26,47002,-0.4120556,1.87e-05,55.5960556
1987,7,27,47003,-0.4124771,1.91e-05,55.5964771
1987,7,28,47004,-0.4132257,1.95e-05,55.5972257
1987,7,29,47005,-0.4136145,1.99e-05,55.5976145
1987,7,30,47006,-0.41435,2.03e-05,55.59835
1987,7,31,47007,-0.4156136,2.06e-05,55.5996136
1987,8,1,47008,-0.4168002,2.1e-05,55.6008002
1987,8,2,47009,-0.4173237,2.14e-05,55.6013237
1987,8,3,47010,-0.4172465,2.17e-05,55.6012465
1987,8,4,47011,-0.4182144,2.2e-05,55.6022144
1987,8,5,47012,-0.4176682,2.2e-05,55.6016682
1987,8,6,47013,-0.4182615,2.19e-05,55.6022615
1987,8,7,47014,-0.418935,2.17e-05,55.602935
1987,8,8,47015,-0.4193993,2.17e-05,55.6033993
1987,8,9,47016,-0.4200116,2.17e-05,55.6040116
1987,8,10,47017,-0.4207945,2.16e-05,55.6047945
1987,8,11,47018,-0.4218911,2.15e-05,55.6058911
1987,8,12,47019,-0.4232448,2.14e-05,55.6072448
1987,8,13,47020,-0.424571,2.13e-05,55.608571
1987,8,14,47021,-0.4257953,2.12e-05,55.6097953
1987,8,15,47022,-0.4269026,2.12e-05,55.6109026
1987,8,16,47023,-0.4274716,2.09e-05,55.6114716
1987,8,17,47024,-0.4279375,2.04e-05,55.6119375
1987,8,18,47025,-0.4284564,2.01e-05,55.6124564
1987,8,19,47026,-0.428804,1.99e-05,55.612804
1987,8,20,47027,-0.4288241,1.96e-05,55.6128241
1987,8,21,47028,-0.4286455,1.93e-05,55.6126455
1987,8,22,47029,-0.4296966,1.88e-05,55.6136966
1987,8,23,47030,-0.4307409,1.84e-05,55.6147409
1987,8,24,47031,-0.4315552,1.84e-05,55.6155552
1987,8,25,47032,-0.4326893,1.86e-05,55.6166893
1987,8,26,47033,-0.4342127,1.87e-05,55.6182127
1987,8,27,47034,-0.4357918,1.89e-05,55.6197918
1987,8,28,47035,-0.4372572,1.91e-05,55.6212572
1987,8,29,47036,-0.4386518,1.91e-05,55.6226518
1987,8,30,47037,-0.4399736,1.91e-05,55.6239736
1987,8,31,47038,-0.4411666,1.91e-05,55.6251666
1987,9,1,47039,-0.4421788,1.91e-05,55.6261788
1987,9,2,47040,-0.4429934,1.9e-05,55.6269934
1987,9,3,47041,-0.4436699,1.88e-05,55.6276699
1987,9,4,47042,-0.44434,1.86e-05,55.62834
1987,9,5,47043,-0.4451679,1.84e-05,55.6291679
1987,9,6,47044,-0.4462931,1.83e-05,55.6302931
1987,9,7,47045,-0.4477751,1.8e-05,55.6317751
1987,9,8,47046,-0.4495651,1.76e-05,55.6335651
1987,9,9,47047,-0.4515239,1.73e-05,55.6355239
1987,9,10,47048,-0.4534715,1.7e-05,55.6374715
1987,9,11,47049,-0.4552449,1.66e-05,55.6392449
1987,9,12,47050,-0.4567415,1.62e-05,55.6407415
1987,9,13,47051,-0.4579349,1.61e-05,55.6419349
1987,9,14,47052,-0.4588661,1.62e-05,55.6428661
1987,9,15,47053,-0.459619,1.63e-05,55.643619
1987,9,16,47054,-0.4602952,1.64e-05,55.6442952
1987,9,17,47055,-0.4609968,1.65e-05,55.6449968
1987,9,18,47056,-0.4618102,1.64e-05,55.6458102
1987,9,19,47057,-0.4628135,1.63e-05,55.6468135
1987,9,20,47058,-0.4640666,1.63e-05,55.6480666
1987,9,21,47059,-0.4655919,1.63e-05,55.6495919
1987,9,22,47060,-0.4673652,1.64e-05,55.6513652
1987,9,23,47061,-0.4693102,1.65e-05,55.6533102
1987,9,24,47062,-0.471319,1.66e-05,55.655319
1987,9,25,47063,-0.4732806,1.68e-05,55.6572806
1987,9,26,47064,-0.475121,1.71e-05,55.659121
1987,9,27,47065,-0.4767964,1.73e-05,55.6607964
1987,9,28,47066,-0.4782443,1.72e-05,55.6622443
1987,9,29,47067,-0.4794625,1.71e-05,55.6634625
1987,9,30,47068,-0.480533,1.7e-05,55.664533
1987,10,1,47069,-0.4815924,1.68e-05,55.6655924
1987,10,2,47070,-0.4827971,1.69e-05,55.6667971
1987,10,3,47071,-0.4842733,1.7e-05,55.6682733
1987,10,4,47072,-0.4860782,1.71e-05,55.6700782
1987,10,5,47073,-0.4881817,1.72e-05,55.6721817
1987,10,6,47074,-0.490475,1.72e-05,55.674475
1987,10,7,47075,-0.4928051,1.73e-05,55.6768051
1987,10,8,47076,-0.4950259,1.74e-05,55.6790259
1987,10,9,47077,-0.4970346,1.75e-05,55.6810346
1987,10,10,47078,-0.498787,1.76e-05,55.682787
1987,10,11,47079,-0.500292,1.76e-05,55.684292
1987,10,12,47080,-0.5015936,1.75e-05,55.6855936
1987,10,13,47081,-0.5027451,1.75e-05,55.6867451
1987,10,14,47082,-0.5038119,1.73e-05,55.6878119
1987,10,15,47083,-0.5048807,1.72e-05,55.6888807
1987,10,16,47084,-0.5060493,1.71e-05,55.6900493
1987,10,17,47085,-0.5074207,1.7e-05,55.6914207
1987,10,18,47086,-0.5092454,1.68e-05,55.6932454
1987,10,19,47087,-0.5112976,1.66e-05,55.6952976
1987,10,20,47088,-0.5129495,1.63e-05,55.6969495
1987,10,21,47089,-0.5148663,1.6e-05,55.6988663
1987,10,22,47090,-0.5169135,1.55e-05,55.7009135
1987,10,23,47091,-0.5188969,1.49e-05,55.7028969
1987,10,24,47092,-0.5206232,1.47e-05,55.7046232
1987,10,25,47093,-0.5221396,1.46e-05,55.7061396
1987,10,26,47094,-0.5237418,1.45e-05,55.7077418
1987,10,27,47095,-0.5252202,1.42e-05,55.7092202
1987,10,28,47096,-0.5264921,1.39e-05,55.7104921
1987,10,29,47097,-0.52771,1.36e-05,55.71171
1987,10,30,47098,-0.5290782,1.32e-05,55.7130782
1987,10,31,47099,-0.5307588,1.28e-05,55.7147588
1987,11,1,47100,-0.5327955,1.24e-05,55.7167955
1987,11,2,47101,-0.535025,1.21e-05,55.719025
1987,11,3,47102,-0.5372915,1.19e-05,55.7212915
1987,11,4,47103,-0.5395076,1.18e-05,55.7235076
1987,11,5,47104,-0.5416031,1.15e-05,55.7256031
1987,11,6,47105,-0.5434871,1.12e-05,55.7274871
1987,11,7,47106,-0.5450946,1.12e-05,55.7290946
1987,11,8,47107,-0.5464474,1.14e-05,55.7304474
1987,11,9,47108,-0.5476453,1.15e-05,55.7316453
1987,11,10,47109,-0.5488153,1.17e-05,55.7328153
1987,11,11,47110,-0.5500717,1.19e-05,55.7340717
1987,11,12,47111,-0.5514699,1.2e-05,55.7354699
1987,11,13,47112,-0.5530332,1.23e-05,55.7370332
1987,11,14,47113,-0.5547679,1.26e-05,55.7387679
1987,11,15,47114,-0.5566573,1.29e-05,55.7406573
1987,11,16,47115,-0.5586665,1.31e-05,55.7426665
1987,11,17,47116,-0.5607465,1.33e-05,55.7447465
1987,11,18,47117,-0.5628392,1.36e-05,55.7468392
1987,11,19,47118,-0.5648803,1.39e-05,55.7488803
1987,11,20,47119,-0.5668045,1.42e-05,55.7508045
1987,11,21,47120,-0.5685574,1.43e-05,55.7525574
1987,11,22,47121,-0.5701124,1.45e-05,55.7541124
1987,11,23,47122,-0.571488,1.46e-05,55.755488
1987,11,24,47123,-0.5727547,1.47e-05,55.7567547
1987,11,25,47124,-0.5740232,1.49e-05,55.7580232
1987,11,26,47125,-0.5753939,1.52e-05,55.7593939
1987,11,27,47126,-0.5769962,1.57e-05,55.7609962
1987,11,28,47127,-0.5789243,1.61e-05,55.7629243
1987,11,29,47128,-0.5811559,1.66e-05,55.7651559
1987,11,30,47129,-0.583549,1.71e-05,55.767549
1987,12,1,47130,-0.5858765,1.76e-05,55.7698765
1987,12,2,47131,-0.5877217,1.79e-05,55.7717217
1987,12,3,47132,-0.5891519,1.81e-05,55.7731519
1987,12,4,47133,-0.5906136,1.84e-05,55.7746136
1987,12,5,47134,-0.5924479,1.86e-05,55.7764479
1987,12,6,47135,-0.5946043,1.88e-05,55.7786043
1987,12,7,47136,-0.5958767,1.88e-05,55.7798767
1987,12,8,47137,-0.5963089,1.87e-05,55.7803089
1987,12,9,47138,-0.5970948,1.86e-05,55.7810948
1987,12,10,47139,-0.5981774,1.88e-05,55.7821774
1987,12,11,47140,-0.5998499,1.9e-05,55.7838499
1987,12,12,47141,-0.6019374,1.92e-05,55.7859374
1987,12,13,47142,-0.6036978,1.93e-05,55.7876978
1987,12,14,47143,-0.6051156,1.93e-05,55.7891156
1987,12,15,47144,-0.6065639,1.94e-05,55.7905639
1987,12,16,47145,-0.6083489,1.94e-05,55.7923489
1987,12,17,47146,-0.6101703,1.96e-05,55.7941703
1987,12,18,47147,-0.611767,1.99e-05,55.795767
1987,12,19,47148,-0.6131658,2.03e-05,55.7971658
1987,12,20,47149,-0.6144351,2.07e-05,55.7984351
1987,12,21,47150,-0.6156128,2.1e-05,55.7996128
1987,12,22,47151,-0.6168462,2.12e-05,55.8008462
1987,12,23,47152,-0.6182833,2.14e-05,55.8022833
1987,12,24,47153,-0.619996,2.14e-05,55.803996
1987,12,25,47154,-0.621991,2.13e-05,55.805991
1987,12,26,47155,-0.624208,2.13e-05,55.808208
1987,12,27,47156,-0.6265288,2.13e-05,55.8105288
1987,12,28,47157,-0.6288066,2.12e-05,55.8128066
1987,12,29,47158,-0.6309028,2.12e-05,55.8149028
1987,12,30,47159,-0.6327241,2.11e-05,55.8167241
1987,12,31,47160,-0.6342471,2.1e-05,55.8182471
1988,1,1,47161,0.3644819,2.4e-05,55.8195181
1988,1,2,47162,0.3633396,2.4e-05,55.8206604
1988,1,3,47163,0.3622262,2.4e-05,55.8217738
1988,1,4,47164,0.3610628,2.4e-05,55.8229372
1988,1,5,47165,0.3598151,2.39e-05,55.8241849
1988,1,6,47166,0.3585064,2.39e-05,55.8254936
1988,1,7,47167,0.3571385,2.4e-05,55.8268615
1988,1,8,47168,0.3556691,2.4e-05,55.8283309
1988,1,9,47169,0.354039,2.41e-05,55.829961
1988,1,10,47170,0.352159,2.41e-05,55.831841
1988,1,11,47171,0.3501393,2.41e-05,55.8338607
1988,1,12,47172,0.3482001,2.4e-05,55.8357999
1988,1,13,47173,0.3464687,2.4e-05,55.8375313
1988,1,14,47174,0.3449744,2.38e-05,55.8390256
1988,1,15,47175,0.3436142,2.36e-05,55.8403858
1988,1,16,47176,0.342333,2.34e-05,55.841667
1988,1,17,47177,0.3411378,2.31e-05,55.8428622
1988,1,18,47178,0.3400469,2.28e-05,55.8439531
1988,1,19,47179,0.3389229,2.24e-05,55.8450771
1988,1,20,47180,0.3375781,2.2e-05,55.8464219
1988,1,21,47181,0.335948,2.16e-05,55.848052
1988,1,22,47182,0.3341202,2.12e-05,55.8498798
1988,1,23,47183,0.3322644,2.08e-05,55.8517356
1988,1,24,47184,0.3305338,2.05e-05,55.8534662
1988,1,25,47185,0.3289212,2.01e-05,55.8550788
1988,1,26,47186,0.3274668,1.96e-05,55.8565332
1988,1,27,47187,0.326262,1.92e-05,55.857738
1988,1,28,47188,0.3253624,1.89e-05,55.8586376
1988,1,29,47189,0.3247402,1.91e-05,55.8592598
1988,1,30,47190,0.3242025,1.94e-05,55.8597975
1988,1,31,47191,0.3235744,1.97e-05,55.8604256
1988,2,1,47192,0.3227549,2e-05,55.8612451
1988,2,2,47193,0.3217057,2.03e-05,55.8622943
1988,2,3,47194,0.3204436,2.05e-05,55.8635564
1988,2,4,47195,0.3190074,2.08e-05,55.8649926
1988,2,5,47196,0.3174153,2.1e-05,55.8665847
1988,2,6,47197,0.3156647,2.12e-05,55.8683353
1988,2,7,47198,0.3137645,2.13e-05,55.8702355
1988,2,8,47199,0.3117822,2.13e-05,55.8722178
1988,2,9,47200,0.3098164,2.12e-05,55.8741836
1988,2,10,47201,0.307937,2.11e-05,55.876063
1988,2,11,47202,0.3061956,2.1e-05,55.8778044
1988,2,12,47203,0.3046236,2.09e-05,55.8793764
1988,2,13,47204,0.3032463,2.13e-05,55.8807537
1988,2,14,47205,0.3022701,2.19e-05,55.8817299
1988,2,15,47206,0.3008791,2.24e-05,55.8831209
1988,2,16,47207,0.2991167,2.27e-05,55.8848833
1988,2,17,47208,0.2970478,2.29e-05,55.8869522
1988,2,18,47209,0.2945924,2.3e-05,55.8894076
1988,2,19,47210,0.2918943,2.3e-05,55.8921057
1988,2,20,47211,0.2891243,2.3e-05,55.8948757
1988,2,21,47212,0.2864417,2.3e-05,55.8975583
1988,2,22,47213,0.2839806,2.31e-05,55.9000194
1988,2,23,47214,0.2818314,2.32e-05,55.9021686
1988,2,24,47215,0.2800113,2.32e-05,55.9039887
1988,2,25,47216,0.2784555,2.3e-05,55.9055445
1988,2,26,47217,0.2770608,2.27e-05,55.9069392
1988,2,27,47218,0.2757173,2.25e-05,55.9082827
1988,2,28,47219,0.2743198,2.22e-05,55.9096802
1988,2,29,47220,0.2727812,2.19e-05,55.9112188
1988,3,1,47221,0.2710454,2.15e-05,55.9129546
1988,3,2,47222,0.269098,2.12e-05,55.914902
1988,3,3,47223,0.2669669,2.09e-05,55.9170331
1988,3,4,47224,0.2647114,2.05e-05,55.9192886
1988,3,5,47225,0.2624023,2.01e-05,55.9215977
1988,3,6,47226,0.2601028,1.97e-05,55.9238972
1988,3,7,47227,0.2578683,1.93e-05,55.9261317
1988,3,8,47228,0.2557545,1.89e-05,55.9282455
1988,3,9,47229,0.2538219,1.86e-05,55.9301781
1988,3,10,47230,0.2521249,1.82e-05,55.9318751
1988,3,11,47231,0.2506889,1.82e-05,55.9333111
1988,3,12,47232,0.2494869,1.82e-05,55.9345131
1988,3,13,47233,0.2484228,1.83e-05,55.9355772
1988,3,14,47234,0.247341,1.84e-05,55.936659
1988,3,15,47235,0.2460655,1.83e-05,55.9379345
1988,3,16,47236,0.2444231,1.79e-05,55.9395769
1988,3,17,47237,0.2424128,1.76e-05,55.9415872
1988,3,18,47238,0.240206,1.72e-05,55.943794
1988,3,19,47239,0.2380241,1.76e-05,55.9459759
1988,3,20,47240,0.2359966,1.79e-05,55.9480034
1988,3,21,47241,0.2341958,1.82e-05,55.9498042
1988,3,22,47242,0.2326406,1.85e-05,55.9513594
1988,3,23,47243,0.2312942,1.89e-05,55.9527058
1988,3,24,47244,0.2300927,1.93e-05,55.9539073
1988,3,25,47245,0.2289629,1.95e-05,55.9550371
1988,3,26,47246,0.2278277,1.97e-05,55.9561723
1988,3,27,47247,0.2266122,1.99e-05,55.9573878
1988,3,28,47248,0.2252504,2e-05,55.9587496
1988,3,29,47249,0.2236915,2.02e-05,55.9603085
1988,3,30,47250,0.2219077,2.04e-05,55.9620923
1988,3,31,47251,0.2199043,2.07e-05,55.9640957
1988,4,1,47252,0.2177246,2.09e-05,55.9662754
1988,4,2,47253,0.2154465,2.12e-05,55.9685535
1988,4,3,47254,0.2131686,2.13e-05,55.9708314
1988,4,4,47255,0.2109846,2.13e-05,55.9730154
1988,4,5,47256,0.20896,2.13e-05,55.97504
1988,4,6,47257,0.2071197,2.13e-05,55.9768803
1988,4,7,47258,0.2054459,2.13e-05,55.9785541
1988,4,8,47259,0.2038826,2.13e-05,55.9801174
1988,4,9,47260,0.2023433,2.15e-05,55.9816567
1988,4,10,47261,0.200728,2.17e-05,55.983272
1988,4,11,47262,0.1989324,2.17e-05,55.9850676
1988,4,12,47263,0.1968619,2.17e-05,55.9871381
1988,4,13,47264,0.194476,2.17e-05,55.989524
1988,4,14,47265,0.1918251,2.16e-05,55.9921749
1988,4,15,47266,0.1890419,2.19e-05,55.9949581
1988,4,16,47267,0.1863597,2.23e-05,55.9976403
1988,4,17,47268,0.1840029,2.26e-05,55.9999971
1988,4,18,47269,0.1819931,2.28e-05,56.0020069
1988,4,19,47270,0.1802504,2.31e-05,56.0037496
1988,4,20,47271,0.1788591,2.31e-05,56.0051409
1988,4,21,47272,0.177725,2.31e-05,56.006275
1988,4,22,47273,0.1766186,2.34e-05,56.0073814
1988,4,23,47274,0.1754721,2.4e-05,56.0085279
1988,4,24,47275,0.1743458,2.46e-05,56.0096542
1988,4,25,47276,0.1731526,2.52e-05,56.0108474
1988,4,26,47277,0.1717164,2.58e-05,56.0122836
1988,4,27,47278,0.1699345,2.63e-05,56.0140655
1988,4,28,47279,0.1679315,2.67e-05,56.0160685
1988,4,29,47280,0.1659215,2.71e-05,56.0180785
1988,4,30,47281,0.163959,2.73e-05,56.020041
1988,5,1,47282,0.1620219,2.73e-05,56.0219781
1988,5,2,47283,0.1601936,2.71e-05,56.0238064
1988,5,3,47284,0.1586545,2.69e-05,56.0253455
1988,5,4,47285,0.1575026,2.68e-05,56.0264974
1988,5,5,47286,0.1564772,2.68e-05,56.0275228
1988,5,6,47287,0.1552112,2.65e-05,56.0287888
1988,5,7,47288,0.1539037,2.61e-05,56.0300963
1988,5,8,47289,0.1523633,2.56e-05,56.0316367
1988,5,9,47290,0.150201,2.5e-05,56.033799
1988,5,10,47291,0.1478292,2.43e-05,56.0361708
1988,5,11,47292,0.1456061,2.36e-05,56.0383939
1988,5,12,47293,0.1435762,2.28e-05,56.0404238
1988,5,13,47294,0.1416766,2.22e-05,56.0423234
1988,5,14,47295,0.1398067,2.15e-05,56.0441933
1988,5,15,47296,0.1379624,2.08e-05,56.0460376
1988,5,16,47297,0.1362246,2.03e-05,56.0477754
1988,5,17,47298,0.1346894,1.97e-05,56.0493106
1988,5,18,47299,0.1334088,1.97e-05,56.0505912
1988,5,19,47300,0.1323061,1.98e-05,56.0516939
1988,5,20,47301,0.1312873,1.98e-05,56.0527127
1988,5,21,47302,0.1302489,1.98e-05,56.0537511
1988,5,22,47303,0.1290898,1.97e-05,56.0549102
1988,5,23,47304,0.127756,1.95e-05,56.056244
1988,5,24,47305,0.1262485,1.92e-05,56.0577515
1988,5,25,47306,0.1246049,1.92e-05,56.0593951
1988,5,26,47307,0.1228775,1.92e-05,56.0611225
1988,5,27,47308,0.121126,1.92e-05,56.062874
1988,5,28,47309,0.1194164,1.92e-05,56.0645836
1988,5,29,47310,0.1178138,1.91e-05,56.0661862
1988,5,30,47311,0.1163725,1.9e-05,56.0676275
1988,5,31,47312,0.115119,1.9e-05,56.068881
1988,6,1,47313,0.1140396,1.89e-05,56.0699604
1988,6,2,47314,0.1130765,1.88e-05,56.0709235
1988,6,3,47315,0.1121384,1.87e-05,56.0718616
1988,6,4,47316,0.111124,1.85e-05,56.072876
1988,6,5,47317,0.1099506,1.84e-05,56.0740494
1988,6,6,47318,0.1085788,1.83e-05,56.0754212
1988,6,7,47319,0.1070208,1.83e-05,56.0769792
1988,6,8,47320,0.1053434,1.81e-05,56.0786566
1988,6,9,47321,0.1036618,1.79e-05,56.0803382
1988,6,10,47322,0.1021089,1.77e-05,56.0818911
1988,6,11,47323,0.1007993,1.75e-05,56.0832007
1988,6,12,47324,0.0997967,1.73e-05,56.0842033
1988,6,13,47325,0.0990932,1.71e-05,56.0849068
1988,6,14,47326,0.0986064,1.68e-05,56.0853936
1988,6,15,47327,0.098213,1.65e-05,56.085787
1988,6,16,47328,0.0977971,1.63e-05,56.0862029
1988,6,17,47329,0.097285,1.61e-05,56.086715
1988,6,18,47330,0.0966594,1.57e-05,56.0873406
1988,6,19,47331,0.0959848,1.56e-05,56.0880152
1988,6,20,47332,0.0952542,1.57e-05,56.0887458
1988,6,21,47333,0.0944271,1.59e-05,56.0895729
1988,6,22,47334,0.0935192,1.61e-05,56.0904808
1988,6,23,47335,0.0925808,1.62e-05,56.0914192
1988,6,24,47336,0.0917084,1.62e-05,56.0922916
1988,6,25,47337,0.0909823,1.62e-05,56.0930177
1988,6,26,47338,0.0904477,1.62e-05,56.0935523
1988,6,27,47339,0.0901205,1.61e-05,56.0938795
1988,6,28,47340,0.0899813,1.63e-05,56.0940187
1988,6,29,47341,0.0899803,1.64e-05,56.0940197
1988,6,30,47342,0.0900284,1.66e-05,56.0939716
1988,7,1,47343,0.0900037,1.68e-05,56.0939963
1988,7,2,47344,0.0897846,1.69e-05,56.0942154
1988,7,3,47345,0.0892867,1.71e-05,56.0947133
1988,7,4,47346,0.0884382,1.72e-05,56.0955618
1988,7,5,47347,0.0872964,1.73e-05,56.0967036
1988,7,6,47348,0.086304,1.73e-05,56.097696
1988,7,7,47349,0.0854528,1.73e-05,56.0985472
1988,7,8,47350,0.0847289,1.73e-05,56.0992711
1988,7,9,47351,0.0843226,1.75e-05,56.0996774
1988,7,10,47352,0.0842373,1.78e-05,56.0997627
1988,7,11,47353,0.0842304,1.8e-05,56.0997696
1988,7,12,47354,0.0842116,1.83e-05,56.0997884
1988,7,13,47355,0.084306,1.85e-05,56.099694
1988,7,14,47356,0.0842765,1.86e-05,56.0997235
1988,7,15,47357,0.0840408,1.87e-05,56.0999592
1988,7,16,47358,0.0836236,1.88e-05,56.1003764
1988,7,17,47359,0.0830614,1.89e-05,56.1009386
1988,7,18,47360,0.082404,1.9e-05,56.101596
1988,7,19,47361,0.081683,1.91e-05,56.102317
1988,7,20,47362,0.0809083,1.92e-05,56.1030917
1988,7,21,47363,0.0800951,1.93e-05,56.1039049
1988,7,22,47364,0.0792825,1.94e-05,56.1047175
1988,7,23,47365,0.0785421,1.94e-05,56.1054579
1988,7,24,47366,0.0780258,1.94e-05,56.1059742
1988,7,25,47367,0.0776998,1.94e-05,56.1063002
1988,7,26,47368,0.0774149,1.94e-05,56.1065851
1988,7,27,47369,0.0773486,1.95e-05,56.1066514
1988,7,28,47370,0.0769827,1.96e-05,56.1070173
1988,7,29,47371,0.0766598,1.96e-05,56.1073402
1988,7,30,47372,0.075826,1.96e-05,56.108174
1988,7,31,47373,0.0747498,1.96e-05,56.1092502
1988,8,1,47374,0.0735479,1.95e-05,56.1104521
1988,8,2,47375,0.0722696,1.94e-05,56.1117304
1988,8,3,47376,0.0710962,1.92e-05,56.1129038
1988,8,4,47377,0.0701545,1.91e-05,56.1138455
1988,8,5,47378,0.0695072,1.89e-05,56.1144928
1988,8,6,47379,0.0691577,1.86e-05,56.1148423
1988,8,7,47380,0.0689557,1.86e-05,56.1150443
1988,8,8,47381,0.068847,1.88e-05,56.115153
1988,8,9,47382,0.0688132,1.91e-05,56.1151868
1988,8,10,47383,0.0687702,1.94e-05,56.1152298
1988,8,11,47384,0.0686263,1.97e-05,56.1153737
1988,8,12,47385,0.0683044,1.99e-05,56.1156956
1988,8,13,47386,0.0677701,2.01e-05,56.1162299
1988,8,14,47387,0.0670357,2.03e-05,56.1169643
1988,8,15,47388,0.0661493,2.05e-05,56.1178507
1988,8,16,47389,0.0651792,2.08e-05,56.1188208
1988,8,17,47390,0.064199,2.11e-05,56.119801
1988,8,18,47391,0.0632796,2.14e-05,56.1207204
1988,8,19,47392,0.062489,2.18e-05,56.121511
1988,8,20,47393,0.0618875,2.22e-05,56.1221125
1988,8,21,47394,0.0615075,2.26e-05,56.1224925
1988,8,22,47395,0.0613255,2.29e-05,56.1226745
1988,8,23,47396,0.061241,2.32e-05,56.122759
1988,8,24,47397,0.061092,2.35e-05,56.122908
1988,8,25,47398,0.0607056,2.39e-05,56.1232944
1988,8,26,47399,0.0599654,2.42e-05,56.1240346
1988,8,27,47400,0.0588604,2.45e-05,56.1251396
1988,8,28,47401,0.0574961,2.47e-05,56.1265039
1988,8,29,47402,0.0560508,2.49e-05,56.1279492
1988,8,30,47403,0.0547074,2.51e-05,56.1292926
1988,8,31,47404,0.0535897,2.48e-05,56.1304103
1988,9,1,47405,0.0526989,2.46e-05,56.1313011
1988,9,2,47406,0.0520519,2.44e-05,56.1319481
1988,9,3,47407,0.0516148,2.41e-05,56.1323852
1988,9,4,47408,0.0512858,2.37e-05,56.1327142
1988,9,5,47409,0.0509591,2.34e-05,56.1330409
1988,9,6,47410,0.0505522,2.31e-05,56.1334478
1988,9,7,47411,0.0500281,2.28e-05,56.1339719
1988,9,8,47412,0.0493891,2.25e-05,56.1346109
1988,9,9,47413,0.0486561,2.22e-05,56.1353439
1988,9,10,47414,0.0478506,2.19e-05,56.1361494
1988,9,11,47415,0.0469963,2.17e-05,56.1370037
1988,9,12,47416,0.0460176,2.13e-05,56.1379824
1988,9,13,47417,0.0448959,2.09e-05,56.1391041
1988,9,14,47418,0.043708,2.05e-05,56.140292
1988,9,15,47419,0.0425678,2.01e-05,56.1414322
1988,9,16,47420,0.0415823,1.98e-05,56.1424177
1988,9,17,47421,0.0407904,1.94e-05,56.1432096
1988,9,18,47422,0.0401576,1.91e-05,56.1438424
1988,9,19,47423,0.0395968,1.9e-05,56.1444032
1988,9,20,47424,0.0390057,1.9e-05,56.1449943
1988,9,21,47425,0.0382702,1.89e-05,56.1457298
1988,9,22,47426,0.0372561,1.9e-05,56.1467439
1988,9,23,47427,0.0358762,1.85e-05,56.1481238
1988,9,24,47428,0.0341364,1.85e-05,56.1498636
1988,9,25,47429,0.0321388,1.85e-05,56.1518612
1988,9,26,47430,0.0300546,1.83e-05,56.1539454
1988,9,27,47431,0.0280705,1.82e-05,56.1559295
1988,9,28,47432,0.026333,1.8e-05,56.157667
1988,9,29,47433,0.0249138,1.78e-05,56.1590862
1988,9,30,47434,0.0238026,1.77e-05,56.1601974
1988,10,1,47435,0.0229221,1.76e-05,56.1610779
1988,10,2,47436,0.0221545,1.76e-05,56.1618455
1988,10,3,47437,0.02137,1.76e-05,56.16263
1988,10,4,47438,0.0204543,1.76e-05,56.1635457
1988,10,5,47439,0.0193301,1.76e-05,56.1646699
1988,10,6,47440,0.0179685,1.76e-05,56.1660315
1988,10,7,47441,0.0163826,1.75e-05,56.1676174
1988,10,8,47442,0.0146343,1.74e-05,56.1693657
1988,10,9,47443,0.012838,1.73e-05,56.171162
1988,10,10,47444,0.0110462,1.71e-05,56.1729538
1988,10,11,47445,0.0091961,1.71e-05,56.1748039
1988,10,12,47446,0.0073381,1.71e-05,56.1766619
1988,10,13,47447,0.005611,1.72e-05,56.178389
1988,10,14,47448,0.0041425,1.72e-05,56.1798575
1988,10,15,47449,0.002999,1.71e-05,56.181001
1988,10,16,47450,0.0021771,1.69e-05,56.1818229
1988,10,17,47451,0.0010279,1.66e-05,56.1829721
1988,10,18,47452,-0.0002423,1.62e-05,56.1842423
1988,10,19,47453,-0.0014573,1.58e-05,56.1854573
1988,10,20,47454,-0.0029212,1.58e-05,56.1869212
1988,10,21,47455,-0.0047631,1.57e-05,56.1887631
1988,10,22,47456,-0.0071531,1.56e-05,56.1911531
1988,10,23,47457,-0.0096344,1.54e-05,56.1936344
1988,10,24,47458,-0.0118218,1.51e-05,56.1958218
1988,10,25,47459,-0.0137608,1.48e-05,56.1977608
1988,10,26,47460,-0.0155878,1.45e-05,56.1995878
1988,10,27,47461,-0.0174279,1.41e-05,56.2014279
1988,10,28,47462,-0.0188267,1.36e-05,56.2028267
1988,10,29,47463,-0.0196819,1.31e-05,56.2036819
1988,10,30,47464,-0.0204466,1.27e-05,56.2044466
1988,10,31,47465,-0.021545,1.23e-05,56.205545
1988,11,1,47466,-0.022814,1.19e-05,56.206814
1988,11,2,47467,-0.0243072,1.14e-05,56.2083072
1988,11,3,47468,-0.0260263,1.09e-05,56.2100263
1988,11,4,47469,-0.0278521,1.04e-05,56.2118521
1988,11,5,47470,-0.029783,9.9e-06,56.213783
1988,11,6,47471,-0.03186,9.4e-06,56.21586
1988,11,7,47472,-0.03396,8.9e-06,56.21796
1988,11,8,47473,-0.0358659,8.5e-06,56.2198659
1988,11,9,47474,-0.0375605,8.1e-06,56.2215605
1988,11,10,47475,-0.0391428,7.7e-06,56.2231428
1988,11,11,47476,-0.040626,7.3e-06,56.224626
1988,11,12,47477,-0.041965,7.1e-06,56.225965
1988,11,13,47478,-0.0431788,7.3e-06,56.2271788
1988,11,14,47479,-0.0443842,7.5e-06,56.2283842
1988,11,15,47480,-0.0457322,7.6e-06,56.2297322
1988,11,16,47481,-0.0473462,7.8e-06,56.2313462
1988,11,17,47482,-0.0492856,7.9e-06,56.2332856
1988,11,18,47483,-0.0515282,8.1e-06,56.2355282
1988,11,19,47484,-0.0539717,8.3e-06,56.2379717
1988,11,20,47485,-0.0564603,8.5e-06,56.2404603
1988,11,21,47486,-0.0588281,8.7e-06,56.2428281
1988,11,22,47487,-0.0609422,9e-06,56.2449422
1988,11,23,47488,-0.0627364,9.2e-06,56.2467364
1988,11,24,47489,-0.0642267,9.5e-06,56.2482267
1988,11,25,47490,-0.0655018,9.7e-06,56.2495018
1988,11,26,47491,-0.0666883,9.9e-06,56.2506883
1988,11,27,47492,-0.0679097,1.01e-05,56.2519097
1988,11,28,47493,-0.069254,1.03e-05,56.253254
1988,11,29,47494,-0.0707626,1.05e-05,56.2547626
1988,11,30,47495,-0.0724378,1.07e-05,56.2564378
1988,12,1,47496,-0.0742623,1.1e-05,56.2582623
1988,12,2,47497,-0.0761903,1.13e-05,56.2601903
1988,12,3,47498,-0.0781494,1.16e-05,56.2621494
1988,12,4,47499,-0.0800574,1.2e-05,56.2640574
1988,12,5,47500,-0.0818408,1.22e-05,56.2658408
1988,12,6,47501,-0.0834566,1.25e-05,56.2674566
1988,12,7,47502,-0.0848955,1.28e-05,56.2688955
1988,12,8,47503,-0.0861736,1.31e-05,56.2701736
1988,12,9,47504,-0.0873242,1.34e-05,56.2713242
1988,12,10,47505,-0.0883949,1.36e-05,56.2723949
1988,12,11,47506,-0.0894449,1.39e-05,56.2734449
1988,12,12,47507,-0.0905486,1.43e-05,56.2745486
1988,12,13,47508,-0.0917788,1.48e-05,56.2757788
1988,12,14,47509,-0.0931877,1.52e-05,56.2771877
1988,12,15,47510,-0.094814,1.56e-05,56.278814
1988,12,16,47511,-0.0968877,1.61e-05,56.2808877
1988,12,17,47512,-0.0987664,1.64e-05,56.2827664
1988,12,18,47513,-0.100299,1.67e-05,56.284299
1988,12,19,47514,-0.1019324,1.69e-05,56.2859324
1988,12,20,47515,-0.1032242,1.71e-05,56.2872242
1988,12,21,47516,-0.1042029,1.71e-05,56.2882029
1988,12,22,47517,-0.1049932,1.7e-05,56.2889932
1988,12,23,47518,-0.105648,1.73e-05,56.289648
1988,12,24,47519,-0.106272,1.76e-05,56.290272
1988,12,25,47520,-0.1069694,1.78e-05,56.2909694
1988,12,26,47521,-0.1078189,1.81e-05,56.2918189
1988,12,27,47522,-0.1088641,1.85e-05,56.2928641
1988,12,28,47523,-0.1101119,1.88e-05,56.2941119
1988,12,29,47524,-0.1115349,1.92e-05,56.2955349
1988,12,30,47525,-0.1130744,1.96e-05,56.2970744
1988,12,31,47526,-0.1146438,1.99e-05,56.2986438
1989,1,1,47527,-0.1161499,1.64e-05,56.3001499
1989,1,2,47528,-0.1174924,1.66e-05,56.3014924
1989,1,3,47529,-0.1186357,1.69e-05,56.3026357
1989,1,4,47530,-0.1195877,1.69e-05,56.3035877
1989,1,5,47531,-0.1204134,1.7e-05,56.3044134
1989,1,6,47532,-0.1212064,1.71e-05,56.3052064
1989,1,7,47533,-0.1220489,1.69e-05,56.3060489
1989,1,8,47534,-0.122981,1.68e-05,56.306981
1989,1,9,47535,-0.1240381,1.66e-05,56.3080381
1989,1,10,47536,-0.1252816,1.63e-05,56.3092816
1989,1,11,47537,-0.1267599,1.61e-05,56.3107599
1989,1,12,47538,-0.1284617,1.59e-05,56.3124617
1989,1,13,47539,-0.1303032,1.57e-05,56.3143032
1989,1,14,47540,-0.1321415,1.54e-05,56.3161415
1989,1,15,47541,-0.1337755,1.52e-05,56.3177755
1989,1,16,47542,-0.1351228,1.5e-05,56.3191228
1989,1,17,47543,-0.1362067,1.49e-05,56.3202067
1989,1,18,47544,-0.1371101,1.47e-05,56.3211101
1989,1,19,47545,-0.1379318,1.45e-05,56.3219318
1989,1,20,47546,-0.1387269,1.43e-05,56.3227269
1989,1,21,47547,-0.1395377,1.41e-05,56.3235377
1989,1,22,47548,-0.1404691,1.37e-05,56.3244691
1989,1,23,47549,-0.1416349,1.34e-05,56.3256349
1989,1,24,47550,-0.1430787,1.33e-05,56.3270787
1989,1,25,47551,-0.1446083,1.34e-05,56.3286083
1989,1,26,47552,-0.1470074,1.33e-05,56.3310074
1989,1,27,47553,-0.1494386,1.32e-05,56.3334386
1989,1,28,47554,-0.1504358,1.3e-05,56.3344358
1989,1,29,47555,-0.1515077,1.29e-05,56.3355077
1989,1,30,47556,-0.1540102,1.28e-05,56.3380102
1989,1,31,47557,-0.155863,1.25e-05,56.339863
1989,2,1,47558,-0.1566115,1.23e-05,56.3406115
1989,2,2,47559,-0.1570099,1.2e-05,56.3410099
1989,2,3,47560,-0.1578861,1.18e-05,56.3418861
1989,2,4,47561,-0.1590632,1.16e-05,56.3430632
1989,2,5,47562,-0.1603227,1.14e-05,56.3443227
1989,2,6,47563,-0.1617541,1.12e-05,56.3457541
1989,2,7,47564,-0.1634515,1.09e-05,56.3474515
1989,2,8,47565,-0.1654731,1.09e-05,56.3494731
1989,2,9,47566,-0.1677917,1.08e-05,56.3517917
1989,2,10,47567,-0.1701241,1.07e-05,56.3541241
1989,2,11,47568,-0.1721119,1.06e-05,56.3561119
1989,2,12,47569,-0.1737467,1.04e-05,56.3577467
1989,2,13,47570,-0.1760617,1.04e-05,56.3600617
1989,2,14,47571,-0.1780407,1.03e-05,56.3620407
1989,2,15,47572,-0.1789667,1.02e-05,56.3629667
1989,2,16,47573,-0.1790789,1.01e-05,56.3630789
1989,2,17,47574,-0.1790255,1e-05,56.3630255
1989,2,18,47575,-0.1796633,9.9e-06,56.3636633
1989,2,19,47576,-0.1808495,9.8e-06,56.3648495
1989,2,20,47577,-0.1821695,9.6e-06,56.3661695
1989,2,21,47578,-0.1835695,9.5e-06,56.3675695
1989,2,22,47579,-0.1851468,9.4e-06,56.3691468
1989,2,23,47580,-0.1867854,9.4e-06,56.3707854
1989,2,24,47581,-0.1883874,9.4e-06,56.3723874
1989,2,25,47582,-0.1899243,9.4e-06,56.3739243
1989,2,26,47583,-0.1913769,9.4e-06,56.3753769
1989,2,27,47584,-0.1927273,9.5e-06,56.3767273
1989,2,28,47585,-0.1939536,9.4e-06,56.3779536
1989,3,1,47586,-0.1950159,9.4e-06,56.3790159
1989,3,2,47587,-0.1959646,9.4e-06,56.3799646
1989,3,3,47588,-0.1969326,9.4e-06,56.3809326
1989,3,4,47589,-0.1980573,9.2e-06,56.3820573
1989,3,5,47590,-0.1994109,9.2e-06,56.3834109
1989,3,6,47591,-0.2010968,9.2e-06,56.3850968
1989,3,7,47592,-0.2031661,9.1e-06,56.3871661
1989,3,8,47593,-0.2055596,9.1e-06,56.3895596
1989,3,9,47594,-0.2081265,9e-06,56.3921265
1989,3,10,47595,-0.2106651,9e-06,56.3946651
1989,3,11,47596,-0.212981,9e-06,56.396981
1989,3,12,47597,-0.2149447,9e-06,56.3989447
1989,3,13,47598,-0.2165228,9e-06,56.4005228
1989,3,14,47599,-0.2177772,9e-06,56.4017772
1989,3,15,47600,-0.218839,9.1e-06,56.402839
1989,3,16,47601,-0.2198757,9.2e-06,56.4038757
1989,3,17,47602,-0.2210448,9.4e-06,56.4050448
1989,3,18,47603,-0.2224516,9.5e-06,56.4064516
1989,3,19,47604,-0.2241276,9.7e-06,56.4081276
1989,3,20,47605,-0.2260257,9.8e-06,56.4100257
1989,3,21,47606,-0.2280172,9.9e-06,56.4120172
1989,3,22,47607,-0.230005,1e-05,56.414005
1989,3,23,47608,-0.2319334,1.01e-05,56.4159334
1989,3,24,47609,-0.2337752,1.02e-05,56.4177752
1989,3,25,47610,-0.2355169,1.04e-05,56.4195169
1989,3,26,47611,-0.2371362,1.07e-05,56.4211362
1989,3,27,47612,-0.2386043,1.1e-05,56.4226043
1989,3,28,47613,-0.2398862,1.12e-05,56.4238862
1989,3,29,47614,-0.2409781,1.16e-05,56.4249781
1989,3,30,47615,-0.242026,1.2e-05,56.426026
1989,3,31,47616,-0.2431083,1.23e-05,56.4271083
1989,4,1,47617,-0.2443121,1.27e-05,56.4283121
1989,4,2,47618,-0.2457567,1.3e-05,56.4297567
1989,4,3,47619,-0.2475023,1.32e-05,56.4315023
1989,4,4,47620,-0.2495241,1.35e-05,56.4335241
1989,4,5,47621,-0.2517215,1.37e-05,56.4357215
1989,4,6,47622,-0.2539301,1.37e-05,56.4379301
1989,4,7,47623,-0.2559735,1.39e-05,56.4399735
1989,4,8,47624,-0.2577296,1.4e-05,56.4417296
1989,4,9,47625,-0.2591697,1.4e-05,56.4431697
1989,4,10,47626,-0.2603589,1.4e-05,56.4443589
1989,4,11,47627,-0.2614193,1.4e-05,56.4454193
1989,4,12,47628,-0.2624817,1.4e-05,56.4464817
1989,4,13,47629,-0.26365,1.4e-05,56.44765
1989,4,14,47630,-0.2649873,1.4e-05,56.4489873
1989,4,15,47631,-0.2665191,1.4e-05,56.4505191
1989,4,16,47632,-0.2682411,1.4e-05,56.4522411
1989,4,17,47633,-0.2701255,1.39e-05,56.4541255
1989,4,18,47634,-0.2721272,1.39e-05,56.4561272
1989,4,19,47635,-0.2741854,1.38e-05,56.4581854
1989,4,20,47636,-0.2762005,1.36e-05,56.4602005
1989,4,21,47637,-0.2782726,1.35e-05,56.4622726
1989,4,22,47638,-0.2801973,1.37e-05,56.4641973
1989,4,23,47639,-0.2820341,1.41e-05,56.4660341
1989,4,24,47640,-0.2837736,1.45e-05,56.4677736
1989,4,25,47641,-0.2853817,1.49e-05,56.4693817
1989,4,26,47642,-0.2869051,1.53e-05,56.4709051
1989,4,27,47643,-0.2883996,1.56e-05,56.4723996
1989,4,28,47644,-0.2900879,1.59e-05,56.4740879
1989,4,29,47645,-0.2919521,1.62e-05,56.4759521
1989,4,30,47646,-0.294021,1.65e-05,56.478021
1989,5,1,47647,-0.2963752,1.68e-05,56.4803752
1989,5,2,47648,-0.2989737,1.71e-05,56.4829737
1989,5,3,47649,-0.3015101,1.73e-05,56.4855101
1989,5,4,47650,-0.303789,1.76e-05,56.487789
1989,5,5,47651,-0.3058181,1.77e-05,56.4898181
1989,5,6,47652,-0.3076888,1.79e-05,56.4916888
1989,5,7,47653,-0.3094335,1.8e-05,56.4934335
1989,5,8,47654,-0.3107036,1.8e-05,56.4947036
1989,5,9,47655,-0.3118662,1.8e-05,56.4958662
1989,5,10,47656,-0.3131358,1.8e-05,56.4971358
1989,5,11,47657,-0.3147542,1.8e-05,56.4987542
1989,5,12,47658,-0.3167897,1.8e-05,56.5007897
1989,5,13,47659,-0.3178979,1.78e-05,56.5018979
1989,5,14,47660,-0.3195238,1.76e-05,56.5035238
1989,5,15,47661,-0.3213792,1.74e-05,56.5053792
1989,5,16,47662,-0.3231026,1.71e-05,56.5071026
1989,5,17,47663,-0.325217,1.68e-05,56.509217
1989,5,18,47664,-0.3269214,1.63e-05,56.5109214
1989,5,19,47665,-0.3283945,1.58e-05,56.5123945
1989,5,20,47666,-0.3298882,1.53e-05,56.5138882
1989,5,21,47667,-0.3313126,1.49e-05,56.5153126
1989,5,22,47668,-0.3325844,1.44e-05,56.5165844
1989,5,23,47669,-0.3337716,1.4e-05,56.5177716
1989,5,24,47670,-0.3350301,1.36e-05,56.5190301
1989,5,25,47671,-0.3364448,1.31e-05,56.5204448
1989,5,26,47672,-0.3380342,1.3e-05,56.5220342
1989,5,27,47673,-0.339852,1.32e-05,56.523852
1989,5,28,47674,-0.3419608,1.34e-05,56.5259608
1989,5,29,47675,-0.3443367,1.36e-05,56.5283367
1989,5,30,47676,-0.3467848,1.37e-05,56.5307848
1989,5,31,47677,-0.3490462,1.38e-05,56.5330462
1989,6,1,47678,-0.3509947,1.39e-05,56.5349947
1989,6,2,47679,-0.3529723,1.38e-05,56.5369723
1989,6,3,47680,-0.354568,1.37e-05,56.538568
1989,6,4,47681,-0.3556913,1.36e-05,56.5396913
1989,6,5,47682,-0.3566275,1.37e-05,56.5406275
1989,6,6,47683,-0.3574832,1.39e-05,56.5414832
1989,6,7,47684,-0.3584541,1.42e-05,56.5424541
1989,6,8,47685,-0.3597234,1.44e-05,56.5437234
1989,6,9,47686,-0.3611222,1.47e-05,56.5451222
1989,6,10,47687,-0.3624932,1.48e-05,56.5464932
1989,6,11,47688,-0.363909,1.5e-05,56.547909
1989,6,12,47689,-0.365445,1.51e-05,56.549445
1989,6,13,47690,-0.3670068,1.52e-05,56.5510068
1989,6,14,47691,-0.3684754,1.52e-05,56.5524754
1989,6,15,47692,-0.3697609,1.53e-05,56.5537609
1989,6,16,47693,-0.3708019,1.53e-05,56.5548019
1989,6,17,47694,-0.3715893,1.53e-05,56.5555893
1989,6,18,47695,-0.3721762,1.53e-05,56.5561762
1989,6,19,47696,-0.3726743,1.52e-05,56.5566743
1989,6,20,47697,-0.3732207,1.51e-05,56.5572207
1989,6,21,47698,-0.3739358,1.51e-05,56.5579358
1989,6,22,47699,-0.3748967,1.5e-05,56.5588967
1989,6,23,47700,-0.3760973,1.49e-05,56.5600973
1989,6,24,47701,-0.377261,1.47e-05,56.561261
1989,6,25,47702,-0.3787759,1.45e-05,56.5627759
1989,6,26,47703,-0.3807346,1.42e-05,56.5647346
1989,6,27,47704,-0.3822008,1.38e-05,56.5662008
1989,6,28,47705,-0.3834229,1.34e-05,56.5674229
1989,6,29,47706,-0.3844584,1.31e-05,56.5684584
1989,6,30,47707,-0.385226,1.28e-05,56.569226
1989,7,1,47708,-0.3857365,1.25e-05,56.5697365
1989,7,2,47709,-0.3860465,1.23e-05,56.5700465
1989,7,3,47710,-0.3862652,1.2e-05,56.5702652
1989,7,4,47711,-0.3865923,1.18e-05,56.5705923
1989,7,5,47712,-0.387137,1.15e-05,56.571137
1989,7,6,47713,-0.3878822,1.13e-05,56.5718822
1989,7,7,47714,-0.3887777,1.12e-05,56.5727777
1989,7,8,47715,-0.3898471,1.09e-05,56.5738471
1989,7,9,47716,-0.3910239,1.07e-05,56.5750239
1989,7,10,47717,-0.3921801,1.05e-05,56.5761801
1989,7,11,47718,-0.3932568,1.03e-05,56.5772568
1989,7,12,47719,-0.3942439,1.01e-05,56.5782439
1989,7,13,47720,-0.3951441,9.9e-06,56.5791441
1989,7,14,47721,-0.3959104,9.7e-06,56.5799104
1989,7,15,47722,-0.396535,9.6e-06,56.580535
1989,7,16,47723,-0.3972331,9.4e-06,56.5812331
1989,7,17,47724,-0.3978816,9.3e-06,56.5818816
1989,7,18,47725,-0.3986001,9.1e-06,56.5826001
1989,7,19,47726,-0.3995089,9e-06,56.5835089
1989,7,20,47727,-0.4006393,9e-06,56.5846393
1989,7,21,47728,-0.402035,9.2e-06,56.586035
1989,7,22,47729,-0.4036975,9.3e-06,56.5876975
1989,7,23,47730,-0.4055389,9.4e-06,56.5895389
1989,7,24,47731,-0.4073404,9.5e-06,56.5913404
1989,7,25,47732,-0.408888,9.5e-06,56.592888
1989,7,26,47733,-0.4102273,9.6e-06,56.5942273
1989,7,27,47734,-0.4113054,9.7e-06,56.5953054
1989,7,28,47735,-0.4120213,9.7e-06,56.5960213
1989,7,29,47736,-0.4126417,9.6e-06,56.5966417
1989,7,30,47737,-0.4131722,9.6e-06,56.5971722
1989,7,31,47738,-0.4135148,9.8e-06,56.5975148
1989,8,1,47739,-0.4142579,1e-05,56.5982579
1989,8,2,47740,-0.4151258,1.01e-05,56.5991258
1989,8,3,47741,-0.4161661,1.02e-05,56.6001661
1989,8,4,47742,-0.4172714,1.03e-05,56.6012714
1989,8,5,47743,-0.4184492,1.04e-05,56.6024492
1989,8,6,47744,-0.4196368,1.05e-05,56.6036368
1989,8,7,47745,-0.4207893,1.06e-05,56.6047893
1989,8,8,47746,-0.4218978,1.07e-05,56.6058978
1989,8,9,47747,-0.4228993,1.08e-05,56.6068993
1989,8,10,47748,-0.423625,1.09e-05,56.607625
1989,8,11,47749,-0.4243764,1.1e-05,56.6083764
1989,8,12,47750,-0.425124,1.11e-05,56.609124
1989,8,13,47751,-0.425804,1.12e-05,56.609804
1989,8,14,47752,-0.4264695,1.13e-05,56.6104695
1989,8,15,47753,-0.4272215,1.14e-05,56.6112215
1989,8,16,47754,-0.4281916,1.16e-05,56.6121916
1989,8,17,47755,-0.4294935,1.16e-05,56.6134935
1989,8,18,47756,-0.4311647,1.16e-05,56.6151647
1989,8,19,47757,-0.4331329,1.17e-05,56.6171329
1989,8,20,47758,-0.435218,1.17e-05,56.619218
1989,8,21,47759,-0.4371945,1.18e-05,56.6211945
1989,8,22,47760,-0.4388764,1.17e-05,56.6228764
1989,8,23,47761,-0.4401841,1.17e-05,56.6241841
1989,8,24,47762,-0.4411556,1.17e-05,56.6251556
1989,8,25,47763,-0.4419239,1.16e-05,56.6259239
1989,8,26,47764,-0.4426341,1.16e-05,56.6266341
1989,8,27,47765,-0.4433309,1.15e-05,56.6273309
1989,8,28,47766,-0.4440812,1.14e-05,56.6280812
1989,8,29,47767,-0.4449747,1.12e-05,56.6289747
1989,8,30,47768,-0.4460738,1.11e-05,56.6300738
1989,8,31,47769,-0.447379,1.13e-05,56.631379
1989,9,1,47770,-0.4487336,1.15e-05,56.6327336
1989,9,2,47771,-0.4502346,1.17e-05,56.6342346
1989,9,3,47772,-0.4518001,1.18e-05,56.6358001
1989,9,4,47773,-0.4531774,1.18e-05,56.6371774
1989,9,5,47774,-0.4543057,1.19e-05,56.6383057
1989,9,6,47775,-0.4552148,1.19e-05,56.6392148
1989,9,7,47776,-0.4559723,1.19e-05,56.6399723
1989,9,8,47777,-0.4566596,1.18e-05,56.6406596
1989,9,9,47778,-0.45735,1.18e-05,56.64135
1989,9,10,47779,-0.4580609,1.17e-05,56.6420609
1989,9,11,47780,-0.4588323,1.16e-05,56.6428323
1989,9,12,47781,-0.4600152,1.16e-05,56.6440152
1989,9,13,47782,-0.4613237,1.16e-05,56.6453237
1989,9,14,47783,-0.4626062,1.16e-05,56.6466062
1989,9,15,47784,-0.4645284,1.14e-05,56.6485284
1989,9,16,47785,-0.4667339,1.12e-05,56.6507339
1989,9,17,47786,-0.468906,1.1e-05,56.652906
1989,9,18,47787,-0.4708795,1.08e-05,56.6548795
1989,9,19,47788,-0.4725716,1.07e-05,56.6565716
1989,9,20,47789,-0.4739707,1.05e-05,56.6579707
1989,9,21,47790,-0.4751313,1.04e-05,56.6591313
1989,9,22,47791,-0.4761458,1.01e-05,56.6601458
1989,9,23,47792,-0.4771399,9.9e-06,56.6611399
1989,9,24,47793,-0.4782347,9.7e-06,56.6622347
1989,9,25,47794,-0.479509,9.4e-06,56.663509
1989,9,26,47795,-0.4809888,9.2e-06,56.6649888
1989,9,27,47796,-0.4826161,8.9e-06,56.6666161
1989,9,28,47797,-0.4843183,8.7e-06,56.6683183
1989,9,29,47798,-0.4861665,8.4e-06,56.6701665
1989,9,30,47799,-0.488099,8.1e-06,56.672099
1989,10,1,47800,-0.4899388,7.8e-06,56.6739388
1989,10,2,47801,-0.4915837,7.5e-06,56.6755837
1989,10,3,47802,-0.493016,7.3e-06,56.677016
1989,10,4,47803,-0.4942769,7.1e-06,56.6782769
1989,10,5,47804,-0.4954426,6.9e-06,56.6794426
1989,10,6,47805,-0.4965911,6.7e-06,56.6805911
1989,10,7,47806,-0.4977583,6.5e-06,56.6817583
1989,10,8,47807,-0.4989965,6.3e-06,56.6829965
1989,10,9,47808,-0.5003943,6.1e-06,56.6843943
1989,10,10,47809,-0.5020435,6e-06,56.6860435
1989,10,11,47810,-0.5039965,5.9e-06,56.6879965
1989,10,12,47811,-0.5062859,5.7e-06,56.6902859
1989,10,13,47812,-0.5088296,5.6e-06,56.6928296
1989,10,14,47813,-0.5114654,5.4e-06,56.6954654
1989,10,15,47814,-0.5139981,5.2e-06,56.6979981
1989,10,16,47815,-0.5162708,5.1e-06,56.7002708
1989,10,17,47816,-0.5183215,5e-06,56.7023215
1989,10,18,47817,-0.5201662,4.9e-06,56.7041662
1989,10,19,47818,-0.5218861,4.8e-06,56.7058861
1989,10,20,47819,-0.523602,4.8e-06,56.707602
1989,10,21,47820,-0.5253912,4.8e-06,56.7093912
1989,10,22,47821,-0.5273423,4.7e-06,56.7113423
1989,10,23,47822,-0.5294733,4.7e-06,56.7134733
1989,10,24,47823,-0.5317927,4.7e-06,56.7157927
1989,10,25,47824,-0.534213,4.7e-06,56.718213
1989,10,26,47825,-0.5366362,4.6e-06,56.7206362
1989,10,27,47826,-0.5389457,4.6e-06,56.7229457
1989,10,28,47827,-0.5412439,4.6e-06,56.7252439
1989,10,29,47828,-0.5434642,4.7e-06,56.7274642
1989,10,30,47829,-0.545524,4.7e-06,56.729524
1989,10,31,47830,-0.5474337,4.8e-06,56.7314337
1989,11,1,47831,-0.5492188,4.9e-06,56.7332188
1989,11,2,47832,-0.5508772,5.1e-06,56.7348772
1989,11,3,47833,-0.5525022,5.3e-06,56.7365022
1989,11,4,47834,-0.5540368,5.5e-06,56.7380368
1989,11,5,47835,-0.555644,5.7e-06,56.739644
1989,11,6,47836,-0.5575143,5.8e-06,56.7415143
1989,11,7,47837,-0.5596796,6e-06,56.7436796
1989,11,8,47838,-0.5620162,6.2e-06,56.7460162
1989,11,9,47839,-0.5646581,6.4e-06,56.7486581
1989,11,10,47840,-0.5675282,6.5e-06,56.7515282
1989,11,11,47841,-0.5703348,6.7e-06,56.7543348
1989,11,12,47842,-0.5728842,6.8e-06,56.7568842
1989,11,13,47843,-0.5751405,7e-06,56.7591405
1989,11,14,47844,-0.5771935,7.1e-06,56.7611935
1989,11,15,47845,-0.5790772,7.3e-06,56.7630772
1989,11,16,47846,-0.5808417,7.4e-06,56.7648417
1989,11,17,47847,-0.582576,7.5e-06,56.766576
1989,11,18,47848,-0.5843926,7.7e-06,56.7683926
1989,11,19,47849,-0.5864964,7.8e-06,56.7704964
1989,11,20,47850,-0.5888111,7.9e-06,56.7728111
1989,11,21,47851,-0.5912383,8e-06,56.7752383
1989,11,22,47852,-0.5937461,8.1e-06,56.7777461
1989,11,23,47853,-0.5963031,8.2e-06,56.7803031
1989,11,24,47854,-0.5988552,8.3e-06,56.7828552
1989,11,25,47855,-0.60133,8.3e-06,56.78533
1989,11,26,47856,-0.6036438,8.4e-06,56.7876438
1989,11,27,47857,-0.6057472,8.5e-06,56.7897472
1989,11,28,47858,-0.6077025,8.5e-06,56.7917025
1989,11,29,47859,-0.6095595,8.5e-06,56.7935595
1989,11,30,47860,-0.6113474,8.5e-06,56.7953474
1989,12,1,47861,-0.6131239,8.4e-06,56.7971239
1989,12,2,47862,-0.6149612,8.4e-06,56.7989612
1989,12,3,47863,-0.6169255,8.3e-06,56.8009255
1989,12,4,47864,-0.6190618,8.2e-06,56.8030618
1989,12,5,47865,-0.6213801,8.1e-06,56.8053801
1989,12,6,47866,-0.6238418,8e-06,56.8078418
1989,12,7,47867,-0.6263757,7.8e-06,56.8103757
1989,12,8,47868,-0.6288894,7.7e-06,56.8128894
1989,12,9,47869,-0.6312801,7.6e-06,56.8152801
1989,12,10,47870,-0.6334604,7.4e-06,56.8174604
1989,12,11,47871,-0.6353862,7.3e-06,56.8193862
1989,12,12,47872,-0.6370769,7.2e-06,56.8210769
1989,12,13,47873,-0.6386125,7e-06,56.8226125
1989,12,14,47874,-0.6401064,7.2e-06,56.8241064
1989,12,15,47875,-0.6416645,7.4e-06,56.8256645
1989,12,16,47876,-0.6433636,7.5e-06,56.8273636
1989,12,17,47877,-0.6452363,7.7e-06,56.8292363
1989,12,18,47878,-0.6472709,7.9e-06,56.8312709
1989,12,19,47879,-0.6494246,8e-06,56.8334246
1989,12,20,47880,-0.6516376,8.2e-06,56.8356376
1989,12,21,47881,-0.6538135,8.3e-06,56.8378135
1989,12,22,47882,-0.6558856,8.4e-06,56.8398856
1989,12,23,47883,-0.6578225,8.6e-06,56.8418225
1989,12,24,47884,-0.6595814,8.6e-06,56.8435814
1989,12,25,47885,-0.6611392,8.7e-06,56.8451392
1989,12,26,47886,-0.6625273,8.7e-06,56.8465273
1989,12,27,47887,-0.6638099,8.8e-06,56.8478099
1989,12,28,47888,-0.6650707,8.9e-06,56.8490707
1989,12,29,47889,-0.6663945,8.9e-06,56.8503945
1989,12,30,47890,-0.6678444,8.9e-06,56.8518444
1989,12,31,47891,-0.6694706,9e-06,56.8534706
1990,1,1,47892,0.3286996,1.52e-05,56.8553004
1990,1,2,47893,0.3266677,1.54e-05,56.8573323
1990,1,3,47894,0.3244848,1.55e-05,56.8595152
1990,1,4,47895,0.3222376,1.57e-05,56.8617624
1990,1,5,47896,0.3200374,1.58e-05,56.8639626
1990,1,6,47897,0.3179953,1.6e-05,56.8660047
1990,1,7,47898,0.3161921,1.61e-05,56.8678079
1990,1,8,47899,0.3146525,1.63e-05,56.8693475
1990,1,9,47900,0.3133341,1.64e-05,56.8706659
1990,1,10,47901,0.3121405,1.66e-05,56.8718595
1990,1,11,47902,0.3109465,1.69e-05,56.8730535
1990,1,12,47903,0.3096049,1.74e-05,56.8743951
1990,1,13,47904,0.308064,1.79e-05,56.875936
1990,1,14,47905,0.3063705,1.85e-05,56.8776295
1990,1,15,47906,0.3044919,1.9e-05,56.8795081
1990,1,16,47907,0.3023926,1.96e-05,56.8816074
1990,1,17,47908,0.3002101,2.01e-05,56.8837899
1990,1,18,47909,0.2985856,2.04e-05,56.8854144
1990,1,19,47910,0.2969965,2.08e-05,56.8870035
1990,1,20,47911,0.2955043,2.12e-05,56.8884957
1990,1,21,47912,0.2941912,2.16e-05,56.8898088
1990,1,22,47913,0.2927953,2.19e-05,56.8912047
1990,1,23,47914,0.291455,2.2e-05,56.892545
1990,1,24,47915,0.2901813,2.22e-05,56.8938187
1990,1,25,47916,0.289004,2.24e-05,56.894996
1990,1,26,47917,0.2871859,2.25e-05,56.8968141
1990,1,27,47918,0.2854804,2.25e-05,56.8985196
1990,1,28,47919,0.283471,2.25e-05,56.900529
1990,1,29,47920,0.2810343,2.25e-05,56.9029657
1990,1,30,47921,0.2784508,2.26e-05,56.9055492
1990,1,31,47922,0.2758031,2.28e-05,56.9081969
1990,2,1,47923,0.2729886,2.29e-05,56.9110114
1990,2,2,47924,0.2702555,2.3e-05,56.9137445
1990,2,3,47925,0.2678869,2.29e-05,56.9161131
1990,2,4,47926,0.265829,2.28e-05,56.918171
1990,2,5,47927,0.2638326,2.28e-05,56.9201674
1990,2,6,47928,0.2617061,2.26e-05,56.9222939
1990,2,7,47929,0.2596553,2.23e-05,56.9243447
1990,2,8,47930,0.2575663,2.2e-05,56.9264337
1990,2,9,47931,0.2550607,2.18e-05,56.9289393
1990,2,10,47932,0.2529381,2.15e-05,56.9310619
1990,2,11,47933,0.2501444,2.11e-05,56.9338556
1990,2,12,47934,0.2471617,2.07e-05,56.9368383
1990,2,13,47935,0.2443518,2.02e-05,56.9396482
1990,2,14,47936,0.2416575,1.98e-05,56.9423425
1990,2,15,47937,0.2391219,1.94e-05,56.9448781
1990,2,16,47938,0.2367366,1.91e-05,56.9472634
1990,2,17,47939,0.2344759,1.89e-05,56.9495241
1990,2,18,47940,0.2324322,1.87e-05,56.9515678
1990,2,19,47941,0.2305273,1.86e-05,56.9534727
1990,2,20,47942,0.2287216,1.85e-05,56.9552784
1990,2,21,47943,0.2270756,1.84e-05,56.9569244
1990,2,22,47944,0.2254174,1.84e-05,56.9585826
1990,2,23,47945,0.2236038,1.83e-05,56.9603962
1990,2,24,47946,0.2215414,1.83e-05,56.9624586
1990,2,25,47947,0.2191817,1.82e-05,56.9648183
1990,2,26,47948,0.2165622,1.82e-05,56.9674378
1990,2,27,47949,0.2138027,1.81e-05,56.9701973
1990,2,28,47950,0.211069,1.8e-05,56.972931
1990,3,1,47951,0.2085171,1.78e-05,56.9754829
1990,3,2,47952,0.206243,1.77e-05,56.977757
1990,3,3,47953,0.2042568,1.76e-05,56.9797432
1990,3,4,47954,0.2024924,1.75e-05,56.9815076
1990,3,5,47955,0.2008374,1.73e-05,56.9831626
1990,3,6,47956,0.1991723,1.71e-05,56.9848277
1990,3,7,47957,0.197395,1.69e-05,56.986605
1990,3,8,47958,0.1954355,1.67e-05,56.9885645
1990,3,9,47959,0.1932612,1.66e-05,56.9907388
1990,3,10,47960,0.1908719999999999,1.64e-05,56.993128
1990,3,11,47961,0.1883217,1.63e-05,56.9956783
1990,3,12,47962,0.1857067,1.61e-05,56.9982933
1990,3,13,47963,0.1831378,1.59e-05,57.0008622
1990,3,14,47964,0.1807091,1.58e-05,57.0032909
1990,3,15,47965,0.1784749,1.56e-05,57.0055251
1990,3,16,47966,0.1764557,1.54e-05,57.0075443
1990,3,17,47967,0.1745399,1.51e-05,57.0094601
1990,3,18,47968,0.1726235,1.48e-05,57.0113765
1990,3,19,47969,0.1706833,1.45e-05,57.0133167
1990,3,20,47970,0.168705,1.42e-05,57.015295
1990,3,21,47971,0.1666286,1.39e-05,57.0173714
1990,3,22,47972,0.1643626,1.36e-05,57.0196374
1990,3,23,47973,0.1618333,1.33e-05,57.0221667
1990,3,24,47974,0.1590624,1.32e-05,57.0249376
1990,3,25,47975,0.1560307,1.31e-05,57.0279693
1990,3,26,47976,0.1527868,1.3e-05,57.0312132
1990,3,27,47977,0.1494978,1.28e-05,57.0345022
1990,3,28,47978,0.1463617,1.27e-05,57.0376383
1990,3,29,47979,0.1435342,1.29e-05,57.0404658
1990,3,30,47980,0.1410369,1.3e-05,57.0429631
1990,3,31,47981,0.1388582,1.32e-05,57.0451418
1990,4,1,47982,0.1369041,1.35e-05,57.0470959
1990,4,2,47983,0.1350093,1.38e-05,57.0489907
1990,4,3,47984,0.1330219,1.42e-05,57.0509781
1990,4,4,47985,0.1308485,1.45e-05,57.0531515
1990,4,5,47986,0.1284913,1.47e-05,57.0555087
1990,4,6,47987,0.1259928,1.49e-05,57.0580072
1990,4,7,47988,0.1234059,1.5e-05,57.0605941
1990,4,8,47989,0.120789,1.52e-05,57.063211
1990,4,9,47990,0.1181981,1.53e-05,57.0658019
1990,4,10,47991,0.1156866,1.54e-05,57.0683134
1990,4,11,47992,0.113299,1.55e-05,57.070701
1990,4,12,47993,0.1110634,1.55e-05,57.0729366
1990,4,13,47994,0.1089879,1.57e-05,57.0750121
1990,4,14,47995,0.1070578,1.57e-05,57.0769422
1990,4,15,47996,0.1052244,1.57e-05,57.0787756
1990,4,16,47997,0.1034418,1.56e-05,57.0805582
1990,4,17,47998,0.1016622,1.56e-05,57.0823378
1990,4,18,47999,0.0998038,1.56e-05,57.0841962
1990,4,19,48000,0.0977081,1.55e-05,57.0862919
1990,4,20,48001,0.0953303,1.55e-05,57.0886697
1990,4,21,48002,0.0926889,1.55e-05,57.0913111
1990,4,22,48003,0.0898328,1.56e-05,57.0941672
1990,4,23,48004,0.0868724,1.56e-05,57.0971276
1990,4,24,48005,0.0839586,1.56e-05,57.1000414
1990,4,25,48006,0.0812323,1.55e-05,57.1027677
1990,4,26,48007,0.0788389,1.54e-05,57.1051611
1990,4,27,48008,0.0768436,1.53e-05,57.1071564
1990,4,28,48009,0.0750913,1.54e-05,57.1089087
1990,4,29,48010,0.0735124,1.55e-05,57.1104876
1990,4,30,48011,0.0719989,1.56e-05,57.1120011
1990,5,1,48012,0.0704065,1.57e-05,57.1135935
1990,5,2,48013,0.0686377,1.58e-05,57.1153623
1990,5,3,48014,0.0666691,1.6e-05,57.1173309
1990,5,4,48015,0.0645996,1.61e-05,57.1194004
1990,5,5,48016,0.0624522,1.62e-05,57.1215478
1990,5,6,48017,0.0602735,1.62e-05,57.1237265
1990,5,7,48018,0.0581668,1.62e-05,57.1258332
1990,5,8,48019,0.0562168,1.62e-05,57.1277832
1990,5,9,48020,0.0544502,1.62e-05,57.1295498
1990,5,10,48021,0.0527749,1.61e-05,57.1312251
1990,5,11,48022,0.0511967,1.61e-05,57.1328033
1990,5,12,48023,0.0497767,1.59e-05,57.1342233
1990,5,13,48024,0.0484349,1.57e-05,57.1355651
1990,5,14,48025,0.047021,1.55e-05,57.136979
1990,5,15,48026,0.045419,1.52e-05,57.138581
1990,5,16,48027,0.0435785,1.52e-05,57.1404215
1990,5,17,48028,0.041554,1.52e-05,57.142446
1990,5,18,48029,0.0393512,1.53e-05,57.1446488
1990,5,19,48030,0.0369392,1.53e-05,57.1470608
1990,5,20,48031,0.0343506,1.53e-05,57.1496494
1990,5,21,48032,0.0316866,1.53e-05,57.1523134
1990,5,22,48033,0.0290902,1.53e-05,57.1549098
1990,5,23,48034,0.0267031,1.53e-05,57.1572969
1990,5,24,48035,0.0246019,1.52e-05,57.1593981
1990,5,25,48036,0.0227866,1.52e-05,57.1612134
1990,5,26,48037,0.0211924,1.53e-05,57.1628076
1990,5,27,48038,0.0196774,1.55e-05,57.1643226
1990,5,28,48039,0.0180793,1.57e-05,57.1659207
1990,5,29,48040,0.0162956,1.6e-05,57.1677044
1990,5,30,48041,0.0143313,1.62e-05,57.1696687
1990,5,31,48042,0.0122635,1.64e-05,57.1717365
1990,6,1,48043,0.0101656,1.66e-05,57.1738344
1990,6,2,48044,0.0080932,1.68e-05,57.1759068
1990,6,3,48045,0.0060946,1.7e-05,57.1779054
1990,6,4,48046,0.0042289,1.71e-05,57.1797711
1990,6,5,48047,0.002552,1.73e-05,57.181448
1990,6,6,48048,0.0010895,1.75e-05,57.1829105
1990,6,7,48049,-0.0001943,1.77e-05,57.1841943
1990,6,8,48050,-0.0013746,1.78e-05,57.1853746
1990,6,9,48051,-0.0025106,1.79e-05,57.1865106
1990,6,10,48052,-0.0036542,1.81e-05,57.1876542
1990,6,11,48053,-0.0048809,1.81e-05,57.1888809
1990,6,12,48054,-0.0063154,1.82e-05,57.1903154
1990,6,13,48055,-0.0079465,1.81e-05,57.1919465
1990,6,14,48056,-0.0097544,1.81e-05,57.1937544
1990,6,15,48057,-0.0117223,1.81e-05,57.1957223
1990,6,16,48058,-0.0138026,1.81e-05,57.1978026
1990,6,17,48059,-0.0159243,1.8e-05,57.1999243
1990,6,18,48060,-0.0179979,1.8e-05,57.2019979
1990,6,19,48061,-0.0199337,1.79e-05,57.2039337
1990,6,20,48062,-0.0216607,1.78e-05,57.2056607
1990,6,21,48063,-0.0231386,1.77e-05,57.2071386
1990,6,22,48064,-0.0244799,1.77e-05,57.2084799
1990,6,23,48065,-0.0256988,1.76e-05,57.2096988
1990,6,24,48066,-0.0269388,1.76e-05,57.2109388
1990,6,25,48067,-0.028345,1.76e-05,57.212345
1990,6,26,48068,-0.0299444,1.76e-05,57.2139444
1990,6,27,48069,-0.0316917,1.77e-05,57.2156917
1990,6,28,48070,-0.0335058,1.78e-05,57.2175058
1990,6,29,48071,-0.0352975,1.79e-05,57.2192975
1990,6,30,48072,-0.0369968,1.8e-05,57.2209968
1990,7,1,48073,-0.038569,1.79e-05,57.222569
1990,7,2,48074,-0.0400682,1.8e-05,57.2240682
1990,7,3,48075,-0.0413876,1.78e-05,57.2253876
1990,7,4,48076,-0.0425018,1.78e-05,57.2265018
1990,7,5,48077,-0.0434908,1.79e-05,57.2274908
1990,7,6,48078,-0.0444373,1.79e-05,57.2284373
1990,7,7,48079,-0.0454021,1.79e-05,57.2294021
1990,7,8,48080,-0.0463574,1.79e-05,57.2303574
1990,7,9,48081,-0.0473257,1.79e-05,57.2313257
1990,7,10,48082,-0.0483907,1.79e-05,57.2323907
1990,7,11,48083,-0.0496482,1.79e-05,57.2336482
1990,7,12,48084,-0.0512011,1.8e-05,57.2352011
1990,7,13,48085,-0.0528783,1.81e-05,57.2368783
1990,7,14,48086,-0.0545402,1.82e-05,57.2385402
1990,7,15,48087,-0.0561337,1.82e-05,57.2401337
1990,7,16,48088,-0.0575871,1.82e-05,57.2415871
1990,7,17,48089,-0.0588251,1.82e-05,57.2428251
1990,7,18,48090,-0.0598107,1.82e-05,57.2438107
1990,7,19,48091,-0.0605495,1.81e-05,57.2445495
1990,7,20,48092,-0.0611637,1.81e-05,57.2451637
1990,7,21,48093,-0.0618372,1.8e-05,57.2458372
1990,7,22,48094,-0.0626542,1.8e-05,57.2466542
1990,7,23,48095,-0.0637258,1.78e-05,57.2477258
1990,7,24,48096,-0.0650712,1.76e-05,57.2490712
1990,7,25,48097,-0.0665861,1.75e-05,57.2505861
1990,7,26,48098,-0.0680843,1.73e-05,57.2520843
1990,7,27,48099,-0.0695449,1.71e-05,57.2535449
1990,7,28,48100,-0.0709604,1.7e-05,57.2549604
1990,7,29,48101,-0.07231,1.68e-05,57.25631
1990,7,30,48102,-0.0735734,1.67e-05,57.2575734
1990,7,31,48103,-0.0747227,1.66e-05,57.2587227
1990,8,1,48104,-0.0757374,1.64e-05,57.2597374
1990,8,2,48105,-0.076621,1.62e-05,57.260621
1990,8,3,48106,-0.0774215,1.6e-05,57.2614215
1990,8,4,48107,-0.0782754,1.57e-05,57.2622754
1990,8,5,48108,-0.0792516,1.55e-05,57.2632516
1990,8,6,48109,-0.0804039,1.52e-05,57.2644039
1990,8,7,48110,-0.0818088,1.5e-05,57.2658088
1990,8,8,48111,-0.0834972,1.47e-05,57.2674972
1990,8,9,48112,-0.0854297,1.44e-05,57.2694297
1990,8,10,48113,-0.087441,1.41e-05,57.271441
1990,8,11,48114,-0.089431,1.37e-05,57.273431
1990,8,12,48115,-0.0913731,1.33e-05,57.2753731
1990,8,13,48116,-0.0931402,1.29e-05,57.2771402
1990,8,14,48117,-0.0946586,1.25e-05,57.2786586
1990,8,15,48118,-0.09597,1.2e-05,57.27997
1990,8,16,48119,-0.0971874,1.15e-05,57.2811874
1990,8,17,48120,-0.0984144,1.1e-05,57.2824144
1990,8,18,48121,-0.0997679,1.05e-05,57.2837679
1990,8,19,48122,-0.1013412,1e-05,57.2853412
1990,8,20,48123,-0.1031605,9.6e-06,57.2871605
1990,8,21,48124,-0.1051885,9.2e-06,57.2891885
1990,8,22,48125,-0.107341,9.3e-06,57.291341
1990,8,23,48126,-0.1095162,9.7e-06,57.2935162
1990,8,24,48127,-0.1116219,1e-05,57.2956219
1990,8,25,48128,-0.1135914,1.03e-05,57.2975914
1990,8,26,48129,-0.1153871,1.06e-05,57.2993871
1990,8,27,48130,-0.1169968,1.09e-05,57.3009968
1990,8,28,48131,-0.1184293,1.13e-05,57.3024293
1990,8,29,48132,-0.1197126,1.17e-05,57.3037126
1990,8,30,48133,-0.120893,1.2e-05,57.304893
1990,8,31,48134,-0.1220343,1.24e-05,57.3060343
1990,9,1,48135,-0.1232206,1.27e-05,57.3072206
1990,9,2,48136,-0.1245559,1.3e-05,57.3085559
1990,9,3,48137,-0.1261383,1.33e-05,57.3101383
1990,9,4,48138,-0.1280254,1.37e-05,57.3120254
1990,9,5,48139,-0.1302053,1.4e-05,57.3142053
1990,9,6,48140,-0.1325876,1.44e-05,57.3165876
1990,9,7,48141,-0.1350123,1.48e-05,57.3190123
1990,9,8,48142,-0.1373045,1.53e-05,57.3213045
1990,9,9,48143,-0.1393636,1.57e-05,57.3233636
1990,9,10,48144,-0.1411699,1.63e-05,57.3251699
1990,9,11,48145,-0.1426875,1.68e-05,57.3266875
1990,9,12,48146,-0.1440529,1.72e-05,57.3280529
1990,9,13,48147,-0.1454261,1.75e-05,57.3294261
1990,9,14,48148,-0.1469199,1.77e-05,57.3309199
1990,9,15,48149,-0.1486231,1.8e-05,57.3326231
1990,9,16,48150,-0.1505696,1.82e-05,57.3345696
1990,9,17,48151,-0.1527374,1.83e-05,57.3367374
1990,9,18,48152,-0.1550588,1.85e-05,57.3390588
1990,9,19,48153,-0.157439,1.87e-05,57.341439
1990,9,20,48154,-0.1597801,1.89e-05,57.3437801
1990,9,21,48155,-0.1620029,1.89e-05,57.3460029
1990,9,22,48156,-0.1640571,1.9e-05,57.3480571
1990,9,23,48157,-0.165936,1.91e-05,57.349936
1990,9,24,48158,-0.1676697,1.92e-05,57.3516697
1990,9,25,48159,-0.1693069,1.93e-05,57.3533069
1990,9,26,48160,-0.1709028,1.93e-05,57.3549028
1990,9,27,48161,-0.172497,1.93e-05,57.356497
1990,9,28,48162,-0.1741582,1.92e-05,57.3581582
1990,9,29,48163,-0.175978,1.91e-05,57.359978
1990,9,30,48164,-0.1780199,1.9e-05,57.3620199
1990,10,1,48165,-0.1803124,1.88e-05,57.3643124
1990,10,2,48166,-0.1828456,1.85e-05,57.3668456
1990,10,3,48167,-0.1855594,1.83e-05,57.3695594
1990,10,4,48168,-0.1883453,1.81e-05,57.3723453
1990,10,5,48169,-0.1910876,1.8e-05,57.3750876
1990,10,6,48170,-0.1936676,1.79e-05,57.3776676
1990,10,7,48171,-0.19587,1.8e-05,57.37987
1990,10,8,48172,-0.1977836,1.83e-05,57.3817836
1990,10,9,48173,-0.1996939,1.84e-05,57.3836939
1990,10,10,48174,-0.2015205,1.84e-05,57.3855205
1990,10,11,48175,-0.2033175,1.85e-05,57.3873175
1990,10,12,48176,-0.2052154,1.84e-05,57.3892154
1990,10,13,48177,-0.2072814,1.83e-05,57.3912814
1990,10,14,48178,-0.2095301,1.83e-05,57.3935301
1990,10,15,48179,-0.2119239,1.83e-05,57.3959239
1990,10,16,48180,-0.2143747,1.82e-05,57.3983747
1990,10,17,48181,-0.2167069,1.81e-05,57.4007069
1990,10,18,48182,-0.2189351,1.8e-05,57.4029351
1990,10,19,48183,-0.2210743,1.79e-05,57.4050743
1990,10,20,48184,-0.22306,1.79e-05,57.40706
1990,10,21,48185,-0.2248469,1.79e-05,57.4088469
1990,10,22,48186,-0.2265153,1.78e-05,57.4105153
1990,10,23,48187,-0.2281972,1.76e-05,57.4121972
1990,10,24,48188,-0.2299102,1.74e-05,57.4139102
1990,10,25,48189,-0.2316958,1.73e-05,57.4156958
1990,10,26,48190,-0.233625,1.71e-05,57.417625
1990,10,27,48191,-0.2357005,1.71e-05,57.4197005
1990,10,28,48192,-0.2380001,1.72e-05,57.4220001
1990,10,29,48193,-0.2406203,1.73e-05,57.4246203
1990,10,30,48194,-0.2434339,1.76e-05,57.4274339
1990,10,31,48195,-0.2463775,1.78e-05,57.4303775
1990,11,1,48196,-0.2493811,1.8e-05,57.4333811
1990,11,2,48197,-0.2522761,1.82e-05,57.4362761
1990,11,3,48198,-0.2549188,1.84e-05,57.4389188
1990,11,4,48199,-0.2572606,1.87e-05,57.4412606
1990,11,5,48200,-0.259333,1.88e-05,57.443333
1990,11,6,48201,-0.2611962,1.9e-05,57.4451962
1990,11,7,48202,-0.2629596,1.91e-05,57.4469596
1990,11,8,48203,-0.2649047,1.92e-05,57.4489047
1990,11,9,48204,-0.2671511,1.94e-05,57.4511511
1990,11,10,48205,-0.2696146,1.95e-05,57.4536146
1990,11,11,48206,-0.2722294,1.96e-05,57.4562294
1990,11,12,48207,-0.2749241,1.95e-05,57.4589241
1990,11,13,48208,-0.27751,1.94e-05,57.46151
1990,11,14,48209,-0.279951,1.92e-05,57.463951
1990,11,15,48210,-0.2822975,1.9e-05,57.4662975
1990,11,16,48211,-0.2844695,1.88e-05,57.4684695
1990,11,17,48212,-0.2864159,1.86e-05,57.4704159
1990,11,18,48213,-0.288176,1.84e-05,57.472176
1990,11,19,48214,-0.2898282,1.81e-05,57.4738282
1990,11,20,48215,-0.2914701,1.79e-05,57.4754701
1990,11,21,48216,-0.2931741,1.78e-05,57.4771741
1990,11,22,48217,-0.2949885,1.76e-05,57.4789885
1990,11,23,48218,-0.296964,1.75e-05,57.480964
1990,11,24,48219,-0.2991434,1.74e-05,57.4831434
1990,11,25,48220,-0.3015447,1.72e-05,57.4855447
1990,11,26,48221,-0.3041398,1.71e-05,57.4881398
1990,11,27,48222,-0.3068641,1.69e-05,57.4908641
1990,11,28,48223,-0.3096429,1.67e-05,57.4936429
1990,11,29,48224,-0.3124394,1.64e-05,57.4964394
1990,11,30,48225,-0.3151086,1.6e-05,57.4991086
1990,12,1,48226,-0.3175497,1.6e-05,57.5015497
1990,12,2,48227,-0.3197669,1.61e-05,57.5037669
1990,12,3,48228,-0.3218418,1.63e-05,57.5058418
1990,12,4,48229,-0.3239019,1.65e-05,57.5079019
1990,12,5,48230,-0.3260627,1.66e-05,57.5100627
1990,12,6,48231,-0.3283665,1.66e-05,57.5123665
1990,12,7,48232,-0.3307874,1.66e-05,57.5147874
1990,12,8,48233,-0.3332855,1.65e-05,57.5172855
1990,12,9,48234,-0.3358151,1.65e-05,57.5198151
1990,12,10,48235,-0.3383181,1.64e-05,57.5223181
1990,12,11,48236,-0.3407164,1.62e-05,57.5247164
1990,12,12,48237,-0.3429243,1.61e-05,57.5269243
1990,12,13,48238,-0.3448367,1.59e-05,57.5288367
1990,12,14,48239,-0.346487,1.58e-05,57.530487
1990,12,15,48240,-0.3480159,1.56e-05,57.5320159
1990,12,16,48241,-0.3494917,1.58e-05,57.5334917
1990,12,17,48242,-0.350929,1.6e-05,57.534929
1990,12,18,48243,-0.3523421,1.63e-05,57.5363421
1990,12,19,48244,-0.3537836,1.64e-05,57.5377836
1990,12,20,48245,-0.355427,1.67e-05,57.539427
1990,12,21,48246,-0.3573236,1.71e-05,57.5413236
1990,12,22,48247,-0.3594089,1.74e-05,57.5434089
1990,12,23,48248,-0.3616467,1.77e-05,57.5456467
1990,12,24,48249,-0.36402,1.8e-05,57.54802
1990,12,25,48250,-0.3664907,1.82e-05,57.5504907
1990,12,26,48251,-0.3689883,1.83e-05,57.5529883
1990,12,27,48252,-0.3714206,1.85e-05,57.5554206
1990,12,28,48253,-0.373696,1.86e-05,57.557696
1990,12,29,48254,-0.3757554,1.87e-05,57.5597554
1990,12,30,48255,-0.3776128,1.86e-05,57.5616128
1990,12,31,48256,-0.3793804,1.86e-05,57.5633804
1991,1,1,48257,0.6187785,1.46e-05,57.5652215
1991,1,2,48258,0.6167176,1.45e-05,57.5672824
1991,1,3,48259,0.6143742,1.43e-05,57.5696258
1991,1,4,48260,0.6117903,1.42e-05,57.5722097
1991,1,5,48261,0.609136,1.4e-05,57.574864
1991,1,6,48262,0.6065096,1.38e-05,57.5774904
1991,1,7,48263,0.6039076,1.36e-05,57.5800924
1991,1,8,48264,0.6013777,1.33e-05,57.5826223
1991,1,9,48265,0.5990656,1.31e-05,57.5849344
1991,1,10,48266,0.5969487,1.3e-05,57.5870513
1991,1,11,48267,0.5949671,1.28e-05,57.5890329
1991,1,12,48268,0.5930925,1.26e-05,57.5909075
1991,1,13,48269,0.5912828,1.24e-05,57.5927172
1991,1,14,48270,0.5894877,1.23e-05,57.5945123
1991,1,15,48271,0.5876512,1.23e-05,57.5963488
1991,1,16,48272,0.5857218,1.22e-05,57.5982782
1991,1,17,48273,0.5836638,1.22e-05,57.6003362
1991,1,18,48274,0.5814643,1.21e-05,57.6025357
1991,1,19,48275,0.579144,1.18e-05,57.604856
1991,1,20,48276,0.576732,1.16e-05,57.607268
1991,1,21,48277,0.5742669,1.14e-05,57.6097331
1991,1,22,48278,0.5718052,1.12e-05,57.6121948
1991,1,23,48279,0.5694177,1.1e-05,57.6145823
1991,1,24,48280,0.5671753,1.08e-05,57.6168247
1991,1,25,48281,0.5651473,1.05e-05,57.6188527
1991,1,26,48282,0.5633119,1.03e-05,57.6206881
1991,1,27,48283,0.5615524,1e-05,57.6224476
1991,1,28,48284,0.5597236,9.9e-06,57.6242764
1991,1,29,48285,0.557712,9.6e-06,57.626288
1991,1,30,48286,0.5555505,9.3e-06,57.6284495
1991,1,31,48287,0.5532309,9.1e-06,57.6307691
1991,2,1,48288,0.5507036,9.1e-06,57.6332964
1991,2,2,48289,0.548035,9.3e-06,57.635965
1991,2,3,48290,0.5453614,9.5e-06,57.6386386
1991,2,4,48291,0.5428045,9.7e-06,57.6411955
1991,2,5,48292,0.5404438,9.9e-06,57.6435562
1991,2,6,48293,0.5383043,1.01e-05,57.6456957
1991,2,7,48294,0.5363476,1.02e-05,57.6476524
1991,2,8,48295,0.5345039,1.02e-05,57.6494961
1991,2,9,48296,0.5327299,1.02e-05,57.6512701
1991,2,10,48297,0.5309742,1.02e-05,57.6530258
1991,2,11,48298,0.5291675,1.02e-05,57.6548325
1991,2,12,48299,0.5272433,1.01e-05,57.6567567
1991,2,13,48300,0.5251505,1.01e-05,57.6588495
1991,2,14,48301,0.5228754,1.02e-05,57.6611246
1991,2,15,48302,0.5204135,1.03e-05,57.6635865
1991,2,16,48303,0.5177908,1.05e-05,57.6662092
1991,2,17,48304,0.5150836,1.06e-05,57.6689164
1991,2,18,48305,0.5123976,1.07e-05,57.6716024
1991,2,19,48306,0.5098452,1.09e-05,57.6741548
1991,2,20,48307,0.5075069,1.1e-05,57.6764931
1991,2,21,48308,0.5053983,1.12e-05,57.6786017
1991,2,22,48309,0.5034452,1.14e-05,57.6805548
1991,2,23,48310,0.5015217,1.15e-05,57.6824783
1991,2,24,48311,0.499529,1.16e-05,57.684471
1991,2,25,48312,0.4973997,1.17e-05,57.6866003
1991,2,26,48313,0.4950845,1.18e-05,57.6889155
1991,2,27,48314,0.4925156,1.18e-05,57.6914844
1991,2,28,48315,0.4896751,1.18e-05,57.6943249
1991,3,1,48316,0.4867554,1.16e-05,57.6972446
1991,3,2,48317,0.4838305,1.15e-05,57.7001695
1991,3,3,48318,0.4809446,1.13e-05,57.7030554
1991,3,4,48319,0.4782298,1.11e-05,57.7057702
1991,3,5,48320,0.4757933,1.09e-05,57.7082067
1991,3,6,48321,0.4736686,1.06e-05,57.7103314
1991,3,7,48322,0.4718165,1.04e-05,57.7121835
1991,3,8,48323,0.4701469,1.02e-05,57.7138531
1991,3,9,48324,0.4685447,1e-05,57.7154553
1991,3,10,48325,0.4668966,9.7e-06,57.7171034
1991,3,11,48326,0.4651179,9.5e-06,57.7188821
1991,3,12,48327,0.4631576,9.3e-06,57.7208424
1991,3,13,48328,0.4609905,9e-06,57.7230095
1991,3,14,48329,0.4586119,8.8e-06,57.7253881
1991,3,15,48330,0.4560398,8.5e-06,57.7279602
1991,3,16,48331,0.4532578,8.6e-06,57.7307422
1991,3,17,48332,0.450343,8.8e-06,57.733657
1991,3,18,48333,0.4474422,9.1e-06,57.7365578
1991,3,19,48334,0.4446862,9.4e-06,57.7393138
1991,3,20,48335,0.4421638,9.6e-06,57.7418362
1991,3,21,48336,0.4398826,9.9e-06,57.7441174
1991,3,22,48337,0.4377789,1.01e-05,57.7462211
1991,3,23,48338,0.4357664,1.04e-05,57.7482336
1991,3,24,48339,0.4337539,1.07e-05,57.7502461
1991,3,25,48340,0.4316432,1.1e-05,57.7523568
1991,3,26,48341,0.42932,1.11e-05,57.75468
1991,3,27,48342,0.42672,1.12e-05,57.75728
1991,3,28,48343,0.4238967,1.13e-05,57.7601033
1991,3,29,48344,0.4209841,1.14e-05,57.7630159
1991,3,30,48345,0.418133,1.14e-05,57.765867
1991,3,31,48346,0.4154425,1.15e-05,57.7685575
1991,4,1,48347,0.4129458,1.16e-05,57.7710542
1991,4,2,48348,0.4106281,1.16e-05,57.7733719
1991,4,3,48349,0.4084543,1.16e-05,57.7755457
1991,4,4,48350,0.4064097,1.16e-05,57.7775903
1991,4,5,48351,0.4044698,1.16e-05,57.7795302
1991,4,6,48352,0.4025658,1.16e-05,57.7814342
1991,4,7,48353,0.4006101,1.16e-05,57.7833899
1991,4,8,48354,0.398536,1.16e-05,57.785464
1991,4,9,48355,0.3963181,1.15e-05,57.7876819
1991,4,10,48356,0.3940393,1.14e-05,57.7899607
1991,4,11,48357,0.3917652,1.13e-05,57.7922348
1991,4,12,48358,0.3892182,1.12e-05,57.7947818
1991,4,13,48359,0.3863767,1.1e-05,57.7976233
1991,4,14,48360,0.383543,1.07e-05,57.800457
1991,4,15,48361,0.3808887,1.05e-05,57.8031113
1991,4,16,48362,0.378455,1.03e-05,57.805545
1991,4,17,48363,0.3762324,1e-05,57.8077676
1991,4,18,48364,0.3742175,9.7e-06,57.8097825
1991,4,19,48365,0.3723488,9.5e-06,57.8116512
1991,4,20,48366,0.3704525,9.5e-06,57.8135475
1991,4,21,48367,0.3683745,9.8e-06,57.8156255
1991,4,22,48368,0.3660486,1e-05,57.8179514
1991,4,23,48369,0.363482,1.03e-05,57.820518
1991,4,24,48370,0.3607366,1.05e-05,57.8232634
1991,4,25,48371,0.3578971,1.07e-05,57.8261029
1991,4,26,48372,0.355068,1.09e-05,57.828932
1991,4,27,48373,0.3523482,1.11e-05,57.8316518
1991,4,28,48374,0.3498017,1.12e-05,57.8341983
1991,4,29,48375,0.347451,1.14e-05,57.836549
1991,4,30,48376,0.3452844,1.16e-05,57.8387156
1991,5,1,48377,0.3432667,1.17e-05,57.8407333
1991,5,2,48378,0.3413516,1.19e-05,57.8426484
1991,5,3,48379,0.3394846,1.19e-05,57.8445154
1991,5,4,48380,0.3376105,1.19e-05,57.8463895
1991,5,5,48381,0.3356578,1.2e-05,57.8483422
1991,5,6,48382,0.3335513,1.2e-05,57.8504487
1991,5,7,48383,0.3312391,1.2e-05,57.8527609
1991,5,8,48384,0.3287183,1.2e-05,57.8552817
1991,5,9,48385,0.3260468,1.19e-05,57.8579532
1991,5,10,48386,0.3232727,1.19e-05,57.8607273
1991,5,11,48387,0.3204445,1.18e-05,57.8635555
1991,5,12,48388,0.3176454,1.17e-05,57.8663546
1991,5,13,48389,0.314971,1.17e-05,57.869029
1991,5,14,48390,0.3124933,1.17e-05,57.8715067
1991,5,15,48391,0.3102239,1.15e-05,57.8737761
1991,5,16,48392,0.3081042,1.14e-05,57.8758958
1991,5,17,48393,0.3060577,1.12e-05,57.8779423
1991,5,18,48394,0.3040003,1.1e-05,57.8799997
1991,5,19,48395,0.3018537,1.08e-05,57.8821463
1991,5,20,48396,0.2995795,1.06e-05,57.8844205
1991,5,21,48397,0.2971973,1.04e-05,57.8868027
1991,5,22,48398,0.2947853,1.02e-05,57.8892147
1991,5,23,48399,0.292464,1.02e-05,57.891536
1991,5,24,48400,0.2903177,1.05e-05,57.8936823
1991,5,25,48401,0.2883836,1.07e-05,57.8956164
1991,5,26,48402,0.286669,1.09e-05,57.897331
1991,5,27,48403,0.285149,1.12e-05,57.898851
1991,5,28,48404,0.2837678,1.15e-05,57.9002322
1991,5,29,48405,0.2824473,1.16e-05,57.9015527
1991,5,30,48406,0.2810974,1.18e-05,57.9029026
1991,5,31,48407,0.2796552,1.19e-05,57.9043448
1991,6,1,48408,0.2781315,1.19e-05,57.9058685
1991,6,2,48409,0.2765245,1.19e-05,57.9074755
1991,6,3,48410,0.2747907,1.18e-05,57.9092093
1991,6,4,48411,0.2728817,1.18e-05,57.9111183
1991,6,5,48412,0.2707698,1.17e-05,57.9132302
1991,6,6,48413,0.2684813,1.16e-05,57.9155187
1991,6,7,48414,0.2660871,1.15e-05,57.9179129
1991,6,8,48415,0.2636803,1.15e-05,57.9203197
1991,6,9,48416,0.2613406,1.15e-05,57.9226594
1991,6,10,48417,0.2591213,1.14e-05,57.9248787
1991,6,11,48418,0.2570413,1.13e-05,57.9269587
1991,6,12,48419,0.2550883,1.12e-05,57.9289117
1991,6,13,48420,0.2532312,1.1e-05,57.9307688
1991,6,14,48421,0.2513811,1.09e-05,57.9326189
1991,6,15,48422,0.2494392,1.08e-05,57.9345608
1991,6,16,48423,0.2473596,1.06e-05,57.9366404
1991,6,17,48424,0.2451651,1.05e-05,57.9388349
1991,6,18,48425,0.242933,1.04e-05,57.941067
1991,6,19,48426,0.2407643,1.02e-05,57.9432357
1991,6,20,48427,0.2387512,1.01e-05,57.9452488
1991,6,21,48428,0.236956,9.9e-06,57.947044
1991,6,22,48429,0.2354051,9.7e-06,57.9485949
1991,6,23,48430,0.2340913,9.6e-06,57.9499087
1991,6,24,48431,0.2329833,9.5e-06,57.9510167
1991,6,25,48432,0.2320337,9.4e-06,57.9519663
1991,6,26,48433,0.2311901,9.2e-06,57.9528099
1991,6,27,48434,0.2304019,9e-06,57.9535981
1991,6,28,48435,0.2295804,8.8e-06,57.9544196
1991,6,29,48436,0.2286829,8.6e-06,57.9553171
1991,6,30,48437,0.2276433,8.6e-06,57.9563567
1991,7,1,48438,0.2264507,8.8e-06,57.9575493
1991,7,2,48439,0.2251443,8.9e-06,57.9588557
1991,7,3,48440,0.223719,9e-06,57.960281
1991,7,4,48441,0.2221542,9e-06,57.9618458
1991,7,5,48442,0.2205518,9.1e-06,57.9634482
1991,7,6,48443,0.2190502,9e-06,57.9649498
1991,7,7,48444,0.2177262,9e-06,57.9662738
1991,7,8,48445,0.2166088,9e-06,57.9673912
1991,7,9,48446,0.2156645,9e-06,57.9683355
1991,7,10,48447,0.2148193,8.9e-06,57.9691807
1991,7,11,48448,0.2139802,8.8e-06,57.9700198
1991,7,12,48449,0.2129273,9e-06,57.9710727
1991,7,13,48450,0.2116301,9.2e-06,57.9723699
1991,7,14,48451,0.2101131,9.5e-06,57.9738869
1991,7,15,48452,0.2083032,9.7e-06,57.9756968
1991,7,16,48453,0.20636,1e-05,57.97764
1991,7,17,48454,0.2045477,1.02e-05,57.9794523
1991,7,18,48455,0.2029027,1.04e-05,57.9810973
1991,7,19,48456,0.201427,1.06e-05,57.982573
1991,7,20,48457,0.2001316,1.08e-05,57.9838684
1991,7,21,48458,0.1991118,1.1e-05,57.9848882
1991,7,22,48459,0.1982929,1.12e-05,57.9857071
1991,7,23,48460,0.1974561,1.14e-05,57.9865439
1991,7,24,48461,0.1966296,1.16e-05,57.9873704
1991,7,25,48462,0.195781,1.18e-05,57.988219
1991,7,26,48463,0.1948161,1.2e-05,57.9891839
1991,7,27,48464,0.1936997,1.21e-05,57.9903003
1991,7,28,48465,0.1924451,1.23e-05,57.9915549
1991,7,29,48466,0.1910751,1.24e-05,57.9929249
1991,7,30,48467,0.1895095,1.26e-05,57.9944905
1991,7,31,48468,0.1879838,1.27e-05,57.9960162
1991,8,1,48469,0.1865646,1.28e-05,57.9974354
1991,8,2,48470,0.1852011,1.29e-05,57.9987989
1991,8,3,48471,0.1838992,1.29e-05,58.0001008
1991,8,4,48472,0.1827618,1.3e-05,58.0012382
1991,8,5,48473,0.18181,1.3e-05,58.00219
1991,8,6,48474,0.1809643,1.3e-05,58.0030357
1991,8,7,48475,0.1801192,1.29e-05,58.0038808
1991,8,8,48476,0.1791598,1.28e-05,58.0048402
1991,8,9,48477,0.1779809,1.28e-05,58.0060191
1991,8,10,48478,0.1765286,1.27e-05,58.0074714
1991,8,11,48479,0.1748281,1.26e-05,58.0091719
1991,8,12,48480,0.1729696,1.25e-05,58.0110304
1991,8,13,48481,0.1710692,1.24e-05,58.0129308
1991,8,14,48482,0.1692264,1.22e-05,58.0147736
1991,8,15,48483,0.1674982,1.2e-05,58.0165018
1991,8,16,48484,0.1659105,1.19e-05,58.0180895
1991,8,17,48485,0.1644778,1.18e-05,58.0195222
1991,8,18,48486,0.1632556,1.16e-05,58.0207444
1991,8,19,48487,0.162206,1.15e-05,58.021794
1991,8,20,48488,0.1611982,1.13e-05,58.0228018
1991,8,21,48489,0.160131,1.1e-05,58.023869
1991,8,22,48490,0.159,1.08e-05,58.025
1991,8,23,48491,0.1577897,1.08e-05,58.0262103
1991,8,24,48492,0.1563862,1.09e-05,58.0276138
1991,8,25,48493,0.1547403,1.11e-05,58.0292597
1991,8,26,48494,0.1529043,1.12e-05,58.0310957
1991,8,27,48495,0.1509456,1.12e-05,58.0330544
1991,8,28,48496,0.1488246,1.12e-05,58.0351754
1991,8,29,48497,0.1467338,1.12e-05,58.0372662
1991,8,30,48498,0.1448748,1.11e-05,58.0391252
1991,8,31,48499,0.143172,1.1e-05,58.040828
1991,9,1,48500,0.1415242,1.08e-05,58.0424758
1991,9,2,48501,0.1399087,1.07e-05,58.0440913
1991,9,3,48502,0.1382947,1.06e-05,58.0457053
1991,9,4,48503,0.1366182,1.04e-05,58.0473818
1991,9,5,48504,0.1347638,1.02e-05,58.0492362
1991,9,6,48505,0.1326382,1.01e-05,58.0513618
1991,9,7,48506,0.1302386,9.9e-06,58.0537614
1991,9,8,48507,0.127663,1e-05,58.056337
1991,9,9,48508,0.1250193,1.02e-05,58.0589807
1991,9,10,48509,0.1223951,1.04e-05,58.0616049
1991,9,11,48510,0.1199197999999999,1.05e-05,58.0640802
1991,9,12,48511,0.1176465,1.06e-05,58.0663535
1991,9,13,48512,0.1155561,1.08e-05,58.0684439
1991,9,14,48513,0.1136208,1.09e-05,58.0703792
1991,9,15,48514,0.1118826,1.1e-05,58.0721174
1991,9,16,48515,0.1103216,1.11e-05,58.0736784
1991,9,17,48516,0.1088301,1.11e-05,58.0751699
1991,9,18,48517,0.1072948,1.11e-05,58.0767052
1991,9,19,48518,0.1056439,1.11e-05,58.0783561
1991,9,20,48519,0.1038381,1.11e-05,58.0801619
1991,9,21,48520,0.1018655,1.11e-05,58.0821345
1991,9,22,48521,0.0997252,1.1e-05,58.0842748
1991,9,23,48522,0.0974275,1.1e-05,58.0865725
1991,9,24,48523,0.0950022,1.1e-05,58.0889978
1991,9,25,48524,0.0925032,1.09e-05,58.0914968
1991,9,26,48525,0.0900063,1.08e-05,58.0939937
1991,9,27,48526,0.0876018,1.06e-05,58.0963982
1991,9,28,48527,0.0853879,1.05e-05,58.0986121
1991,9,29,48528,0.0833839,1.03e-05,58.1006161
1991,9,30,48529,0.0815214,1.01e-05,58.1024786
1991,10,1,48530,0.0796824,1e-05,58.1043176
1991,10,2,48531,0.0777468,9.7e-06,58.1062532
1991,10,3,48532,0.0756422,9.5e-06,58.1083578
1991,10,4,48533,0.0733469,9.3e-06,58.1106531
1991,10,5,48534,0.0708638,9.1e-06,58.1131362
1991,10,6,48535,0.0682746,8.8e-06,58.1157254
1991,10,7,48536,0.0657154,8.6e-06,58.1182846
1991,10,8,48537,0.0633031,8.4e-06,58.1206969
1991,10,9,48538,0.061076,8.2e-06,58.122924
1991,10,10,48539,0.0589621,7.9e-06,58.1250379
1991,10,11,48540,0.0569811,7.7e-06,58.1270189
1991,10,12,48541,0.0552072,7.5e-06,58.1287928
1991,10,13,48542,0.0536375,7.2e-06,58.1303625
1991,10,14,48543,0.0522004,7e-06,58.1317996
1991,10,15,48544,0.0507933,6.9e-06,58.1332067
1991,10,16,48545,0.049332,6.7e-06,58.134668
1991,10,17,48546,0.0477717,6.5e-06,58.1362283
1991,10,18,48547,0.0460037,6.5e-06,58.1379963
1991,10,19,48548,0.0441264,6.5e-06,58.1398736
1991,10,20,48549,0.0420865,6.5e-06,58.1419135
1991,10,21,48550,0.0398661,6.5e-06,58.1441339
1991,10,22,48551,0.037596,6.6e-06,58.146404
1991,10,23,48552,0.0353068,6.7e-06,58.1486932
1991,10,24,48553,0.0330727,6.9e-06,58.1509273
1991,10,25,48554,0.0312228,7e-06,58.1527772
1991,10,26,48555,0.0292336,7.2e-06,58.1547664
1991,10,27,48556,0.0271976999999999,7.3e-06,58.1568023
1991,10,28,48557,0.025333,7.4e-06,58.158667
1991,10,29,48558,0.0233729,7.4e-06,58.1606271
1991,10,30,48559,0.0211349,7.5e-06,58.1628651
1991,10,31,48560,0.0187054,7.5e-06,58.1652946
1991,11,1,48561,0.0161061,7.5e-06,58.1678939
1991,11,2,48562,0.0133425,7.4e-06,58.1706575
1991,11,3,48563,0.0105319,7.5e-06,58.1734681
1991,11,4,48564,0.0078152,7.7e-06,58.1761848
1991,11,5,48565,0.0052869,7.8e-06,58.1787131
1991,11,6,48566,0.0029882,7.9e-06,58.1810118
1991,11,7,48567,0.0008998,8e-06,58.1831002
1991,11,8,48568,-0.0010368,8.2e-06,58.1850368
1991,11,9,48569,-0.0028914,8.3e-06,58.1868914
1991,11,10,48570,-0.0047046,8.4e-06,58.1887046
1991,11,11,48571,-0.0065315,8.5e-06,58.1905315
1991,11,12,48572,-0.0084424,8.6e-06,58.1924424
1991,11,13,48573,-0.0104836,8.7e-06,58.1944836
1991,11,14,48574,-0.0126588,8.7e-06,58.1966588
1991,11,15,48575,-0.014978,8.7e-06,58.198978
1991,11,16,48576,-0.0174462,8.7e-06,58.2014462
1991,11,17,48577,-0.0200385,8.7e-06,58.2040385
1991,11,18,48578,-0.0226837,8.6e-06,58.2066837
1991,11,19,48579,-0.0252816,8.6e-06,58.2092816
1991,11,20,48580,-0.0277636,8.5e-06,58.2117636
1991,11,21,48581,-0.0301347,8.3e-06,58.2141347
1991,11,22,48582,-0.0322844,8.3e-06,58.2162844
1991,11,23,48583,-0.0342752,8.3e-06,58.2182752
1991,11,24,48584,-0.0362725,8.2e-06,58.2202725
1991,11,25,48585,-0.0384006,8.2e-06,58.2224006
1991,11,26,48586,-0.0407413,8.1e-06,58.2247413
1991,11,27,48587,-0.0433439,8e-06,58.2273439
1991,11,28,48588,-0.0462211,7.9e-06,58.2302211
1991,11,29,48589,-0.0489564,7.8e-06,58.2329564
1991,11,30,48590,-0.0517698,7.6e-06,58.2357698
1991,12,1,48591,-0.0547764,7.4e-06,58.2387764
1991,12,2,48592,-0.0575644,7.2e-06,58.2415644
1991,12,3,48593,-0.0600909,7e-06,58.2440909
1991,12,4,48594,-0.0624967,6.8e-06,58.2464967
1991,12,5,48595,-0.0644904,6.6e-06,58.2484904
1991,12,6,48596,-0.0664602,6.6e-06,58.2504602
1991,12,7,48597,-0.0684166,6.7e-06,58.2524166
1991,12,8,48598,-0.0703232,6.8e-06,58.2543232
1991,12,9,48599,-0.0722594,7e-06,58.2562594
1991,12,10,48600,-0.0743034,7.1e-06,58.2583034
1991,12,11,48601,-0.0764989,7.2e-06,58.2604989
1991,12,12,48602,-0.0788264,7.3e-06,58.2628264
1991,12,13,48603,-0.0812796,7.3e-06,58.2652796
1991,12,14,48604,-0.0838274,7.4e-06,58.2678274
1991,12,15,48605,-0.0864217999999999,7.4e-06,58.2704218
1991,12,16,48606,-0.0890121,7.4e-06,58.2730121
1991,12,17,48607,-0.091549,7.4e-06,58.275549
1991,12,18,48608,-0.0939729,7.3e-06,58.2779729
1991,12,19,48609,-0.0962179,7.3e-06,58.2802179
1991,12,20,48610,-0.0983036,7.4e-06,58.2823036
1991,12,21,48611,-0.1002047,7.4e-06,58.2842047
1991,12,22,48612,-0.1020774,7.5e-06,58.2860774
1991,12,23,48613,-0.1041103,7.5e-06,58.2881103
1991,12,24,48614,-0.1063494,7.5e-06,58.2903494
1991,12,25,48615,-0.1087814,7.5e-06,58.2927814
1991,12,26,48616,-0.1113471,7.5e-06,58.2953471
1991,12,27,48617,-0.1139531,7.4e-06,58.2979531
1991,12,28,48618,-0.1165053,7.4e-06,58.3005053
1991,12,29,48619,-0.11893,7.3e-06,58.30293
1991,12,30,48620,-0.1211857,7.2e-06,58.3051857
1991,12,31,48621,-0.1232641,7.2e-06,58.3072641
1992,1,1,48622,-0.1251849,7.5e-06,58.3091849
1992,1,2,48623,-0.1269899,7.5e-06,58.3109899
1992,1,3,48624,-0.1287361,7.5e-06,58.3127361
1992,1,4,48625,-0.1304905,7.4e-06,58.3144905
1992,1,5,48626,-0.1323209,7.4e-06,58.3163209
1992,1,6,48627,-0.1342847,7.4e-06,58.3182847
1992,1,7,48628,-0.1364172,7.4e-06,58.3204172
1992,1,8,48629,-0.1387238,7.3e-06,58.3227238
1992,1,9,48630,-0.1411775,7.3e-06,58.3251775
1992,1,10,48631,-0.1437493,7.3e-06,58.3277493
1992,1,11,48632,-0.1464053,7.3e-06,58.3304053
1992,1,12,48633,-0.1490856,7.3e-06,58.3330856
1992,1,13,48634,-0.1517169,7.3e-06,58.3357169
1992,1,14,48635,-0.154233,7.3e-06,58.338233
1992,1,15,48636,-0.1566036,7.4e-06,58.3406036
1992,1,16,48637,-0.1588605,7.4e-06,58.3428605
1992,1,17,48638,-0.1610367,7.5e-06,58.3450367
1992,1,18,48639,-0.1631971,7.6e-06,58.3471971
1992,1,19,48640,-0.165498,7.6e-06,58.349498
1992,1,20,48641,-0.1680708,7.6e-06,58.3520708
1992,1,21,48642,-0.1709474,7.6e-06,58.3549474
1992,1,22,48643,-0.1740597,7.6e-06,58.3580597
1992,1,23,48644,-0.1772604,7.6e-06,58.3612604
1992,1,24,48645,-0.1803982,7.7e-06,58.3643982
1992,1,25,48646,-0.1833625,7.8e-06,58.3673625
1992,1,26,48647,-0.1860888,7.8e-06,58.3700888
1992,1,27,48648,-0.1885673,7.9e-06,58.3725673
1992,1,28,48649,-0.1908349,8e-06,58.3748349
1992,1,29,48650,-0.1929602,8e-06,58.3769602
1992,1,30,48651,-0.1950312,8e-06,58.3790312
1992,1,31,48652,-0.1971238,8e-06,58.3811238
1992,2,1,48653,-0.1992895,7.9e-06,58.3832895
1992,2,2,48654,-0.2015522,7.9e-06,58.3855522
1992,2,3,48655,-0.2039163,7.9e-06,58.3879163
1992,2,4,48656,-0.20638,7.9e-06,58.39038
1992,2,5,48657,-0.2089463,7.8e-06,58.3929463
1992,2,6,48658,-0.2116253,7.9e-06,58.3956253
1992,2,7,48659,-0.2143998,8e-06,58.3983998
1992,2,8,48660,-0.2172112,8.1e-06,58.4012112
1992,2,9,48661,-0.2199356,8.2e-06,58.4039356
1992,2,10,48662,-0.2224963,8.4e-06,58.4064963
1992,2,11,48663,-0.2248895,8.5e-06,58.4088895
1992,2,12,48664,-0.2271335,8.7e-06,58.4111335
1992,2,13,48665,-0.229247,8.7e-06,58.413247
1992,2,14,48666,-0.2312888,8.8e-06,58.4152888
1992,2,15,48667,-0.2333607,8.9e-06,58.4173607
1992,2,16,48668,-0.2355962,8.9e-06,58.4195962
1992,2,17,48669,-0.2380787,8.9e-06,58.4220787
1992,2,18,48670,-0.2408079,8.9e-06,58.4248079
1992,2,19,48671,-0.2437213,8.8e-06,58.4277213
1992,2,20,48672,-0.2467301,8.7e-06,58.4307301
1992,2,21,48673,-0.2496839,8.6e-06,58.4336839
1992,2,22,48674,-0.2524416,8.5e-06,58.4364416
1992,2,23,48675,-0.2549574,8.4e-06,58.4389574
1992,2,24,48676,-0.2572735,8.3e-06,58.4412735
1992,2,25,48677,-0.2594667,8.2e-06,58.4434667
1992,2,26,48678,-0.2615815,8.1e-06,58.4455815
1992,2,27,48679,-0.2635987,7.9e-06,58.4475987
1992,2,28,48680,-0.2655609,7.7e-06,58.4495609
1992,2,29,48681,-0.2675552,7.6e-06,58.4515552
1992,3,1,48682,-0.2696582,7.4e-06,58.4536582
1992,3,2,48683,-0.2719234,7.3e-06,58.4559234
1992,3,3,48684,-0.2743742,7.2e-06,58.4583742
1992,3,4,48685,-0.2770015,7e-06,58.4610015
1992,3,5,48686,-0.2797704,7.1e-06,58.4637704
1992,3,6,48687,-0.2826075,7.3e-06,58.4666075
1992,3,7,48688,-0.2854273,7.5e-06,58.4694273
1992,3,8,48689,-0.2881997,7.6e-06,58.4721997
1992,3,9,48690,-0.2908762,7.8e-06,58.4748762
1992,3,10,48691,-0.2934008,8e-06,58.4774008
1992,3,11,48692,-0.2957988,8.1e-06,58.4797988
1992,3,12,48693,-0.2982106,8.2e-06,58.4822106
1992,3,13,48694,-0.300715,8.2e-06,58.484715
1992,3,14,48695,-0.3033758,8.2e-06,58.4873758
1992,3,15,48696,-0.3062725,8.2e-06,58.4902725
1992,3,16,48697,-0.3094515,8.2e-06,58.4934515
1992,3,17,48698,-0.3128956,8.2e-06,58.4968956
1992,3,18,48699,-0.3164954,8.2e-06,58.5004954
1992,3,19,48700,-0.3200581,8.3e-06,58.5040581
1992,3,20,48701,-0.3234549,8.3e-06,58.5074549
1992,3,21,48702,-0.3266545,8.4e-06,58.5106545
1992,3,22,48703,-0.3295995,8.4e-06,58.5135995
1992,3,23,48704,-0.332304,8.3e-06,58.516304
1992,3,24,48705,-0.3348603,8.3e-06,58.5188603
1992,3,25,48706,-0.3373552,8.4e-06,58.5213552
1992,3,26,48707,-0.3398349,8.5e-06,58.5238349
1992,3,27,48708,-0.3423267,8.6e-06,58.5263267
1992,3,28,48709,-0.3448567,8.8e-06,58.5288567
1992,3,29,48710,-0.3474697,8.9e-06,58.5314697
1992,3,30,48711,-0.3502124,9.1e-06,58.5342124
1992,3,31,48712,-0.3531064,9.3e-06,58.5371064
1992,4,1,48713,-0.3561235,9.5e-06,58.5401235
1992,4,2,48714,-0.3591756,9.7e-06,58.5431756
1992,4,3,48715,-0.3621943,9.8e-06,58.5461943
1992,4,4,48716,-0.3651312,1e-05,58.5491312
1992,4,5,48717,-0.3679319,1.02e-05,58.5519319
1992,4,6,48718,-0.3705595,1.04e-05,58.5545595
1992,4,7,48719,-0.3730208,1.05e-05,58.5570208
1992,4,8,48720,-0.3753799,1.06e-05,58.5593799
1992,4,9,48721,-0.3777567,1.06e-05,58.5617567
1992,4,10,48722,-0.3802604,1.06e-05,58.5642604
1992,4,11,48723,-0.382959,1.07e-05,58.566959
1992,4,12,48724,-0.3858917,1.08e-05,58.5698917
1992,4,13,48725,-0.3890604,1.08e-05,58.5730604
1992,4,14,48726,-0.3924227,1.09e-05,58.5764227
1992,4,15,48727,-0.3959113,1.09e-05,58.5799113
1992,4,16,48728,-0.3994508,1.08e-05,58.5834508
1992,4,17,48729,-0.4028329,1.06e-05,58.5868329
1992,4,18,48730,-0.4059124,1.04e-05,58.5899124
1992,4,19,48731,-0.4086642,1.02e-05,58.5926642
1992,4,20,48732,-0.4111444,1e-05,58.5951444
1992,4,21,48733,-0.4134565,9.8e-06,58.5974565
1992,4,22,48734,-0.4157018,9.5e-06,58.5997018
1992,4,23,48735,-0.4179432,9.4e-06,58.6019432
1992,4,24,48736,-0.4202317,9.4e-06,58.6042317
1992,4,25,48737,-0.4226115,9.4e-06,58.6066115
1992,4,26,48738,-0.4251151,9.4e-06,58.6091151
1992,4,27,48739,-0.4277547,9.4e-06,58.6117547
1992,4,28,48740,-0.4305113,9.4e-06,58.6145113
1992,4,29,48741,-0.4333275,9.3e-06,58.6173275
1992,4,30,48742,-0.4361111,9.2e-06,58.6201111
1992,5,1,48743,-0.43879,9.1e-06,58.62279
1992,5,2,48744,-0.4413182,9e-06,58.6253182
1992,5,3,48745,-0.4436653,9e-06,58.6276653
1992,5,4,48746,-0.4458311,9e-06,58.6298311
1992,5,5,48747,-0.4478585,8.9e-06,58.6318585
1992,5,6,48748,-0.4498303,8.8e-06,58.6338303
1992,5,7,48749,-0.4518512,8.7e-06,58.6358512
1992,5,8,48750,-0.4540308,8.5e-06,58.6380308
1992,5,9,48751,-0.4564388,8.4e-06,58.6404388
1992,5,10,48752,-0.4590645,8.3e-06,58.6430645
1992,5,11,48753,-0.4618309,8.3e-06,58.6458309
1992,5,12,48754,-0.4646303,8.2e-06,58.6486303
1992,5,13,48755,-0.4673677,8.1e-06,58.6513677
1992,5,14,48756,-0.4699975,8.1e-06,58.6539975
1992,5,15,48757,-0.4724653,8.2e-06,58.6564653
1992,5,16,48758,-0.4747224,8.2e-06,58.6587224
1992,5,17,48759,-0.4767601,8.2e-06,58.6607601
1992,5,18,48760,-0.4786578,8.2e-06,58.6626578
1992,5,19,48761,-0.4805155,8.1e-06,58.6645155
1992,5,20,48762,-0.4824039,8e-06,58.6664039
1992,5,21,48763,-0.4843798,7.9e-06,58.6683798
1992,5,22,48764,-0.4864592,7.8e-06,58.6704592
1992,5,23,48765,-0.4885847,7.6e-06,58.6725847
1992,5,24,48766,-0.4908002,7.4e-06,58.6748002
1992,5,25,48767,-0.4931248,7.1e-06,58.6771248
1992,5,26,48768,-0.4955132,6.9e-06,58.6795132
1992,5,27,48769,-0.497892,6.7e-06,58.681892
1992,5,28,48770,-0.5001754,6.5e-06,58.6841754
1992,5,29,48771,-0.5022959,6.4e-06,58.6862959
1992,5,30,48772,-0.504256,6.4e-06,58.688256
1992,5,31,48773,-0.5060402,6.5e-06,58.6900402
1992,6,1,48774,-0.5076604,6.5e-06,58.6916604
1992,6,2,48775,-0.5091934,6.6e-06,58.6931934
1992,6,3,48776,-0.5107222,6.8e-06,58.6947222
1992,6,4,48777,-0.5123603,6.9e-06,58.6963603
1992,6,5,48778,-0.5143154,7e-06,58.6983154
1992,6,6,48779,-0.5164479,7.1e-06,58.7004479
1992,6,7,48780,-0.5186108,7.2e-06,58.7026108
1992,6,8,48781,-0.520724,7.2e-06,58.704724
1992,6,9,48782,-0.5227421,7.3e-06,58.7067421
1992,6,10,48783,-0.5246496,7.3e-06,58.7086496
1992,6,11,48784,-0.5264358,7.4e-06,58.7104358
1992,6,12,48785,-0.5280975,7.4e-06,58.7120975
1992,6,13,48786,-0.5296384,7.4e-06,58.7136384
1992,6,14,48787,-0.5310714,7.4e-06,58.7150714
1992,6,15,48788,-0.5324067,7.5e-06,58.7164067
1992,6,16,48789,-0.5337266,7.7e-06,58.7177266
1992,6,17,48790,-0.535122,7.9e-06,58.719122
1992,6,18,48791,-0.5366249,8.1e-06,58.7206249
1992,6,19,48792,-0.5381964,8.2e-06,58.7221964
1992,6,20,48793,-0.5397977,8.4e-06,58.7237977
1992,6,21,48794,-0.541556,8.5e-06,58.725556
1992,6,22,48795,-0.5434286,8.6e-06,58.7274286
1992,6,23,48796,-0.5453192,8.6e-06,58.7293192
1992,6,24,48797,-0.5471834,8.6e-06,58.7311834
1992,6,25,48798,-0.5488953,8.6e-06,58.7328953
1992,6,26,48799,-0.5505096,8.5e-06,58.7345096
1992,6,27,48800,-0.55213,8.5e-06,58.73613
1992,6,28,48801,-0.5536406,8.4e-06,58.7376406
1992,6,29,48802,-0.5547725,8.2e-06,58.7387725
1992,6,30,48803,-0.5556797,8e-06,58.7396797
1992,7,1,48804,0.4430613,7.8e-06,58.7409387
1992,7,2,48805,0.4416665,7.8e-06,58.7423335
1992,7,3,48806,0.440158,7.9e-06,58.743842
1992,7,4,48807,0.4384428,8e-06,58.7455572
1992,7,5,48808,0.4366279,8e-06,58.7473721
1992,7,6,48809,0.4348537,8.1e-06,58.7491463
1992,7,7,48810,0.4332424,8.2e-06,58.7507576
1992,7,8,48811,0.4318306,8.2e-06,58.7521694
1992,7,9,48812,0.430564,8.2e-06,58.753436
1992,7,10,48813,0.4295192,8.1e-06,58.7544808
1992,7,11,48814,0.4286134,8e-06,58.7553866
1992,7,12,48815,0.4277497,7.9e-06,58.7562503
1992,7,13,48816,0.4268915,7.9e-06,58.7571085
1992,7,14,48817,0.4260105,7.8e-06,58.7579895
1992,7,15,48818,0.4250669,7.7e-06,58.7589331
1992,7,16,48819,0.4239923,7.6e-06,58.7600077
1992,7,17,48820,0.4227502,7.4e-06,58.7612498
1992,7,18,48821,0.4214165,7.3e-06,58.7625835
1992,7,19,48822,0.4199848,7.1e-06,58.7640152
1992,7,20,48823,0.4184589,7e-06,58.7655411
1992,7,21,48824,0.4169019,6.8e-06,58.7670981
1992,7,22,48825,0.4153677,6.6e-06,58.7686323
1992,7,23,48826,0.4138773,6.5e-06,58.7701227
1992,7,24,48827,0.4125048,6.3e-06,58.7714952
1992,7,25,48828,0.4111808,6.1e-06,58.7728192
1992,7,26,48829,0.409884,6e-06,58.774116
1992,7,27,48830,0.4086425,5.8e-06,58.7753575
1992,7,28,48831,0.4073584,5.6e-06,58.7766416
1992,7,29,48832,0.4059471,5.4e-06,58.7780529
1992,7,30,48833,0.4043209,5.3e-06,58.7796791
1992,7,31,48834,0.4024589,5.2e-06,58.7815411
1992,8,1,48835,0.4004051,5.1e-06,58.7835949
1992,8,2,48836,0.3982526,5.1e-06,58.7857474
1992,8,3,48837,0.396154,5.1e-06,58.787846
1992,8,4,48838,0.3942233,5.1e-06,58.7897767
1992,8,5,48839,0.3924684,5.1e-06,58.7915316
1992,8,6,48840,0.3909023,5.1e-06,58.7930977
1992,8,7,48841,0.3895277,5.1e-06,58.7944723
1992,8,8,48842,0.388249,5.1e-06,58.795751
1992,8,9,48843,0.387021,5.2e-06,58.796979
1992,8,10,48844,0.3858453,5.3e-06,58.7981547
1992,8,11,48845,0.3846395,5.4e-06,58.7993605
1992,8,12,48846,0.3832319,5.6e-06,58.8007681
1992,8,13,48847,0.3816205,5.8e-06,58.8023795
1992,8,14,48848,0.3798456,5.9e-06,58.8041544
1992,8,15,48849,0.3779655,6.1e-06,58.8060345
1992,8,16,48850,0.3760519,6.3e-06,58.8079481
1992,8,17,48851,0.3741623,6.5e-06,58.8098377
1992,8,18,48852,0.3723299,6.7e-06,58.8116701
1992,8,19,48853,0.3705472,6.9e-06,58.8134528
1992,8,20,48854,0.3687686,7.1e-06,58.8152314
1992,8,21,48855,0.3670971,7.3e-06,58.8169029
1992,8,22,48856,0.365621,7.4e-06,58.818379
1992,8,23,48857,0.3640347,7.6e-06,58.8199653
1992,8,24,48858,0.3623384,7.7e-06,58.8216616
1992,8,25,48859,0.360565,7.9e-06,58.823435
1992,8,26,48860,0.3585496,7.9e-06,58.8254504
1992,8,27,48861,0.3562666,7.9e-06,58.8277334
1992,8,28,48862,0.353719,8e-06,58.830281
1992,8,29,48863,0.35098,8e-06,58.83302
1992,8,30,48864,0.3482533,7.9e-06,58.8357467
1992,8,31,48865,0.3457208,7.9e-06,58.8382792
1992,9,1,48866,0.3434716,7.8e-06,58.8405284
1992,9,2,48867,0.3415253,7.7e-06,58.8424747
1992,9,3,48868,0.3398472,7.6e-06,58.8441528
1992,9,4,48869,0.3383641,7.6e-06,58.8456359
1992,9,5,48870,0.3369871,7.5e-06,58.8470129
1992,9,6,48871,0.335625,7.5e-06,58.848375
1992,9,7,48872,0.3341941,7.4e-06,58.8498059
1992,9,8,48873,0.3326274,7.4e-06,58.8513726
1992,9,9,48874,0.3308825,7.3e-06,58.8531175
1992,9,10,48875,0.3289481,7.2e-06,58.8550519
1992,9,11,48876,0.3268734,7e-06,58.8571266
1992,9,12,48877,0.3247449,6.9e-06,58.8592551
1992,9,13,48878,0.3226248,6.7e-06,58.8613752
1992,9,14,48879,0.3205491,6.6e-06,58.8634509
1992,9,15,48880,0.3185415,6.4e-06,58.8654585
1992,9,16,48881,0.3166321,6.4e-06,58.8673679
1992,9,17,48882,0.3148683,6.4e-06,58.8691317
1992,9,18,48883,0.3132152,6.3e-06,58.8707848
1992,9,19,48884,0.3115929,6.2e-06,58.8724071
1992,9,20,48885,0.3099497,6.1e-06,58.8740503
1992,9,21,48886,0.3082335,6e-06,58.8757665
1992,9,22,48887,0.3063855,5.9e-06,58.8776145
1992,9,23,48888,0.304336,6e-06,58.879664
1992,9,24,48889,0.3020147,6e-06,58.8819853
1992,9,25,48890,0.2994654,6e-06,58.8845346
1992,9,26,48891,0.2968158,5.9e-06,58.8871842
1992,9,27,48892,0.2941963,5.8e-06,58.8898037
1992,9,28,48893,0.2917139,5.8e-06,58.8922861
1992,9,29,48894,0.289426,5.7e-06,58.894574
1992,9,30,48895,0.2873361,5.6e-06,58.8966639
1992,10,1,48896,0.2854106,5.5e-06,58.8985894
1992,10,2,48897,0.283593,5.4e-06,58.900407
1992,10,3,48898,0.281818,5.3e-06,58.902182
1992,10,4,48899,0.2800174,5.2e-06,58.9039826
1992,10,5,48900,0.2781301,5.1e-06,58.9058699
1992,10,6,48901,0.2761097,5.1e-06,58.9078903
1992,10,7,48902,0.273933,5e-06,58.910067
1992,10,8,48903,0.2716068,5e-06,58.9123932
1992,10,9,48904,0.2691664,5e-06,58.9148336
1992,10,10,48905,0.266668,5e-06,58.917332
1992,10,11,48906,0.2641771,4.9e-06,58.9198229
1992,10,12,48907,0.261753,4.9e-06,58.922247
1992,10,13,48908,0.2594368,4.8e-06,58.9245632
1992,10,14,48909,0.2572402,4.8e-06,58.9267598
1992,10,15,48910,0.2551396,4.8e-06,58.9288604
1992,10,16,48911,0.2530932,4.9e-06,58.9309068
1992,10,17,48912,0.2510425,5e-06,58.9329575
1992,10,18,48913,0.2489125,5e-06,58.9350875
1992,10,19,48914,0.2466213,5.1e-06,58.9373787
1992,10,20,48915,0.2440995,5.1e-06,58.9399005
1992,10,21,48916,0.2413028,5.3e-06,58.9426972
1992,10,22,48917,0.2382126,5.4e-06,58.9457874
1992,10,23,48918,0.2349931,5.6e-06,58.9490069
1992,10,24,48919,0.2318579,5.7e-06,58.9521421
1992,10,25,48920,0.22886,5.8e-06,58.95514
1992,10,26,48921,0.2260509,5.9e-06,58.9579491
1992,10,27,48922,0.223489,5.9e-06,58.960511
1992,10,28,48923,0.2211702,5.9e-06,58.9628298
1992,10,29,48924,0.2190195,6e-06,58.9649805
1992,10,30,48925,0.2169378,6e-06,58.9670622
1992,10,31,48926,0.2148319,6e-06,58.9691681
1992,11,1,48927,0.2126298,6e-06,58.9713702
1992,11,2,48928,0.2103529,5.9e-06,58.9736471
1992,11,3,48929,0.2080716,5.9e-06,58.9759284
1992,11,4,48930,0.2057703,5.9e-06,58.9782297
1992,11,5,48931,0.2033152,5.8e-06,58.9806848
1992,11,6,48932,0.2007949,5.8e-06,58.9832051
1992,11,7,48933,0.1982739,5.7e-06,58.9857261
1992,11,8,48934,0.1957939,5.6e-06,58.9882061
1992,11,9,48935,0.1934031,5.5e-06,58.9905969
1992,11,10,48936,0.1911277,5.4e-06,58.9928723
1992,11,11,48937,0.1889572,5.4e-06,58.9950428
1992,11,12,48938,0.1868374,5.4e-06,58.9971626
1992,11,13,48939,0.1847368,5.4e-06,58.9992632
1992,11,14,48940,0.1826211,5.4e-06,59.0013789
1992,11,15,48941,0.1803926,5.4e-06,59.0036074
1992,11,16,48942,0.1779566,5.4e-06,59.0060434
1992,11,17,48943,0.1752742,5.4e-06,59.0087258
1992,11,18,48944,0.1723651,5.3e-06,59.0116349
1992,11,19,48945,0.169304,5.3e-06,59.014696
1992,11,20,48946,0.1662385,5.3e-06,59.0177615
1992,11,21,48947,0.1633279,5.2e-06,59.0206721
1992,11,22,48948,0.1606133,5.1e-06,59.0233867
1992,11,23,48949,0.1580756,5.2e-06,59.0259244
1992,11,24,48950,0.1556783,5.2e-06,59.0283217
1992,11,25,48951,0.1533727,5.3e-06,59.0306273
1992,11,26,48952,0.151124,5.4e-06,59.032876
1992,11,27,48953,0.1489168,5.5e-06,59.0350832
1992,11,28,48954,0.146747,5.6e-06,59.037253
1992,11,29,48955,0.1446014,5.7e-06,59.0393986
1992,11,30,48956,0.1424398,5.9e-06,59.0415602
1992,12,1,48957,0.1401982,6e-06,59.0438018
1992,12,2,48958,0.1377636,6.1e-06,59.0462364
1992,12,3,48959,0.1350332,6.2e-06,59.0489668
1992,12,4,48960,0.1322807,6.2e-06,59.0517193
1992,12,5,48961,0.1295814,6.2e-06,59.0544186
1992,12,6,48962,0.1269413,6.2e-06,59.0570587
1992,12,7,48963,0.1243708,6.3e-06,59.0596292
1992,12,8,48964,0.121894,6.3e-06,59.062106
1992,12,9,48965,0.1195074,6.4e-06,59.0644926
1992,12,10,48966,0.1171205,6.5e-06,59.0668795
1992,12,11,48967,0.1147163,6.5e-06,59.0692837
1992,12,12,48968,0.1123032,6.5e-06,59.0716968
1992,12,13,48969,0.1097977,6.5e-06,59.0742023
1992,12,14,48970,0.1070933,6.5e-06,59.0769067
1992,12,15,48971,0.1041447,6.5e-06,59.0798553
1992,12,16,48972,0.1010661,6.5e-06,59.0829339
1992,12,17,48973,0.0981664,6.4e-06,59.0858336
1992,12,18,48974,0.0952962,6.3e-06,59.0887038
1992,12,19,48975,0.0924568,6.2e-06,59.0915432
1992,12,20,48976,0.0898537,6.1e-06,59.0941463
1992,12,21,48977,0.0876219,5.9e-06,59.0963781
1992,12,22,48978,0.0856299,5.7e-06,59.0983701
1992,12,23,48979,0.0836756,5.6e-06,59.1003244
1992,12,24,48980,0.0817044,5.5e-06,59.1022956
1992,12,25,48981,0.0796652,5.4e-06,59.1043348
1992,12,26,48982,0.0775127,5.2e-06,59.1064873
1992,12,27,48983,0.0752261,5.1e-06,59.1087739
1992,12,28,48984,0.0728015,5e-06,59.1111985
1992,12,29,48985,0.0702486,4.9e-06,59.1137514
1992,12,30,48986,0.0675922,4.9e-06,59.1164078
1992,12,31,48987,0.0648738,4.9e-06,59.1191262
1993,1,1,48988,0.062146,5e-06,59.121854
1993,1,2,48989,0.0594291,6.5e-06,59.1245709
1993,1,3,48990,0.0567996,6.5e-06,59.1272004
1993,1,4,48991,0.054285,6.6e-06,59.129715
1993,1,5,48992,0.0518348,6.6e-06,59.1321652
1993,1,6,48993,0.0493976,6.6e-06,59.1346024
1993,1,7,48994,0.0469672,6.6e-06,59.1370328
1993,1,8,48995,0.0445058,6.6e-06,59.1394942
1993,1,9,48996,0.0419434,6.5e-06,59.1420566
1993,1,10,48997,0.0392283,6.5e-06,59.1447717
1993,1,11,48998,0.0364222,6.4e-06,59.1475778
1993,1,12,48999,0.0335242,6.3e-06,59.1504758
1993,1,13,49000,0.0305768,6.2e-06,59.1534232
1993,1,14,49001,0.0276422,6.1e-06,59.1563578
1993,1,15,49002,0.0248116,6e-06,59.1591884
1993,1,16,49003,0.0221987,5.9e-06,59.1618013
1993,1,17,49004,0.0198247,5.7e-06,59.1641753
1993,1,18,49005,0.0176326,5.6e-06,59.1663674
1993,1,19,49006,0.0155584,5.4e-06,59.1684416
1993,1,20,49007,0.0135252,5.3e-06,59.1704748
1993,1,21,49008,0.0114443,5.3e-06,59.1725557
1993,1,22,49009,0.0092594,5.5e-06,59.1747406
1993,1,23,49010,0.0069706,5.7e-06,59.1770294
1993,1,24,49011,0.0046261,5.8e-06,59.1793739
1993,1,25,49012,0.002178,5.9e-06,59.181822
1993,1,26,49013,-0.000402,6.1e-06,59.184402
1993,1,27,49014,-0.0031038,6.2e-06,59.1871038
1993,1,28,49015,-0.0058593,6.3e-06,59.1898593
1993,1,29,49016,-0.0085904,6.5e-06,59.1925904
1993,1,30,49017,-0.0112741,6.5e-06,59.1952741
1993,1,31,49018,-0.0138467,6.6e-06,59.1978467
1993,2,1,49019,-0.0162977,6.7e-06,59.2002977
1993,2,2,49020,-0.0186379,6.8e-06,59.2026379
1993,2,3,49021,-0.021,6.8e-06,59.205
1993,2,4,49022,-0.0234532,6.8e-06,59.2074532
1993,2,5,49023,-0.0259444,6.7e-06,59.2099444
1993,2,6,49024,-0.0287377,6.7e-06,59.2127377
1993,2,7,49025,-0.0318067,6.6e-06,59.2158067
1993,2,8,49026,-0.0350283,6.5e-06,59.2190283
1993,2,9,49027,-0.0383703,6.4e-06,59.2223703
1993,2,10,49028,-0.0417351,6.3e-06,59.2257351
1993,2,11,49029,-0.0449319,6.1e-06,59.2289319
1993,2,12,49030,-0.0479076,6e-06,59.2319076
1993,2,13,49031,-0.0505451,5.8e-06,59.2345451
1993,2,14,49032,-0.0529801,5.8e-06,59.2369801
1993,2,15,49033,-0.0552556,5.9e-06,59.2392556
1993,2,16,49034,-0.0574047,5.9e-06,59.2414047
1993,2,17,49035,-0.0596483,6.1e-06,59.2436483
1993,2,18,49036,-0.061957,6.2e-06,59.245957
1993,2,19,49037,-0.0643566,6.3e-06,59.2483566
1993,2,20,49038,-0.0669399,6.4e-06,59.2509399
1993,2,21,49039,-0.0696538,6.5e-06,59.2536538
1993,2,22,49040,-0.0724651,6.6e-06,59.2564651
1993,2,23,49041,-0.0753168,6.7e-06,59.2593168
1993,2,24,49042,-0.07816,6.8e-06,59.26216
1993,2,25,49043,-0.0809324,6.9e-06,59.2649324
1993,2,26,49044,-0.0835633,6.9e-06,59.2675633
1993,2,27,49045,-0.0860568,7e-06,59.2700568
1993,2,28,49046,-0.0884514,7.1e-06,59.2724514
1993,3,1,49047,-0.0907194,7.2e-06,59.2747194
1993,3,2,49048,-0.0929413,7.3e-06,59.2769413
1993,3,3,49049,-0.0951357,7.3e-06,59.2791357
1993,3,4,49050,-0.0974311,7.4e-06,59.2814311
1993,3,5,49051,-0.0999421,7.5e-06,59.2839421
1993,3,6,49052,-0.102661,7.5e-06,59.286661
1993,3,7,49053,-0.1055745,7.5e-06,59.2895745
1993,3,8,49054,-0.108676,7.5e-06,59.292676
1993,3,9,49055,-0.1119144,7.5e-06,59.2959144
1993,3,10,49056,-0.1151773,7.6e-06,59.2991773
1993,3,11,49057,-0.1183047,7.6e-06,59.3023047
1993,3,12,49058,-0.1212507,7.6e-06,59.3052507
1993,3,13,49059,-0.1240246,7.6e-06,59.3080246
1993,3,14,49060,-0.1266373,7.6e-06,59.3106373
1993,3,15,49061,-0.1291389,7.5e-06,59.3131389
1993,3,16,49062,-0.1316117,7.4e-06,59.3156117
1993,3,17,49063,-0.134133,7.3e-06,59.318133
1993,3,18,49064,-0.1367494,7.2e-06,59.3207494
1993,3,19,49065,-0.1394096,7.1e-06,59.3234096
1993,3,20,49066,-0.1421408,7e-06,59.3261408
1993,3,21,49067,-0.1449969,6.8e-06,59.3289969
1993,3,22,49068,-0.1478929,6.7e-06,59.3318929
1993,3,23,49069,-0.1507527,6.5e-06,59.3347527
1993,3,24,49070,-0.1535914,6.4e-06,59.3375914
1993,3,25,49071,-0.1563971,6.2e-06,59.3403971
1993,3,26,49072,-0.1590983,6.3e-06,59.3430983
1993,3,27,49073,-0.161584,6.4e-06,59.345584
1993,3,28,49074,-0.1639882,6.5e-06,59.3479882
1993,3,29,49075,-0.1663685,6.6e-06,59.3503685
1993,3,30,49076,-0.1686608,6.7e-06,59.3526608
1993,3,31,49077,-0.1710028,6.8e-06,59.3550028
1993,4,1,49078,-0.17345,6.9e-06,59.35745
1993,4,2,49079,-0.1760686,7e-06,59.3600686
1993,4,3,49080,-0.1789357,7.1e-06,59.3629357
1993,4,4,49081,-0.1820362,7.2e-06,59.3660362
1993,4,5,49082,-0.185286,7.3e-06,59.369286
1993,4,6,49083,-0.1886272,7.4e-06,59.3726272
1993,4,7,49084,-0.1919461,7.4e-06,59.3759461
1993,4,8,49085,-0.1950735,7.5e-06,59.3790735
1993,4,9,49086,-0.1980186,7.5e-06,59.3820186
1993,4,10,49087,-0.200822,7.5e-06,59.384822
1993,4,11,49088,-0.2035025,7.6e-06,59.3875025
1993,4,12,49089,-0.2061206,7.6e-06,59.3901206
1993,4,13,49090,-0.2087466,7.6e-06,59.3927466
1993,4,14,49091,-0.2114383,7.6e-06,59.3954383
1993,4,15,49092,-0.2142323,7.6e-06,59.3982323
1993,4,16,49093,-0.2171377,7.6e-06,59.4011377
1993,4,17,49094,-0.2201086,7.5e-06,59.4041086
1993,4,18,49095,-0.2230883,7.4e-06,59.4070883
1993,4,19,49096,-0.2260283,7.4e-06,59.4100283
1993,4,20,49097,-0.2288976,7.3e-06,59.4128976
1993,4,21,49098,-0.2316975,7.2e-06,59.4156975
1993,4,22,49099,-0.2344701,7e-06,59.4184701
1993,4,23,49100,-0.2372672,6.9e-06,59.4212672
1993,4,24,49101,-0.2399468,6.7e-06,59.4239468
1993,4,25,49102,-0.2424772,6.6e-06,59.4264772
1993,4,26,49103,-0.2450189,6.4e-06,59.4290189
1993,4,27,49104,-0.2475775,6.2e-06,59.4315775
1993,4,28,49105,-0.2501897,6e-06,59.4341897
1993,4,29,49106,-0.253008,5.9e-06,59.437008
1993,4,30,49107,-0.2561184,5.9e-06,59.4401184
1993,5,1,49108,-0.2593287,5.9e-06,59.4433287
1993,5,2,49109,-0.2628141,5.9e-06,59.4468141
1993,5,3,49110,-0.2663068,5.9e-06,59.4503068
1993,5,4,49111,-0.2697137,5.8e-06,59.4537137
1993,5,5,49112,-0.272881,5.8e-06,59.456881
1993,5,6,49113,-0.2758006,5.7e-06,59.4598006
1993,5,7,49114,-0.2784549,5.7e-06,59.4624549
1993,5,8,49115,-0.2809423,5.6e-06,59.4649423
1993,5,9,49116,-0.2833588,5.5e-06,59.4673588
1993,5,10,49117,-0.2857344,5.4e-06,59.4697344
1993,5,11,49118,-0.2881309,5.2e-06,59.4721309
1993,5,12,49119,-0.29052,5.1e-06,59.47452
1993,5,13,49120,-0.2929614,5e-06,59.4769614
1993,5,14,49121,-0.2954544,5e-06,59.4794544
1993,5,15,49122,-0.2979866,5.2e-06,59.4819866
1993,5,16,49123,-0.3005837,5.3e-06,59.4845837
1993,5,17,49124,-0.3032141,5.5e-06,59.4872141
1993,5,18,49125,-0.3057534,5.6e-06,59.4897534
1993,5,19,49126,-0.308243,5.7e-06,59.492243
1993,5,20,49127,-0.3106477,5.8e-06,59.4946477
1993,5,21,49128,-0.3129182,5.9e-06,59.4969182
1993,5,22,49129,-0.3150843,6.1e-06,59.4990843
1993,5,23,49130,-0.3172642,6.2e-06,59.5012642
1993,5,24,49131,-0.3194069,6.3e-06,59.5034069
1993,5,25,49132,-0.321527,6.4e-06,59.505527
1993,5,26,49133,-0.3238623,6.5e-06,59.5078623
1993,5,27,49134,-0.3263781,6.5e-06,59.5103781
1993,5,28,49135,-0.3290442,6.6e-06,59.5130442
1993,5,29,49136,-0.331843,6.6e-06,59.515843
1993,5,30,49137,-0.334735,6.6e-06,59.518735
1993,5,31,49138,-0.3375935,6.5e-06,59.5215935
1993,6,1,49139,-0.3402543,6.5e-06,59.5242543
1993,6,2,49140,-0.3427566,6.4e-06,59.5267566
1993,6,3,49141,-0.3448101,6.3e-06,59.5288101
1993,6,4,49142,-0.3468974,6.2e-06,59.5308974
1993,6,5,49143,-0.3489594,6.1e-06,59.5329594
1993,6,6,49144,-0.3507592,6e-06,59.5347592
1993,6,7,49145,-0.3526461,5.9e-06,59.5366461
1993,6,8,49146,-0.3545855,5.7e-06,59.5385855
1993,6,9,49147,-0.3566774,5.6e-06,59.5406774
1993,6,10,49148,-0.3588143,5.6e-06,59.5428143
1993,6,11,49149,-0.3610342,5.6e-06,59.5450342
1993,6,12,49150,-0.3633,5.6e-06,59.5473
1993,6,13,49151,-0.3655675,5.5e-06,59.5495675
1993,6,14,49152,-0.3677742,5.5e-06,59.5517742
1993,6,15,49153,-0.3698246,5.4e-06,59.5538246
1993,6,16,49154,-0.3718009,5.4e-06,59.5558009
1993,6,17,49155,-0.3736821,5.4e-06,59.5576821
1993,6,18,49156,-0.3754518,5.4e-06,59.5594518
1993,6,19,49157,-0.3771544,5.4e-06,59.5611544
1993,6,20,49158,-0.3788517,5.4e-06,59.5628517
1993,6,21,49159,-0.3805842,5.3e-06,59.5645842
1993,6,22,49160,-0.3824192,5.2e-06,59.5664192
1993,6,23,49161,-0.3844123,5.1e-06,59.5684123
1993,6,24,49162,-0.3865832,5.1e-06,59.5705832
1993,6,25,49163,-0.3888628,5.2e-06,59.5728628
1993,6,26,49164,-0.391175,5.2e-06,59.575175
1993,6,27,49165,-0.3935529,5.4e-06,59.5775529
1993,6,28,49166,-0.3957496,5.6e-06,59.5797496
1993,6,29,49167,-0.3976355,5.8e-06,59.5816355
1993,6,30,49168,-0.3993854,5.9e-06,59.5833854
1993,7,1,49169,0.5990128,6.1e-06,59.5849872
1993,7,2,49170,0.5975117,6.3e-06,59.5864883
1993,7,3,49171,0.5960419,6.5e-06,59.5879581
1993,7,4,49172,0.5946682,6.7e-06,59.5893318
1993,7,5,49173,0.5933086,6.9e-06,59.5906914
1993,7,6,49174,0.5917771,7.1e-06,59.5922229
1993,7,7,49175,0.5902605,7.2e-06,59.5937395
1993,7,8,49176,0.5886177,7.3e-06,59.5953823
1993,7,9,49177,0.5870399,7.4e-06,59.5969601
1993,7,10,49178,0.5853393,7.5e-06,59.5986607
1993,7,11,49179,0.5838194,7.5e-06,59.6001806
1993,7,12,49180,0.5822998,7.5e-06,59.6017002
1993,7,13,49181,0.5808621,7.5e-06,59.6031379
1993,7,14,49182,0.579459,7.4e-06,59.604541
1993,7,15,49183,0.5781207,7.4e-06,59.6058793
1993,7,16,49184,0.5768251,7.4e-06,59.6071749
1993,7,17,49185,0.5755514,7.3e-06,59.6084486
1993,7,18,49186,0.5742711,7.2e-06,59.6097289
1993,7,19,49187,0.5728933,7.1e-06,59.6111067
1993,7,20,49188,0.5713279,7e-06,59.6126721
1993,7,21,49189,0.56955,6.9e-06,59.61445
1993,7,22,49190,0.5675144,6.8e-06,59.6164856
1993,7,23,49191,0.5652829,6.7e-06,59.6187171
1993,7,24,49192,0.5629979,6.6e-06,59.6210021
1993,7,25,49193,0.5608218,6.4e-06,59.6231782
1993,7,26,49194,0.5588296,6.3e-06,59.6251704
1993,7,27,49195,0.5570265,6.1e-06,59.6269735
1993,7,28,49196,0.5555088,5.9e-06,59.6284912
1993,7,29,49197,0.5540782,5.8e-06,59.6299218
1993,7,30,49198,0.5526338,5.6e-06,59.6313662
1993,7,31,49199,0.5511135,5.6e-06,59.6328865
1993,8,1,49200,0.5495668,5.8e-06,59.6344332
1993,8,2,49201,0.5480014,5.9e-06,59.6359986
1993,8,3,49202,0.5462661,6e-06,59.6377339
1993,8,4,49203,0.5444021,6.1e-06,59.6395979
1993,8,5,49204,0.5424555,6.2e-06,59.6415445
1993,8,6,49205,0.5404183,6.3e-06,59.6435817
1993,8,7,49206,0.5383834,6.4e-06,59.6456166
1993,8,8,49207,0.536464,6.4e-06,59.647536
1993,8,9,49208,0.5346825,6.5e-06,59.6493175
1993,8,10,49209,0.533014,6.5e-06,59.650986
1993,8,11,49210,0.5314206,6.5e-06,59.6525794
1993,8,12,49211,0.5299809,6.4e-06,59.6540191
1993,8,13,49212,0.5285786,6.3e-06,59.6554214
1993,8,14,49213,0.5270621,6.2e-06,59.6569379
1993,8,15,49214,0.5253938,6.1e-06,59.6586062
1993,8,16,49215,0.5235702,6e-06,59.6604298
1993,8,17,49216,0.5215234,5.9e-06,59.6624766
1993,8,18,49217,0.5192392,5.7e-06,59.6647608
1993,8,19,49218,0.5168987,5.6e-06,59.6671013
1993,8,20,49219,0.514289,5.5e-06,59.669711
1993,8,21,49220,0.5116629,5.5e-06,59.6723371
1993,8,22,49221,0.5092709,5.6e-06,59.6747291
1993,8,23,49222,0.5070627,5.8e-06,59.6769373
1993,8,24,49223,0.505094,5.9e-06,59.678906
1993,8,25,49224,0.5033177,6.1e-06,59.6806823
1993,8,26,49225,0.5016701,6.2e-06,59.6823299
1993,8,27,49226,0.5000788,6.3e-06,59.6839212
1993,8,28,49227,0.4984782,6.4e-06,59.6855218
1993,8,29,49228,0.4968182,6.5e-06,59.6871818
1993,8,30,49229,0.495064,6.6e-06,59.688936
1993,8,31,49230,0.4931974,6.7e-06,59.6908026
1993,9,1,49231,0.4912197,6.9e-06,59.6927803
1993,9,2,49232,0.4891498,7e-06,59.6948502
1993,9,3,49233,0.4869958,7.2e-06,59.6970042
1993,9,4,49234,0.4848676,7.3e-06,59.6991324
1993,9,5,49235,0.4828705,7.3e-06,59.7011295
1993,9,6,49236,0.4809792,7.3e-06,59.7030208
1993,9,7,49237,0.4791714,7.3e-06,59.7048286
1993,9,8,49238,0.4773777,7.3e-06,59.7066223
1993,9,9,49239,0.4756395,7.3e-06,59.7083605
1993,9,10,49240,0.4739229,7.2e-06,59.7100771
1993,9,11,49241,0.4721249,7.1e-06,59.7118751
1993,9,12,49242,0.4701439,7e-06,59.7138561
1993,9,13,49243,0.4679512,6.9e-06,59.7160488
1993,9,14,49244,0.4655142,6.7e-06,59.7184858
1993,9,15,49245,0.4628254,6.6e-06,59.7211746
1993,9,16,49246,0.4600741,6.5e-06,59.7239259
1993,9,17,49247,0.4572066,6.3e-06,59.7267934
1993,9,18,49248,0.4544751,6.2e-06,59.7295249
1993,9,19,49249,0.4519614,6e-06,59.7320386
1993,9,20,49250,0.4496369,5.9e-06,59.7343631
1993,9,21,49251,0.4475604,5.7e-06,59.7364396
1993,9,22,49252,0.4455395,5.5e-06,59.7384605
1993,9,23,49253,0.4435234,5.3e-06,59.7404766
1993,9,24,49254,0.4414538,5.2e-06,59.7425462
1993,9,25,49255,0.4392901,5e-06,59.7447099
1993,9,26,49256,0.4370549,4.8e-06,59.7469451
1993,9,27,49257,0.4347474,4.7e-06,59.7492526
1993,9,28,49258,0.4323585,4.5e-06,59.7516415
1993,9,29,49259,0.4299368,4.4e-06,59.7540632
1993,9,30,49260,0.4275304,4.2e-06,59.7564696
1993,10,1,49261,0.4251811,4e-06,59.7588189
1993,10,2,49262,0.4228719,4e-06,59.7611281
1993,10,3,49263,0.4206483,4.2e-06,59.7633517
1993,10,4,49264,0.4185472,4.3e-06,59.7654528
1993,10,5,49265,0.4164389,4.4e-06,59.7675611
1993,10,6,49266,0.4143443,4.6e-06,59.7696557
1993,10,7,49267,0.4121853,4.7e-06,59.7718147
1993,10,8,49268,0.4099134,4.8e-06,59.7740866
1993,10,9,49269,0.4075816,4.8e-06,59.7764184
1993,10,10,49270,0.4050815,4.9e-06,59.7789185
1993,10,11,49271,0.4024462,4.9e-06,59.7815538
1993,10,12,49272,0.3995019,5e-06,59.7844981
1993,10,13,49273,0.3963581,5e-06,59.7876419
1993,10,14,49274,0.3930842,5e-06,59.7909158
1993,10,15,49275,0.389785,5e-06,59.794215
1993,10,16,49276,0.3866421,4.9e-06,59.7973579
1993,10,17,49277,0.3837225,4.9e-06,59.8002775
1993,10,18,49278,0.3811336,4.8e-06,59.8028664
1993,10,19,49279,0.3786997,4.8e-06,59.8053003
1993,10,20,49280,0.3763478,4.9e-06,59.8076522
1993,10,21,49281,0.3739843,5e-06,59.8100157
1993,10,22,49282,0.3715581,5.1e-06,59.8124419
1993,10,23,49283,0.3690386,5.2e-06,59.8149614
1993,10,24,49284,0.3664099,5.3e-06,59.8175901
1993,10,25,49285,0.3637182,5.4e-06,59.8202818
1993,10,26,49286,0.3610101,5.6e-06,59.8229899
1993,10,27,49287,0.35824,5.7e-06,59.82576
1993,10,28,49288,0.3554974,5.8e-06,59.8285026
1993,10,29,49289,0.3527914,5.8e-06,59.8312086
1993,10,30,49290,0.3501995,5.9e-06,59.8338005
1993,10,31,49291,0.3476502,6e-06,59.8363498
1993,11,1,49292,0.3452711,6e-06,59.8387289
1993,11,2,49293,0.3430711,6.1e-06,59.8409289
1993,11,3,49294,0.3408641,6.2e-06,59.8431359
1993,11,4,49295,0.3387075,6.2e-06,59.8452925
1993,11,5,49296,0.3364171,6.3e-06,59.8475829
1993,11,6,49297,0.3341395,6.3e-06,59.8498605
1993,11,7,49298,0.3316671,6.3e-06,59.8523329
1993,11,8,49299,0.3290043,6.3e-06,59.8549957
1993,11,9,49300,0.3260826,6.3e-06,59.8579174
1993,11,10,49301,0.3230231,6.3e-06,59.8609769
1993,11,11,49302,0.3199072,6.2e-06,59.8640928
1993,11,12,49303,0.3168665,6.2e-06,59.8671335
1993,11,13,49304,0.3139982,6.2e-06,59.8700018
1993,11,14,49305,0.3113109,6.1e-06,59.8726891
1993,11,15,49306,0.3088736,6e-06,59.8751264
1993,11,16,49307,0.3066133,6e-06,59.8773867
1993,11,17,49308,0.3044095,5.9e-06,59.8795905
1993,11,18,49309,0.3021611,5.8e-06,59.8818389
1993,11,19,49310,0.2998596,5.8e-06,59.8841404
1993,11,20,49311,0.2974932,5.7e-06,59.8865068
1993,11,21,49312,0.2950651,5.7e-06,59.8889349
1993,11,22,49313,0.2926289,5.6e-06,59.8913711
1993,11,23,49314,0.2901596,5.5e-06,59.8938404
1993,11,24,49315,0.2876753,5.5e-06,59.8963247
1993,11,25,49316,0.2852575,5.4e-06,59.8987425
1993,11,26,49317,0.2829497,5.3e-06,59.9010503
1993,11,27,49318,0.2807461,5.3e-06,59.9032539
1993,11,28,49319,0.2786062,5.2e-06,59.9053938
1993,11,29,49320,0.2765708,5.1e-06,59.9074292
1993,11,30,49321,0.274727,5e-06,59.909273
1993,12,1,49322,0.2729409,5.1e-06,59.9110591
1993,12,2,49323,0.2711204,5.1e-06,59.9128796
1993,12,3,49324,0.2692196,5.2e-06,59.9147804
1993,12,4,49325,0.2672009,5.2e-06,59.9167991
1993,12,5,49326,0.265009,5.3e-06,59.918991
1993,12,6,49327,0.2626107,5.3e-06,59.9213893
1993,12,7,49328,0.2600595,5.3e-06,59.9239405
1993,12,8,49329,0.2573617,5.4e-06,59.9266383
1993,12,9,49330,0.2545914,5.4e-06,59.9294086
1993,12,10,49331,0.2519781,5.4e-06,59.9320219
1993,12,11,49332,0.2494825,5.4e-06,59.9345175
1993,12,12,49333,0.2470178,5.4e-06,59.9369822
1993,12,13,49334,0.2447906,5.3e-06,59.9392094
1993,12,14,49335,0.2426749,5.3e-06,59.9413251
1993,12,15,49336,0.2404544,5.2e-06,59.9435456
1993,12,16,49337,0.238114,5.1e-06,59.945886
1993,12,17,49338,0.2356142,5e-06,59.9483858
1993,12,18,49339,0.2330038,5e-06,59.9509962
1993,12,19,49340,0.2303937,4.9e-06,59.9536063
1993,12,20,49341,0.2277761,4.8e-06,59.9562239
1993,12,21,49342,0.22519,4.7e-06,59.95881
1993,12,22,49343,0.2225652,4.6e-06,59.9614348
1993,12,23,49344,0.2200191,4.4e-06,59.9639809
1993,12,24,49345,0.2175907,4.3e-06,59.9664093
1993,12,25,49346,0.2152506,4.2e-06,59.9687494
1993,12,26,49347,0.2130061,4.1e-06,59.9709939
1993,12,27,49348,0.2108527,4e-06,59.9731473
1993,12,28,49349,0.2087559,3.9e-06,59.9752441
1993,12,29,49350,0.2066455,3.8e-06,59.9773545
1993,12,30,49351,0.2044389,3.7e-06,59.9795611
1993,12,31,49352,0.2020702,3.6e-06,59.9819298
1994,1,1,49353,0.1995166,3.3e-06,59.9844834
1994,1,2,49354,0.1968054,3.3e-06,59.9871946
1994,1,3,49355,0.1940062,3.2e-06,59.9899938
1994,1,4,49356,0.1912107,3.2e-06,59.9927893
1994,1,5,49357,0.1885068,3.2e-06,59.9954932
1994,1,6,49358,0.1859552,3.2e-06,59.9980448
1994,1,7,49359,0.1835617,3.1e-06,60.0004383
1994,1,8,49360,0.1813307,3.1e-06,60.0026693
1994,1,9,49361,0.1792442,3e-06,60.0047558
1994,1,10,49362,0.1772465,3e-06,60.0067535
1994,1,11,49363,0.1752747,2.9e-06,60.0087253
1994,1,12,49364,0.17324,2.8e-06,60.01076
1994,1,13,49365,0.1710578,2.7e-06,60.0129422
1994,1,14,49366,0.1687415,2.7e-06,60.0152585
1994,1,15,49367,0.166366,2.6e-06,60.017634
1994,1,16,49368,0.1640196,2.6e-06,60.0199804
1994,1,17,49369,0.1617309,2.5e-06,60.0222691
1994,1,18,49370,0.1594783,2.5e-06,60.0245217
1994,1,19,49371,0.1572894,2.5e-06,60.0267106
1994,1,20,49372,0.1552226,2.5e-06,60.0287774
1994,1,21,49373,0.1532358,2.6e-06,60.0307642
1994,1,22,49374,0.1512812,2.6e-06,60.0327188
1994,1,23,49375,0.1493568,2.6e-06,60.0346432
1994,1,24,49376,0.1474236,2.6e-06,60.0365764
1994,1,25,49377,0.1454506,2.7e-06,60.0385494
1994,1,26,49378,0.1433703,2.8e-06,60.0406297
1994,1,27,49379,0.1411005,2.9e-06,60.0428995
1994,1,28,49380,0.1385927,3e-06,60.0454073
1994,1,29,49381,0.135879,3.2e-06,60.048121
1994,1,30,49382,0.1330915,3.3e-06,60.0509085
1994,1,31,49383,0.1303269,3.4e-06,60.0536731
1994,2,1,49384,0.1275935,3.6e-06,60.0564065
1994,2,2,49385,0.1249722,3.7e-06,60.0590278
1994,2,3,49386,0.122537,3.9e-06,60.061463
1994,2,4,49387,0.1203166,4e-06,60.0636834
1994,2,5,49388,0.1182683,4.2e-06,60.0657317
1994,2,6,49389,0.1163326,4.4e-06,60.0676674
1994,2,7,49390,0.1144532,4.6e-06,60.0695468
1994,2,8,49391,0.1125034,4.7e-06,60.0714966
1994,2,9,49392,0.1104275,4.9e-06,60.0735725
1994,2,10,49393,0.1081618,5.1e-06,60.0758382
1994,2,11,49394,0.1059078,5.3e-06,60.0780922
1994,2,12,49395,0.103591,5.5e-06,60.080409
1994,2,13,49396,0.1012536,5.7e-06,60.0827464
1994,2,14,49397,0.0989876,5.8e-06,60.0850124
1994,2,15,49398,0.0966095,6e-06,60.0873905
1994,2,16,49399,0.0943751,6.1e-06,60.0896249
1994,2,17,49400,0.0922481,6.3e-06,60.0917519
1994,2,18,49401,0.0901235,6.5e-06,60.0938765
1994,2,19,49402,0.0880588,6.6e-06,60.0959412
1994,2,20,49403,0.0860814,6.7e-06,60.0979186
1994,2,21,49404,0.0840533,6.8e-06,60.0999467
1994,2,22,49405,0.0818671,6.9e-06,60.1021329
1994,2,23,49406,0.0795416,7e-06,60.1044584
1994,2,24,49407,0.0769725,7e-06,60.1070275
1994,2,25,49408,0.0741008,7e-06,60.1098992
1994,2,26,49409,0.0709557,7e-06,60.1130443
1994,2,27,49410,0.0676233,7e-06,60.1163767
1994,2,28,49411,0.0642322,7e-06,60.1197678
1994,3,1,49412,0.0609209,7e-06,60.1230791
1994,3,2,49413,0.0577756,6.9e-06,60.1262244
1994,3,3,49414,0.0547989,6.9e-06,60.1292011
1994,3,4,49415,0.0519826,6.8e-06,60.1320174
1994,3,5,49416,0.0493174,6.7e-06,60.1346826
1994,3,6,49417,0.0467804,6.6e-06,60.1372196
1994,3,7,49418,0.0443191,6.5e-06,60.1396809
1994,3,8,49419,0.0418697,6.4e-06,60.1421303
1994,3,9,49420,0.0393638,6.3e-06,60.1446362
1994,3,10,49421,0.0366907,6.2e-06,60.1473093
1994,3,11,49422,0.0339885,6e-06,60.1500115
1994,3,12,49423,0.0313727,5.9e-06,60.1526273
1994,3,13,49424,0.0287928,5.8e-06,60.1552072
1994,3,14,49425,0.0262863,5.7e-06,60.1577137
1994,3,15,49426,0.0238837,5.6e-06,60.1601163
1994,3,16,49427,0.0215896,5.7e-06,60.1624104
1994,3,17,49428,0.0193184,5.7e-06,60.1646816
1994,3,18,49429,0.0171622,5.7e-06,60.1668378
1994,3,19,49430,0.015076,5.7e-06,60.168924
1994,3,20,49431,0.0129566,5.7e-06,60.1710434
1994,3,21,49432,0.0107872,5.6e-06,60.1732128
1994,3,22,49433,0.0085045,5.6e-06,60.1754955
1994,3,23,49434,0.0060339,5.5e-06,60.1779661
1994,3,24,49435,0.0033471,5.3e-06,60.1806529
1994,3,25,49436,0.0004188,5.4e-06,60.1835812
1994,3,26,49437,-0.0027476,5.5e-06,60.1867476
1994,3,27,49438,-0.006047,5.6e-06,60.190047
1994,3,28,49439,-0.0092984,5.8e-06,60.1932984
1994,3,29,49440,-0.0123394,5.9e-06,60.1963394
1994,3,30,49441,-0.0151314,6e-06,60.1991314
1994,3,31,49442,-0.0177738,6.2e-06,60.2017738
1994,4,1,49443,-0.020264,6.3e-06,60.204264
1994,4,2,49444,-0.0226217,6.4e-06,60.2066217
1994,4,3,49445,-0.0249857,6.5e-06,60.2089857
1994,4,4,49446,-0.0274397,6.6e-06,60.2114397
1994,4,5,49447,-0.0299241,6.7e-06,60.2139241
1994,4,6,49448,-0.0324015,6.7e-06,60.2164015
1994,4,7,49449,-0.0349752,6.8e-06,60.2189752
1994,4,8,49450,-0.0376254,6.8e-06,60.2216254
1994,4,9,49451,-0.0402626,6.8e-06,60.2242626
1994,4,10,49452,-0.0428702,6.8e-06,60.2268702
1994,4,11,49453,-0.0454504,6.7e-06,60.2294504
1994,4,12,49454,-0.0478744,6.7e-06,60.2318744
1994,4,13,49455,-0.0501796,6.6e-06,60.2341796
1994,4,14,49456,-0.0527564,6.5e-06,60.2367564
1994,4,15,49457,-0.0546687,6.4e-06,60.2386687
1994,4,16,49458,-0.0568048,6.3e-06,60.2408048
1994,4,17,49459,-0.0588792,6.1e-06,60.2428792
1994,4,18,49460,-0.0610522,5.9e-06,60.2450522
1994,4,19,49461,-0.0633722,5.7e-06,60.2473722
1994,4,20,49462,-0.0658366,5.5e-06,60.2498366
1994,4,21,49463,-0.068495,5.4e-06,60.252495
1994,4,22,49464,-0.0713483,5.3e-06,60.2553483
1994,4,23,49465,-0.0743689,5.1e-06,60.2583689
1994,4,24,49466,-0.0775197,4.9e-06,60.2615197
1994,4,25,49467,-0.0806467,4.8e-06,60.2646467
1994,4,26,49468,-0.0836278,4.6e-06,60.2676278
1994,4,27,49469,-0.0863998,4.5e-06,60.2703998
1994,4,28,49470,-0.0889721,4.3e-06,60.2729721
1994,4,29,49471,-0.0914544,4.2e-06,60.2754544
1994,4,30,49472,-0.0939043,4.1e-06,60.2779043
1994,5,1,49473,-0.0963834,4.1e-06,60.2803834
1994,5,2,49474,-0.0989498,4.1e-06,60.2829498
1994,5,3,49475,-0.1015414,4.1e-06,60.2855414
1994,5,4,49476,-0.1041265,4.1e-06,60.2881265
1994,5,5,49477,-0.1067773,4e-06,60.2907773
1994,5,6,49478,-0.1094428,4e-06,60.2934428
1994,5,7,49479,-0.1120142,3.9e-06,60.2960142
1994,5,8,49480,-0.11447,3.8e-06,60.29847
1994,5,9,49481,-0.1168622,3.7e-06,60.3008622
1994,5,10,49482,-0.1191808,3.6e-06,60.3031808
1994,5,11,49483,-0.1214164,3.5e-06,60.3054164
1994,5,12,49484,-0.1236031,3.4e-06,60.3076031
1994,5,13,49485,-0.1257685,3.4e-06,60.3097685
1994,5,14,49486,-0.1279402,3.5e-06,60.3119402
1994,5,15,49487,-0.1301342,3.6e-06,60.3141342
1994,5,16,49488,-0.1323741,3.7e-06,60.3163741
1994,5,17,49489,-0.134726,3.8e-06,60.318726
1994,5,18,49490,-0.1372459,3.9e-06,60.3212459
1994,5,19,49491,-0.1399348,4e-06,60.3239348
1994,5,20,49492,-0.1427303,4.1e-06,60.3267303
1994,5,21,49493,-0.1455391,4.3e-06,60.3295391
1994,5,22,49494,-0.1482637,4.4e-06,60.3322637
1994,5,23,49495,-0.1508224,4.6e-06,60.3348224
1994,5,24,49496,-0.1531738,4.7e-06,60.3371738
1994,5,25,49497,-0.1553329,4.9e-06,60.3393329
1994,5,26,49498,-0.1573732,5e-06,60.3413732
1994,5,27,49499,-0.1593279,5.2e-06,60.3433279
1994,5,28,49500,-0.1612255,5.3e-06,60.3452255
1994,5,29,49501,-0.1631145,5.3e-06,60.3471145
1994,5,30,49502,-0.1650404,5.4e-06,60.3490404
1994,5,31,49503,-0.1670148,5.4e-06,60.3510148
1994,6,1,49504,-0.1690266,5.5e-06,60.3530266
1994,6,2,49505,-0.1710456,5.5e-06,60.3550456
1994,6,3,49506,-0.1730208,5.6e-06,60.3570208
1994,6,4,49507,-0.174903,5.6e-06,60.358903
1994,6,5,49508,-0.1766799,5.6e-06,60.3606799
1994,6,6,49509,-0.178343,5.6e-06,60.362343
1994,6,7,49510,-0.179871,5.6e-06,60.363871
1994,6,8,49511,-0.1812949,5.6e-06,60.3652949
1994,6,9,49512,-0.182708,5.5e-06,60.366708
1994,6,10,49513,-0.1841104,5.4e-06,60.3681104
1994,6,11,49514,-0.1855447,5.4e-06,60.3695447
1994,6,12,49515,-0.1870991,5.3e-06,60.3710991
1994,6,13,49516,-0.1888025,5.2e-06,60.3728025
1994,6,14,49517,-0.190655,5.1e-06,60.374655
1994,6,15,49518,-0.1926377,5e-06,60.3766377
1994,6,16,49519,-0.1947181,4.9e-06,60.3787181
1994,6,17,49520,-0.1968393,4.9e-06,60.3808393
1994,6,18,49521,-0.1989625,5e-06,60.3829625
1994,6,19,49522,-0.2010017,5.1e-06,60.3850017
1994,6,20,49523,-0.2028262,5.2e-06,60.3868262
1994,6,21,49524,-0.204417,5.3e-06,60.388417
1994,6,22,49525,-0.20582,5.4e-06,60.38982
1994,6,23,49526,-0.2071289,5.4e-06,60.3911289
1994,6,24,49527,-0.2083828,5.5e-06,60.3923828
1994,6,25,49528,-0.2095814,5.5e-06,60.3935814
1994,6,26,49529,-0.2107917,5.5e-06,60.3947917
1994,6,27,49530,-0.2121087,5.4e-06,60.3961087
1994,6,28,49531,-0.2134698,5.4e-06,60.3974698
1994,6,29,49532,-0.2147903,5.3e-06,60.3987903
1994,6,30,49533,-0.2160429,5.2e-06,60.4000429
1994,7,1,49534,0.7828207,5.2e-06,60.4011793
1994,7,2,49535,0.7817638,5.2e-06,60.4022362
1994,7,3,49536,0.7807347,5.3e-06,60.4032653
1994,7,4,49537,0.7797376,5.3e-06,60.4042624
1994,7,5,49538,0.7787899,5.4e-06,60.4052101
1994,7,6,49539,0.7779029,5.5e-06,60.4060971
1994,7,7,49540,0.7770552,5.5e-06,60.4069448
1994,7,8,49541,0.7761489,5.6e-06,60.4078511
1994,7,9,49542,0.7750682,5.6e-06,60.4089318
1994,7,10,49543,0.7737982,5.6e-06,60.4102018
1994,7,11,49544,0.7723581,5.6e-06,60.4116419
1994,7,12,49545,0.7707424,5.6e-06,60.4132576
1994,7,13,49546,0.7689649,5.5e-06,60.4150351
1994,7,14,49547,0.7670791,5.4e-06,60.4169209
1994,7,15,49548,0.7651476,5.5e-06,60.4188524
1994,7,16,49549,0.7632841,5.6e-06,60.4207159
1994,7,17,49550,0.7615113,5.8e-06,60.4224887
1994,7,18,49551,0.7597942,5.9e-06,60.4242058
1994,7,19,49552,0.7581976,6e-06,60.4258024
1994,7,20,49553,0.7567735,6.1e-06,60.4272265
1994,7,21,49554,0.755497,6.3e-06,60.428503
1994,7,22,49555,0.7541349,6.4e-06,60.4298651
1994,7,23,49556,0.7527531,6.5e-06,60.4312469
1994,7,24,49557,0.7513704,6.6e-06,60.4326296
1994,7,25,49558,0.7498496,6.7e-06,60.4341504
1994,7,26,49559,0.748292,6.8e-06,60.435708
1994,7,27,49560,0.7468104,6.9e-06,60.4371896
1994,7,28,49561,0.7453682,7e-06,60.4386318
1994,7,29,49562,0.7439405,7.1e-06,60.4400595
1994,7,30,49563,0.7425486,7.2e-06,60.4414514
1994,7,31,49564,0.7412165,7.3e-06,60.4427835
1994,8,1,49565,0.7399698,7.3e-06,60.4440302
1994,8,2,49566,0.7388215,7.4e-06,60.4451785
1994,8,3,49567,0.7377393,7.4e-06,60.4462607
1994,8,4,49568,0.7366102,7.5e-06,60.4473898
1994,8,5,49569,0.7353744,7.4e-06,60.4486256
1994,8,6,49570,0.7340001,7.4e-06,60.4499999
1994,8,7,49571,0.7324892,7.3e-06,60.4515108
1994,8,8,49572,0.7308779,7.2e-06,60.4531221
1994,8,9,49573,0.7291955,7.2e-06,60.4548045
1994,8,10,49574,0.7274664,7e-06,60.4565336
1994,8,11,49575,0.7256891,6.9e-06,60.4583109
1994,8,12,49576,0.7239629,6.9e-06,60.4600371
1994,8,13,49577,0.7223646,6.8e-06,60.4616354
1994,8,14,49578,0.7209343,6.7e-06,60.4630657
1994,8,15,49579,0.7196716,6.6e-06,60.4643284
1994,8,16,49580,0.718479,6.5e-06,60.465521
1994,8,17,49581,0.7172528,6.3e-06,60.4667472
1994,8,18,49582,0.7159562,6.2e-06,60.4680438
1994,8,19,49583,0.7145801,6e-06,60.4694199
1994,8,20,49584,0.7131232,5.8e-06,60.4708768
1994,8,21,49585,0.7115599,5.7e-06,60.4724401
1994,8,22,49586,0.7098679,5.5e-06,60.4741321
1994,8,23,49587,0.7081087,5.3e-06,60.4758913
1994,8,24,49588,0.7063424,5.1e-06,60.4776576
1994,8,25,49589,0.7045979,4.9e-06,60.4794021
1994,8,26,49590,0.7029473,4.9e-06,60.4810527
1994,8,27,49591,0.7013374,4.9e-06,60.4826626
1994,8,28,49592,0.699765,4.9e-06,60.484235
1994,8,29,49593,0.698292,4.9e-06,60.485708
1994,8,30,49594,0.6968789,4.9e-06,60.4871211
1994,8,31,49595,0.695459,4.9e-06,60.488541
1994,9,1,49596,0.6939872,4.9e-06,60.4900128
1994,9,2,49597,0.6923702,4.9e-06,60.4916298
1994,9,3,49598,0.6905648,4.9e-06,60.4934352
1994,9,4,49599,0.6885292,4.8e-06,60.4954708
1994,9,5,49600,0.6862661,4.8e-06,60.4977339
1994,9,6,49601,0.6838788,4.7e-06,60.5001212
1994,9,7,49602,0.6814102,4.6e-06,60.5025898
1994,9,8,49603,0.6788916,4.5e-06,60.5051084
1994,9,9,49604,0.6763566,4.6e-06,60.5076434
1994,9,10,49605,0.6738499,4.7e-06,60.5101501
1994,9,11,49606,0.6714676,4.8e-06,60.5125324
1994,9,12,49607,0.669247,5e-06,60.514753
1994,9,13,49608,0.6670809,5.1e-06,60.5169191
1994,9,14,49609,0.664859,5.2e-06,60.519141
1994,9,15,49610,0.6625879,5.3e-06,60.5214121
1994,9,16,49611,0.6602148,5.4e-06,60.5237852
1994,9,17,49612,0.6576711,5.5e-06,60.5263289
1994,9,18,49613,0.6550341,5.5e-06,60.5289659
1994,9,19,49614,0.6524233,5.6e-06,60.5315767
1994,9,20,49615,0.6498639,5.6e-06,60.5341361
1994,9,21,49616,0.6473593,5.6e-06,60.5366407
1994,9,22,49617,0.6449262,5.6e-06,60.5390738
1994,9,23,49618,0.6426024,5.6e-06,60.5413976
1994,9,24,49619,0.6404156,5.6e-06,60.5435844
1994,9,25,49620,0.6383192,5.6e-06,60.5456808
1994,9,26,49621,0.6362862,5.5e-06,60.5477138
1994,9,27,49622,0.6343415,5.4e-06,60.5496585
1994,9,28,49623,0.6324569,5.3e-06,60.5515431
1994,9,29,49624,0.6304653,5.2e-06,60.5535347
1994,9,30,49625,0.6283653,5.2e-06,60.5556347
1994,10,1,49626,0.6261279,5.1e-06,60.5578721
1994,10,2,49627,0.6237025,4.9e-06,60.5602975
1994,10,3,49628,0.621167,4.8e-06,60.562833
1994,10,4,49629,0.6184726,4.6e-06,60.5655274
1994,10,5,49630,0.6156125,4.5e-06,60.5683875
1994,10,6,49631,0.6127435,4.4e-06,60.5712565
1994,10,7,49632,0.6099999,4.3e-06,60.5740001
1994,10,8,49633,0.6074247,4.2e-06,60.5765753
1994,10,9,49634,0.6050055,4.1e-06,60.5789945
1994,10,10,49635,0.6026921,4e-06,60.5813079
1994,10,11,49636,0.6004111,3.9e-06,60.5835889
1994,10,12,49637,0.5980966,3.8e-06,60.5859034
1994,10,13,49638,0.5957094,3.8e-06,60.5882906
1994,10,14,49639,0.5932386,3.7e-06,60.5907614
1994,10,15,49640,0.5907027,3.8e-06,60.5932973
1994,10,16,49641,0.5881522,3.8e-06,60.5958478
1994,10,17,49642,0.5856513,3.9e-06,60.5983487
1994,10,18,49643,0.5832557,4e-06,60.6007443
1994,10,19,49644,0.5809956,4e-06,60.6030044
1994,10,20,49645,0.578867,4e-06,60.605133
1994,10,21,49646,0.5768335,4.1e-06,60.6071665
1994,10,22,49647,0.574852,4.1e-06,60.609148
1994,10,23,49648,0.5729107,4.1e-06,60.6110893
1994,10,24,49649,0.570988,4e-06,60.613012
1994,10,25,49650,0.5690255,4e-06,60.6149745
1994,10,26,49651,0.5669623,4e-06,60.6170377
1994,10,27,49652,0.5647546,3.9e-06,60.6192454
1994,10,28,49653,0.5624602,3.9e-06,60.6215398
1994,10,29,49654,0.5599775,4e-06,60.6240225
1994,10,30,49655,0.5572797,4.1e-06,60.6267203
1994,10,31,49656,0.5544718,4.3e-06,60.6295282
1994,11,1,49657,0.5515654,4.5e-06,60.6324346
1994,11,2,49658,0.5486025,4.6e-06,60.6353975
1994,11,3,49659,0.5457013,4.8e-06,60.6382987
1994,11,4,49660,0.5428777,5e-06,60.6411223
1994,11,5,49661,0.540312,5.2e-06,60.643688
1994,11,6,49662,0.5379544,5.3e-06,60.6460456
1994,11,7,49663,0.5355774,5.4e-06,60.6484226
1994,11,8,49664,0.5333013,5.6e-06,60.6506987
1994,11,9,49665,0.5309998,5.7e-06,60.6530002
1994,11,10,49666,0.5286282,5.7e-06,60.6553718
1994,11,11,49667,0.5261646,5.8e-06,60.6578354
1994,11,12,49668,0.5236103,5.9e-06,60.6603897
1994,11,13,49669,0.5210656,5.9e-06,60.6629344
1994,11,14,49670,0.5186191,5.9e-06,60.6653809
1994,11,15,49671,0.5162229,5.9e-06,60.6677771
1994,11,16,49672,0.5138499,5.9e-06,60.6701501
1994,11,17,49673,0.5115461,5.8e-06,60.6724539
1994,11,18,49674,0.5093057,5.8e-06,60.6746943
1994,11,19,49675,0.5072004,5.7e-06,60.6767996
1994,11,20,49676,0.5052605,5.6e-06,60.6787395
1994,11,21,49677,0.5032743,5.4e-06,60.6807257
1994,11,22,49678,0.5012127,5.3e-06,60.6827873
1994,11,23,49679,0.4990661,5.2e-06,60.6849339
1994,11,24,49680,0.4967646,5e-06,60.6872354
1994,11,25,49681,0.4942839,4.8e-06,60.6897161
1994,11,26,49682,0.4916588,4.7e-06,60.6923412
1994,11,27,49683,0.4889468,4.5e-06,60.6950532
1994,11,28,49684,0.4862037,4.3e-06,60.6977963
1994,11,29,49685,0.4834738,4.2e-06,60.7005262
1994,11,30,49686,0.4807839,4.2e-06,60.7032161
1994,12,1,49687,0.4781238,4.2e-06,60.7058762
1994,12,2,49688,0.475582,4.3e-06,60.708418
1994,12,3,49689,0.4732124,4.3e-06,60.7107876
1994,12,4,49690,0.4709206,4.3e-06,60.7130794
1994,12,5,49691,0.4686168,4.3e-06,60.7153832
1994,12,6,49692,0.4662636,4.3e-06,60.7177364
1994,12,7,49693,0.463849,4.3e-06,60.720151
1994,12,8,49694,0.4613401,4.3e-06,60.7226599
1994,12,9,49695,0.4588103,4.2e-06,60.7251897
1994,12,10,49696,0.4563365,4.2e-06,60.7276635
1994,12,11,49697,0.4538987,4.1e-06,60.7301013
1994,12,12,49698,0.4514514,4e-06,60.7325486
1994,12,13,49699,0.4490232,3.9e-06,60.7349768
1994,12,14,49700,0.4466585,3.9e-06,60.7373415
1994,12,15,49701,0.4443893,4e-06,60.7396107
1994,12,16,49702,0.4421827,4.1e-06,60.7418173
1994,12,17,49703,0.4399686,4.2e-06,60.7440314
1994,12,18,49704,0.437712,4.3e-06,60.746288
1994,12,19,49705,0.4353743,4.3e-06,60.7486257
1994,12,20,49706,0.4329009,4.4e-06,60.7510991
1994,12,21,49707,0.4302598,4.5e-06,60.7537402
1994,12,22,49708,0.4274686,4.6e-06,60.7565314
1994,12,23,49709,0.4245884,4.7e-06,60.7594116
1994,12,24,49710,0.4216393,4.7e-06,60.7623607
1994,12,25,49711,0.4186079,4.7e-06,60.7653921
1994,12,26,49712,0.4155345,4.8e-06,60.7684655
1994,12,27,49713,0.4124802,4.8e-06,60.7715198
1994,12,28,49714,0.4095106,4.8e-06,60.7744894
1994,12,29,49715,0.4066726,4.9e-06,60.7773274
1994,12,30,49716,0.4039655,5e-06,60.7800345
1994,12,31,49717,0.4013193,5e-06,60.7826807
1995,1,1,49718,0.3986932,5e-06,60.7853068
1995,1,2,49719,0.3959872,5e-06,60.7880128
1995,1,3,49720,0.393153,5e-06,60.790847
1995,1,4,49721,0.3901884,5e-06,60.7938116
1995,1,5,49722,0.3871481,5e-06,60.7968519
1995,1,6,49723,0.3841237,5e-06,60.7998763
1995,1,7,49724,0.3812015,5e-06,60.8027985
1995,1,8,49725,0.378431,5e-06,60.805569
1995,1,9,49726,0.3758292,5e-06,60.8081708
1995,1,10,49727,0.3733901,5e-06,60.8106099
1995,1,11,49728,0.37109,4.9e-06,60.81291
1995,1,12,49729,0.368887,4.9e-06,60.815113
1995,1,13,49730,0.3667743,4.9e-06,60.8172257
1995,1,14,49731,0.3647225,4.9e-06,60.8192775
1995,1,15,49732,0.3626271,4.9e-06,60.8213729
1995,1,16,49733,0.360456,4.8e-06,60.823544
1995,1,17,49734,0.3582247,4.8e-06,60.8257753
1995,1,18,49735,0.3559201,4.7e-06,60.8280799
1995,1,19,49736,0.3534592,4.6e-06,60.8305408
1995,1,20,49737,0.3508187,4.5e-06,60.8331813
1995,1,21,49738,0.3480628,4.4e-06,60.8359372
1995,1,22,49739,0.3452652,4.3e-06,60.8387348
1995,1,23,49740,0.3424363,4.1e-06,60.8415637
1995,1,24,49741,0.3396132,4e-06,60.8443868
1995,1,25,49742,0.336834,4e-06,60.847166
1995,1,26,49743,0.3341198,4.1e-06,60.8498802
1995,1,27,49744,0.3314487,4.3e-06,60.8525513
1995,1,28,49745,0.328774,4.3e-06,60.855226
1995,1,29,49746,0.3260677,4.4e-06,60.8579323
1995,1,30,49747,0.3233169,4.5e-06,60.8606831
1995,1,31,49748,0.3205258,4.7e-06,60.8634742
1995,2,1,49749,0.3176746,4.7e-06,60.8663254
1995,2,2,49750,0.3146086,4.8e-06,60.8693914
1995,2,3,49751,0.3118196,4.9e-06,60.8721804
1995,2,4,49752,0.3091283,4.9e-06,60.8748717
1995,2,5,49753,0.3063432,4.9e-06,60.8776568
1995,2,6,49754,0.3037107,4.9e-06,60.8802893
1995,2,7,49755,0.3011947,4.8e-06,60.8828053
1995,2,8,49756,0.29877,4.8e-06,60.88523
1995,2,9,49757,0.2965012,4.8e-06,60.8874988
1995,2,10,49758,0.2943006,4.9e-06,60.8896994
1995,2,11,49759,0.2920853,4.9e-06,60.8919147
1995,2,12,49760,0.289902,4.9e-06,60.894098
1995,2,13,49761,0.2876987,4.9e-06,60.8963013
1995,2,14,49762,0.2853973,5e-06,60.8986027
1995,2,15,49763,0.2829285,5e-06,60.9010715
1995,2,16,49764,0.280274,4.9e-06,60.903726
1995,2,17,49765,0.277468,4.9e-06,60.906532
1995,2,18,49766,0.274584,4.9e-06,60.909416
1995,2,19,49767,0.271714,4.8e-06,60.912286
1995,2,20,49768,0.2689388,4.8e-06,60.9150612
1995,2,21,49769,0.2663011,4.7e-06,60.9176989
1995,2,22,49770,0.2637927,4.6e-06,60.9202073
1995,2,23,49771,0.2613595,4.6e-06,60.9226405
1995,2,24,49772,0.2589132,4.5e-06,60.9250868
1995,2,25,49773,0.2563757,4.5e-06,60.9276243
1995,2,26,49774,0.2537291,4.4e-06,60.9302709
1995,2,27,49775,0.2509937,4.4e-06,60.9330063
1995,2,28,49776,0.2481981,4.3e-06,60.9358019
1995,3,1,49777,0.245339,4.2e-06,60.938661
1995,3,2,49778,0.2423715,4.1e-06,60.9416285
1995,3,3,49779,0.2393132,4e-06,60.9446868
1995,3,4,49780,0.2362324,3.9e-06,60.9477676
1995,3,5,49781,0.2332031,3.8e-06,60.9507969
1995,3,6,49782,0.2302854,3.7e-06,60.9537146
1995,3,7,49783,0.2275059,3.6e-06,60.9564941
1995,3,8,49784,0.2248443,3.6e-06,60.9591557
1995,3,9,49785,0.2222282,3.7e-06,60.9617718
1995,3,10,49786,0.2195743,3.8e-06,60.9644257
1995,3,11,49787,0.2168542,3.9e-06,60.9671458
1995,3,12,49788,0.2140731,3.9e-06,60.9699269
1995,3,13,49789,0.2112032,4e-06,60.9727968
1995,3,14,49790,0.2082621,4.1e-06,60.9757379
1995,3,15,49791,0.2052481,4.1e-06,60.9787519
1995,3,16,49792,0.2020772,4.2e-06,60.9819228
1995,3,17,49793,0.1988021,4.2e-06,60.9851979
1995,3,18,49794,0.195509,4.2e-06,60.988491
1995,3,19,49795,0.1922383,4.2e-06,60.9917617
1995,3,20,49796,0.1891023,4.1e-06,60.9948977
1995,3,21,49797,0.1861711,4.1e-06,60.9978289
1995,3,22,49798,0.1834586,4.1e-06,61.0005414
1995,3,23,49799,0.1809176,4.1e-06,61.0030824
1995,3,24,49800,0.1784475,4.1e-06,61.0055525
1995,3,25,49801,0.1759393,4.2e-06,61.0080607
1995,3,26,49802,0.1733291,4.2e-06,61.0106709
1995,3,27,49803,0.1706072,4.2e-06,61.0133928
1995,3,28,49804,0.1677979,4.3e-06,61.0162021
1995,3,29,49805,0.1649347,4.3e-06,61.0190653
1995,3,30,49806,0.1620166,4.3e-06,61.0219834
1995,3,31,49807,0.1591254,4.2e-06,61.0248746
1995,4,1,49808,0.1563215,4.2e-06,61.0276785
1995,4,2,49809,0.1535896,4.2e-06,61.0304104
1995,4,3,49810,0.1509445,4.2e-06,61.0330555
1995,4,4,49811,0.1483986,4.1e-06,61.0356014
1995,4,5,49812,0.1459402,4.1e-06,61.0380598
1995,4,6,49813,0.1435126,4.1e-06,61.0404874
1995,4,7,49814,0.1410775,4e-06,61.0429225
1995,4,8,49815,0.138547,4e-06,61.045453
1995,4,9,49816,0.1359143,3.9e-06,61.0480857
1995,4,10,49817,0.1332703,3.9e-06,61.0507297
1995,4,11,49818,0.1305189,3.8e-06,61.0534811
1995,4,12,49819,0.1275704,3.8e-06,61.0564296
1995,4,13,49820,0.1244554,3.7e-06,61.0595446
1995,4,14,49821,0.1213085,3.7e-06,61.0626915
1995,4,15,49822,0.1181646,3.7e-06,61.0658354
1995,4,16,49823,0.1150728,3.7e-06,61.0689272
1995,4,17,49824,0.1120894,3.7e-06,61.0719106
1995,4,18,49825,0.1092203,3.7e-06,61.0747797
1995,4,19,49826,0.1064555,3.6e-06,61.0775445
1995,4,20,49827,0.103792,3.6e-06,61.080208
1995,4,21,49828,0.1011305,3.6e-06,61.0828695
1995,4,22,49829,0.0984301,3.6e-06,61.0855699
1995,4,23,49830,0.0956759,3.7e-06,61.0883241
1995,4,24,49831,0.0928404,3.8e-06,61.0911596
1995,4,25,49832,0.0899432,4e-06,61.0940568
1995,4,26,49833,0.087021,4.1e-06,61.096979
1995,4,27,49834,0.0840969,4.2e-06,61.0999031
1995,4,28,49835,0.0812704,4.3e-06,61.1027296
1995,4,29,49836,0.0785967,4.4e-06,61.1054033
1995,4,30,49837,0.076028,4.5e-06,61.107972
1995,5,1,49838,0.0736386,4.6e-06,61.1103614
1995,5,2,49839,0.0713368,4.8e-06,61.1126632
1995,5,3,49840,0.0690094,4.9e-06,61.1149906
1995,5,4,49841,0.0666339,5e-06,61.1173661
1995,5,5,49842,0.0642434,5.1e-06,61.1197566
1995,5,6,49843,0.0617573,5.3e-06,61.1222427
1995,5,7,49844,0.0590597,5.4e-06,61.1249403
1995,5,8,49845,0.0564544,5.4e-06,61.1275456
1995,5,9,49846,0.0538004,5.5e-06,61.1301996
1995,5,10,49847,0.0509355,5.5e-06,61.1330645
1995,5,11,49848,0.0479354,5.5e-06,61.1360646
1995,5,12,49849,0.0448849,5.6e-06,61.1391151
1995,5,13,49850,0.0418773,5.6e-06,61.1421227
1995,5,14,49851,0.0389869,5.6e-06,61.1450131
1995,5,15,49852,0.0361929,5.6e-06,61.1478071
1995,5,16,49853,0.0334836,5.5e-06,61.1505164
1995,5,17,49854,0.0308392,5.5e-06,61.1531608
1995,5,18,49855,0.028239,5.5e-06,61.155761
1995,5,19,49856,0.0256883,5.5e-06,61.1583117
1995,5,20,49857,0.0231557,5.5e-06,61.1608443
1995,5,21,49858,0.0205802,5.6e-06,61.1634198
1995,5,22,49859,0.0180337,5.6e-06,61.1659663
1995,5,23,49860,0.01554,5.5e-06,61.16846
1995,5,24,49861,0.0131379,5.5e-06,61.1708621
1995,5,25,49862,0.0108963,5.5e-06,61.1731037
1995,5,26,49863,0.0086757,5.5e-06,61.1753243
1995,5,27,49864,0.0065314,5.4e-06,61.1774686
1995,5,28,49865,0.0045699,5.3e-06,61.1794301
1995,5,29,49866,0.0026544,5.2e-06,61.1813456
1995,5,30,49867,0.0007547,5.2e-06,61.1832453
1995,5,31,49868,-0.0011365,5.1e-06,61.1851365
1995,6,1,49869,-0.0030311,5.1e-06,61.1870311
1995,6,2,49870,-0.0049648,5.1e-06,61.1889648
1995,6,3,49871,-0.0070494,5.1e-06,61.1910494
1995,6,4,49872,-0.0093035,5.2e-06,61.1933035
1995,6,5,49873,-0.0115904,5.2e-06,61.1955904
1995,6,6,49874,-0.013912,5.2e-06,61.197912
1995,6,7,49875,-0.0162934,5.2e-06,61.2002934
1995,6,8,49876,-0.0187386,5.2e-06,61.2027386
1995,6,9,49877,-0.021188,5.2e-06,61.205188
1995,6,10,49878,-0.0235649,5.3e-06,61.2075649
1995,6,11,49879,-0.0258354,5.3e-06,61.2098354
1995,6,12,49880,-0.0279989,5.3e-06,61.2119989
1995,6,13,49881,-0.0300533,5.3e-06,61.2140533
1995,6,14,49882,-0.0320663,5.4e-06,61.2160663
1995,6,15,49883,-0.0341627,5.4e-06,61.2181627
1995,6,16,49884,-0.0363121,5.4e-06,61.2203121
1995,6,17,49885,-0.0384842,5.4e-06,61.2224842
1995,6,18,49886,-0.0406982,5.3e-06,61.2246982
1995,6,19,49887,-0.0429412,5.3e-06,61.2269412
1995,6,20,49888,-0.0451504,5.2e-06,61.2291504
1995,6,21,49889,-0.0472641,5.1e-06,61.2312641
1995,6,22,49890,-0.0492573,5e-06,61.2332573
1995,6,23,49891,-0.051091,4.9e-06,61.235091
1995,6,24,49892,-0.0527083,4.9e-06,61.2367083
1995,6,25,49893,-0.0541121,4.9e-06,61.2381121
1995,6,26,49894,-0.0553841,4.9e-06,61.2393841
1995,6,27,49895,-0.0565509,5e-06,61.2405509
1995,6,28,49896,-0.0576538,5e-06,61.2416538
1995,6,29,49897,-0.058794,5e-06,61.242794
1995,6,30,49898,-0.0600581,5.1e-06,61.2440581
1995,7,1,49899,-0.061395,5.2e-06,61.245395
1995,7,2,49900,-0.0628251,5.3e-06,61.2468251
1995,7,3,49901,-0.0644717,5.5e-06,61.2484717
1995,7,4,49902,-0.0662549,5.6e-06,61.2502549
1995,7,5,49903,-0.0680499,5.7e-06,61.2520499
1995,7,6,49904,-0.0697681,5.8e-06,61.2537681
1995,7,7,49905,-0.0714603,5.9e-06,61.2554603
1995,7,8,49906,-0.0731036,6.1e-06,61.2571036
1995,7,9,49907,-0.0746268,6.2e-06,61.2586268
1995,7,10,49908,-0.0760555,6.3e-06,61.2600555
1995,7,11,49909,-0.0774463,6.4e-06,61.2614463
1995,7,12,49910,-0.078873,6.5e-06,61.262873
1995,7,13,49911,-0.0803933,6.6e-06,61.2643933
1995,7,14,49912,-0.082002,6.6e-06,61.266002
1995,7,15,49913,-0.083713,6.7e-06,61.267713
1995,7,16,49914,-0.085496,6.8e-06,61.269496
1995,7,17,49915,-0.0872333,6.8e-06,61.2712333
1995,7,18,49916,-0.0888722,6.9e-06,61.2728722
1995,7,19,49917,-0.0904032,7e-06,61.2744032
1995,7,20,49918,-0.0918136,7e-06,61.2758136
1995,7,21,49919,-0.093048,7.1e-06,61.277048
1995,7,22,49920,-0.0940897,7.1e-06,61.2780897
1995,7,23,49921,-0.0950328,7e-06,61.2790328
1995,7,24,49922,-0.0958895,7e-06,61.2798895
1995,7,25,49923,-0.0966916,6.9e-06,61.2806916
1995,7,26,49924,-0.0975017,6.9e-06,61.2815017
1995,7,27,49925,-0.0984283,7e-06,61.2824283
1995,7,28,49926,-0.0993747,7e-06,61.2833747
1995,7,29,49927,-0.1003048,7e-06,61.2843048
1995,7,30,49928,-0.1014629,7e-06,61.2854629
1995,7,31,49929,-0.1027263,6.9e-06,61.2867263
1995,8,1,49930,-0.1040775,6.9e-06,61.2880775
1995,8,2,49931,-0.105528,6.8e-06,61.289528
1995,8,3,49932,-0.1070137,6.7e-06,61.2910137
1995,8,4,49933,-0.1084017,6.7e-06,61.2924017
1995,8,5,49934,-0.109669,6.5e-06,61.293669
1995,8,6,49935,-0.1109854,6.4e-06,61.2949854
1995,8,7,49936,-0.1123212,6.2e-06,61.2963212
1995,8,8,49937,-0.1136815,6.1e-06,61.2976815
1995,8,9,49938,-0.1151014,5.9e-06,61.2991014
1995,8,10,49939,-0.1166276,5.8e-06,61.3006276
1995,8,11,49940,-0.1183964,5.6e-06,61.3023964
1995,8,12,49941,-0.120237,5.4e-06,61.304237
1995,8,13,49942,-0.1220283,5.2e-06,61.3060283
1995,8,14,49943,-0.1237261,5.1e-06,61.3077261
1995,8,15,49944,-0.1253262,4.9e-06,61.3093262
1995,8,16,49945,-0.1268507,4.8e-06,61.3108507
1995,8,17,49946,-0.1283192,4.6e-06,61.3123192
1995,8,18,49947,-0.1296786,4.5e-06,61.3136786
1995,8,19,49948,-0.1309886,4.4e-06,61.3149886
1995,8,20,49949,-0.1323298,4.2e-06,61.3163298
1995,8,21,49950,-0.1336373,4.1e-06,61.3176373
1995,8,22,49951,-0.1349869,4e-06,61.3189869
1995,8,23,49952,-0.1364499,3.8e-06,61.3204499
1995,8,24,49953,-0.1379931,3.7e-06,61.3219931
1995,8,25,49954,-0.1396319,3.6e-06,61.3236319
1995,8,26,49955,-0.1414303,3.6e-06,61.3254303
1995,8,27,49956,-0.1433827,3.5e-06,61.3273827
1995,8,28,49957,-0.1454435,3.6e-06,61.3294435
1995,8,29,49958,-0.1475828,3.6e-06,61.3315828
1995,8,30,49959,-0.1496951,3.7e-06,61.3336951
1995,8,31,49960,-0.1517381,3.8e-06,61.3357381
1995,9,1,49961,-0.1537347,3.9e-06,61.3377347
1995,9,2,49962,-0.1557114,4e-06,61.3397114
1995,9,3,49963,-0.1576912,4.1e-06,61.3416912
1995,9,4,49964,-0.159692,4.3e-06,61.343692
1995,9,5,49965,-0.1617315,4.4e-06,61.3457315
1995,9,6,49966,-0.1638296,4.5e-06,61.3478296
1995,9,7,49967,-0.1660058,4.7e-06,61.3500058
1995,9,8,49968,-0.1682906,4.8e-06,61.3522906
1995,9,9,49969,-0.170668,4.9e-06,61.354668
1995,9,10,49970,-0.1730435,5e-06,61.3570435
1995,9,11,49971,-0.1753005,5.1e-06,61.3593005
1995,9,12,49972,-0.1774237,5.2e-06,61.3614237
1995,9,13,49973,-0.1794315,5.2e-06,61.3634315
1995,9,14,49974,-0.1813405,5.3e-06,61.3653405
1995,9,15,49975,-0.1832022,5.3e-06,61.3672022
1995,9,16,49976,-0.1850495,5.3e-06,61.3690495
1995,9,17,49977,-0.1868809,5.2e-06,61.3708809
1995,9,18,49978,-0.188728,5.2e-06,61.372728
1995,9,19,49979,-0.1906152,5.1e-06,61.3746152
1995,9,20,49980,-0.1925815,5.1e-06,61.3765815
1995,9,21,49981,-0.1946962,5.2e-06,61.3786962
1995,9,22,49982,-0.1969837,5.3e-06,61.3809837
1995,9,23,49983,-0.1994264,5.3e-06,61.3834264
1995,9,24,49984,-0.2020013,5.4e-06,61.3860013
1995,9,25,49985,-0.2046675,5.4e-06,61.3886675
1995,9,26,49986,-0.2073644,5.5e-06,61.3913644
1995,9,27,49987,-0.2100195,5.5e-06,61.3940195
1995,9,28,49988,-0.2125537,5.6e-06,61.3965537
1995,9,29,49989,-0.2149775,5.6e-06,61.3989775
1995,9,30,49990,-0.2173107,5.5e-06,61.4013107
1995,10,1,49991,-0.219584,5.5e-06,61.403584
1995,10,2,49992,-0.221926,5.4e-06,61.405926
1995,10,3,49993,-0.2243618,5.3e-06,61.4083618
1995,10,4,49994,-0.2268775,5.3e-06,61.4108775
1995,10,5,49995,-0.2294524,5.2e-06,61.4134524
1995,10,6,49996,-0.2320809,5.2e-06,61.4160809
1995,10,7,49997,-0.2347541,5.2e-06,61.4187541
1995,10,8,49998,-0.2374313,5.1e-06,61.4214313
1995,10,9,49999,-0.2400454,5.1e-06,61.4240454
1995,10,10,50000,-0.2425217,5e-06,61.4265217
1995,10,11,50001,-0.2448183,4.9e-06,61.4288183
1995,10,12,50002,-0.2469626,4.8e-06,61.4309626
1995,10,13,50003,-0.2489987,4.7e-06,61.4329987
1995,10,14,50004,-0.250969,4.7e-06,61.434969
1995,10,15,50005,-0.2528996,4.7e-06,61.4368996
1995,10,16,50006,-0.2548225,4.6e-06,61.4388225
1995,10,17,50007,-0.2567966,4.6e-06,61.4407966
1995,10,18,50008,-0.2588658,4.6e-06,61.4428658
1995,10,19,50009,-0.2610344,4.6e-06,61.4450344
1995,10,20,50010,-0.2632751,4.6e-06,61.4472751
1995,10,21,50011,-0.2656015,4.6e-06,61.4496015
1995,10,22,50012,-0.2680782,4.7e-06,61.4520782
1995,10,23,50013,-0.2705369,4.7e-06,61.4545369
1995,10,24,50014,-0.2729608,4.7e-06,61.4569608
1995,10,25,50015,-0.2753783,4.7e-06,61.4593783
1995,10,26,50016,-0.2777805,4.7e-06,61.4617805
1995,10,27,50017,-0.2800824,4.6e-06,61.4640824
1995,10,28,50018,-0.2822914,4.6e-06,61.4662914
1995,10,29,50019,-0.2846051,4.6e-06,61.4686051
1995,10,30,50020,-0.2869733,4.5e-06,61.4709733
1995,10,31,50021,-0.2894326,4.5e-06,61.4734326
1995,11,1,50022,-0.2920329,4.4e-06,61.4760329
1995,11,2,50023,-0.2947886,4.5e-06,61.4787886
1995,11,3,50024,-0.2975678,4.5e-06,61.4815678
1995,11,4,50025,-0.3002622,4.6e-06,61.4842622
1995,11,5,50026,-0.3029163,4.6e-06,61.4869163
1995,11,6,50027,-0.3054149,4.6e-06,61.4894149
1995,11,7,50028,-0.3077738,4.6e-06,61.4917738
1995,11,8,50029,-0.3100347,4.6e-06,61.4940347
1995,11,9,50030,-0.312199,4.6e-06,61.496199
1995,11,10,50031,-0.3142635,4.6e-06,61.4982635
1995,11,11,50032,-0.3162414,4.6e-06,61.5002414
1995,11,12,50033,-0.3181927,4.6e-06,61.5021927
1995,11,13,50034,-0.3202232,4.6e-06,61.5042232
1995,11,14,50035,-0.3223704,4.6e-06,61.5063704
1995,11,15,50036,-0.3246548,4.5e-06,61.5086548
1995,11,16,50037,-0.3271349,4.5e-06,61.5111349
1995,11,17,50038,-0.3297945,4.4e-06,61.5137945
1995,11,18,50039,-0.3325679,4.4e-06,61.5165679
1995,11,19,50040,-0.3354069,4.3e-06,61.5194069
1995,11,20,50041,-0.3382711,4.3e-06,61.5222711
1995,11,21,50042,-0.3411224,4.3e-06,61.5251224
1995,11,22,50043,-0.3439292,4.2e-06,61.5279292
1995,11,23,50044,-0.3466714,4.1e-06,61.5306714
1995,11,24,50045,-0.3493493,4.1e-06,61.5333493
1995,11,25,50046,-0.3519872,4e-06,61.5359872
1995,11,26,50047,-0.3546271,3.9e-06,61.5386271
1995,11,27,50048,-0.3573129,3.9e-06,61.5413129
1995,11,28,50049,-0.3600652,3.8e-06,61.5440652
1995,11,29,50050,-0.3628742,3.8e-06,61.5468742
1995,11,30,50051,-0.3657048,3.8e-06,61.5497048
1995,12,1,50052,-0.3684881,3.8e-06,61.5524881
1995,12,2,50053,-0.371149,3.8e-06,61.555149
1995,12,3,50054,-0.3736705,3.8e-06,61.5576705
1995,12,4,50055,-0.3761103,3.8e-06,61.5601103
1995,12,5,50056,-0.3784533,3.8e-06,61.5624533
1995,12,6,50057,-0.3806776,3.8e-06,61.5646776
1995,12,7,50058,-0.3827868,3.8e-06,61.5667868
1995,12,8,50059,-0.3848618,3.8e-06,61.5688618
1995,12,9,50060,-0.3869928,3.8e-06,61.5709928
1995,12,10,50061,-0.3891915,3.8e-06,61.5731915
1995,12,11,50062,-0.3914347,3.8e-06,61.5754347
1995,12,12,50063,-0.3937373,3.7e-06,61.5777373
1995,12,13,50064,-0.3961387,3.7e-06,61.5801387
1995,12,14,50065,-0.3986898,3.7e-06,61.5826898
1995,12,15,50066,-0.4013246,3.8e-06,61.5853246
1995,12,16,50067,-0.4039711,3.9e-06,61.5879711
1995,12,17,50068,-0.4066098,4e-06,61.5906098
1995,12,18,50069,-0.4092425,4e-06,61.5932425
1995,12,19,50070,-0.4118647,4.1e-06,61.5958647
1995,12,20,50071,-0.4144596,4.1e-06,61.5984596
1995,12,21,50072,-0.4169912,4.2e-06,61.6009912
1995,12,22,50073,-0.4194464,4.2e-06,61.6034464
1995,12,23,50074,-0.4218809,4.2e-06,61.6058809
1995,12,24,50075,-0.4243982,4.2e-06,61.6083982
1995,12,25,50076,-0.4270408,4.3e-06,61.6110408
1995,12,26,50077,-0.4297935,4.3e-06,61.6137935
1995,12,27,50078,-0.432591,4.3e-06,61.616591
1995,12,28,50079,-0.4353435,4.4e-06,61.6193435
1995,12,29,50080,-0.4379728,4.4e-06,61.6219728
1995,12,30,50081,-0.4404169,4.5e-06,61.6244169
1995,12,31,50082,-0.4426395,4.5e-06,61.6266395
1996,1,1,50083,0.5553311,5.9e-06,61.6286689
1996,1,2,50084,0.5535008,6e-06,61.6304992
1996,1,3,50085,0.5518007,6e-06,61.6321993
1996,1,4,50086,0.550181,6.1e-06,61.633819
1996,1,5,50087,0.5486262,6.1e-06,61.6353738
1996,1,6,50088,0.5470933,6.1e-06,61.6369067
1996,1,7,50089,0.5454748,6.1e-06,61.6385252
1996,1,8,50090,0.5437184,6.1e-06,61.6402816
1996,1,9,50091,0.5418656,6.1e-06,61.6421344
1996,1,10,50092,0.5399464,6.1e-06,61.6440536
1996,1,11,50093,0.5379462,6.1e-06,61.6460538
1996,1,12,50094,0.5359539,6.2e-06,61.6480461
1996,1,13,50095,0.5339707,6.3e-06,61.6500293
1996,1,14,50096,0.5319851,6.4e-06,61.6520149
1996,1,15,50097,0.530118,6.5e-06,61.653882
1996,1,16,50098,0.5282236,6.6e-06,61.6557764
1996,1,17,50099,0.5262528,6.6e-06,61.6577472
1996,1,18,50100,0.5244383,6.6e-06,61.6595617
1996,1,19,50101,0.5227337,6.7e-06,61.6612663
1996,1,20,50102,0.520935,6.6e-06,61.663065
1996,1,21,50103,0.5189733,6.6e-06,61.6650267
1996,1,22,50104,0.5168669,6.6e-06,61.6671331
1996,1,23,50105,0.5147,6.6e-06,61.6693
1996,1,24,50106,0.5125739,6.5e-06,61.6714261
1996,1,25,50107,0.5105356,6.5e-06,61.6734644
1996,1,26,50108,0.5086062,6.4e-06,61.6753938
1996,1,27,50109,0.5067972,6.3e-06,61.6772028
1996,1,28,50110,0.5051299,6.2e-06,61.6788701
1996,1,29,50111,0.5036074,6.1e-06,61.6803926
1996,1,30,50112,0.502187,6e-06,61.681813
1996,1,31,50113,0.5008111,6e-06,61.6831889
1996,2,1,50114,0.4994402,6e-06,61.6845598
1996,2,2,50115,0.4980101,6e-06,61.6859899
1996,2,3,50116,0.4964546,5.9e-06,61.6875454
1996,2,4,50117,0.4947663,5.8e-06,61.6892337
1996,2,5,50118,0.4930111,5.7e-06,61.6909889
1996,2,6,50119,0.4911392,5.6e-06,61.6928608
1996,2,7,50120,0.4891231,5.4e-06,61.6948769
1996,2,8,50121,0.4871326,5.5e-06,61.6968674
1996,2,9,50122,0.4848169,5.6e-06,61.6991831
1996,2,10,50123,0.4827692,5.6e-06,61.7012308
1996,2,11,50124,0.4806513,5.6e-06,61.7033487
1996,2,12,50125,0.4786183,5.5e-06,61.7053817
1996,2,13,50126,0.4766667,5.5e-06,61.7073333
1996,2,14,50127,0.4747276,5.4e-06,61.7092724
1996,2,15,50128,0.4727888,5.3e-06,61.7112112
1996,2,16,50129,0.4707968,5.1e-06,61.7132032
1996,2,17,50130,0.468673,5e-06,61.715327
1996,2,18,50131,0.4663741,4.8e-06,61.7176259
1996,2,19,50132,0.4639079,4.7e-06,61.7200921
1996,2,20,50133,0.4613339,4.5e-06,61.7226661
1996,2,21,50134,0.4587448,4.4e-06,61.7252552
1996,2,22,50135,0.4562329,4.3e-06,61.7277671
1996,2,23,50136,0.4538573,4.1e-06,61.7301427
1996,2,24,50137,0.4516434,4.2e-06,61.7323566
1996,2,25,50138,0.4496045,4.4e-06,61.7343955
1996,2,26,50139,0.447734,4.6e-06,61.736266
1996,2,27,50140,0.4459961,4.7e-06,61.7380039
1996,2,28,50141,0.4443248,4.9e-06,61.7396752
1996,2,29,50142,0.4426276,5.1e-06,61.7413724
1996,3,1,50143,0.4407442,5.3e-06,61.7432558
1996,3,2,50144,0.4386653,5.4e-06,61.7453347
1996,3,3,50145,0.4365497,5.5e-06,61.7474503
1996,3,4,50146,0.434289,5.5e-06,61.749711
1996,3,5,50147,0.4318833,5.6e-06,61.7521167
1996,3,6,50148,0.4293649,5.6e-06,61.7546351
1996,3,7,50149,0.4267847,5.7e-06,61.7572153
1996,3,8,50150,0.4241928,5.8e-06,61.7598072
1996,3,9,50151,0.4215893,5.9e-06,61.7624107
1996,3,10,50152,0.4189919,6e-06,61.7650081
1996,3,11,50153,0.416476,6.1e-06,61.767524
1996,3,12,50154,0.4140492,6.2e-06,61.7699508
1996,3,13,50155,0.4117208,6.2e-06,61.7722792
1996,3,14,50156,0.4095275,6.3e-06,61.7744725
1996,3,15,50157,0.4073362,6.3e-06,61.7766638
1996,3,16,50158,0.4051001,6.4e-06,61.7788999
1996,3,17,50159,0.4028049,6.3e-06,61.7811951
1996,3,18,50160,0.4004346,6.3e-06,61.7835654
1996,3,19,50161,0.3980072,6.3e-06,61.7859928
1996,3,20,50162,0.3955644,6.2e-06,61.7884356
1996,3,21,50163,0.393156,6.1e-06,61.790844
1996,3,22,50164,0.3908296,6.2e-06,61.7931704
1996,3,23,50165,0.3886598,6.4e-06,61.7953402
1996,3,24,50166,0.3866534,6.5e-06,61.7973466
1996,3,25,50167,0.3847193,6.7e-06,61.7992807
1996,3,26,50168,0.3828315,6.8e-06,61.8011685
1996,3,27,50169,0.3809696,6.9e-06,61.8030304
1996,3,28,50170,0.3790852,7.1e-06,61.8049148
1996,3,29,50171,0.3771385,7.3e-06,61.8068615
1996,3,30,50172,0.3750954,7.5e-06,61.8089046
1996,3,31,50173,0.3729697,7.7e-06,61.8110303
1996,4,1,50174,0.3707807,7.8e-06,61.8132193
1996,4,2,50175,0.3684281,8e-06,61.8155719
1996,4,3,50176,0.3659263,8.1e-06,61.8180737
1996,4,4,50177,0.3634509,8.3e-06,61.8205491
1996,4,5,50178,0.3609306,8.4e-06,61.8230694
1996,4,6,50179,0.3584161,8.5e-06,61.8255839
1996,4,7,50180,0.3560163,8.6e-06,61.8279837
1996,4,8,50181,0.3536505,8.6e-06,61.8303495
1996,4,9,50182,0.351357,8.7e-06,61.832643
1996,4,10,50183,0.3491259,8.7e-06,61.8348741
1996,4,11,50184,0.3468224,8.8e-06,61.8371776
1996,4,12,50185,0.3444429,9e-06,61.8395571
1996,4,13,50186,0.3419517,9.2e-06,61.8420483
1996,4,14,50187,0.3393314,9.4e-06,61.8446686
1996,4,15,50188,0.3367591,9.4e-06,61.8472409
1996,4,16,50189,0.3342412,9.5e-06,61.8497588
1996,4,17,50190,0.3317667,9.6e-06,61.8522333
1996,4,18,50191,0.3293732,9.6e-06,61.8546268
1996,4,19,50192,0.3271348,9.6e-06,61.8568652
1996,4,20,50193,0.3250837,9.6e-06,61.8589163
1996,4,21,50194,0.3231328,9.5e-06,61.8608672
1996,4,22,50195,0.3211935,9.4e-06,61.8628065
1996,4,23,50196,0.319292,9.3e-06,61.864708
1996,4,24,50197,0.3174328,9.2e-06,61.8665672
1996,4,25,50198,0.3154907,9.3e-06,61.8685093
1996,4,26,50199,0.3134593,9.5e-06,61.8705407
1996,4,27,50200,0.3113278,9.6e-06,61.8726722
1996,4,28,50201,0.3090673,9.8e-06,61.8749327
1996,4,29,50202,0.3066941,9.9e-06,61.8773059
1996,4,30,50203,0.3042274,1e-05,61.8797726
1996,5,1,50204,0.3016833,1.01e-05,61.8823167
1996,5,2,50205,0.2990721,1.02e-05,61.8849279
1996,5,3,50206,0.2964172,1.04e-05,61.8875828
1996,5,4,50207,0.293822,1.06e-05,61.890178
1996,5,5,50208,0.291374,1.08e-05,61.892626
1996,5,6,50209,0.2890193,1.09e-05,61.8949807
1996,5,7,50210,0.2867026,1.11e-05,61.8972974
1996,5,8,50211,0.2843666,1.11e-05,61.8996334
1996,5,9,50212,0.2819642,1.12e-05,61.9020358
1996,5,10,50213,0.279466,1.12e-05,61.904534
1996,5,11,50214,0.2768603,1.13e-05,61.9071397
1996,5,12,50215,0.274164,1.13e-05,61.909836
1996,5,13,50216,0.271471,1.12e-05,61.912529
1996,5,14,50217,0.2688692,1.12e-05,61.9151308
1996,5,15,50218,0.2663985,1.11e-05,61.9176015
1996,5,16,50219,0.2640311,1.11e-05,61.9199689
1996,5,17,50220,0.2618189,1.12e-05,61.9221811
1996,5,18,50221,0.2597959,1.13e-05,61.9242041
1996,5,19,50222,0.2579248,1.13e-05,61.9260752
1996,5,20,50223,0.2561439,1.13e-05,61.9278561
1996,5,21,50224,0.2544417,1.12e-05,61.9295583
1996,5,22,50225,0.2527906,1.12e-05,61.9312094
1996,5,23,50226,0.2510742,1.11e-05,61.9329258
1996,5,24,50227,0.2493485,1.09e-05,61.9346515
1996,5,25,50228,0.2476309,1.08e-05,61.9363691
1996,5,26,50229,0.2457653,1.06e-05,61.9382347
1996,5,27,50230,0.2438437,1.04e-05,61.9401563
1996,5,28,50231,0.2418946,1.02e-05,61.9421054
1996,5,29,50232,0.2399322,1e-05,61.9440678
1996,5,30,50233,0.2379828,9.7e-06,61.9460172
1996,5,31,50234,0.2361076,9.5e-06,61.9478924
1996,6,1,50235,0.2343369,9.2e-06,61.9496631
1996,6,2,50236,0.2326521,9e-06,61.9513479
1996,6,3,50237,0.2310057,8.7e-06,61.9529943
1996,6,4,50238,0.2293339,8.5e-06,61.9546661
1996,6,5,50239,0.2275828,8.4e-06,61.9564172
1996,6,6,50240,0.22573,8.3e-06,61.95827
1996,6,7,50241,0.2238009,8.1e-06,61.9601991
1996,6,8,50242,0.2218212,8e-06,61.9621788
1996,6,9,50243,0.2197831,7.8e-06,61.9642169
1996,6,10,50244,0.2177243,7.7e-06,61.9662757
1996,6,11,50245,0.215719,7.6e-06,61.968281
1996,6,12,50246,0.2138274,7.4e-06,61.9701726
1996,6,13,50247,0.2120433,7.3e-06,61.9719567
1996,6,14,50248,0.2104546,7.1e-06,61.9735454
1996,6,15,50249,0.2090487,7e-06,61.9749513
1996,6,16,50250,0.2077224,6.9e-06,61.9762776
1996,6,17,50251,0.2064488,6.7e-06,61.9775512
1996,6,18,50252,0.2052489,6.6e-06,61.9787511
1996,6,19,50253,0.2040914,6.4e-06,61.9799086
1996,6,20,50254,0.2028583,6.3e-06,61.9811417
1996,6,21,50255,0.2015147,6.2e-06,61.9824853
1996,6,22,50256,0.2000777,6e-06,61.9839223
1996,6,23,50257,0.1985276,5.8e-06,61.9854724
1996,6,24,50258,0.1969186,5.7e-06,61.9870814
1996,6,25,50259,0.195329,5.5e-06,61.988671
1996,6,26,50260,0.1938056,5.4e-06,61.9901944
1996,6,27,50261,0.1923239,5.2e-06,61.9916761
1996,6,28,50262,0.1908792,5.1e-06,61.9931208
1996,6,29,50263,0.1894971,5.2e-06,61.9945029
1996,6,30,50264,0.18822,5.3e-06,61.99578
1996,7,1,50265,0.187046,5.4e-06,61.996954
1996,7,2,50266,0.1859018,5.4e-06,61.9980982
1996,7,3,50267,0.184702,5.5e-06,61.999298
1996,7,4,50268,0.1833934,5.4e-06,62.0006066
1996,7,5,50269,0.1819768,5.4e-06,62.0020232
1996,7,6,50270,0.1805025,5.4e-06,62.0034975
1996,7,7,50271,0.1790465,5.4e-06,62.0049535
1996,7,8,50272,0.1776823,5.4e-06,62.0063177
1996,7,9,50273,0.1764573,5.3e-06,62.0075427
1996,7,10,50274,0.1753726,5.3e-06,62.0086274
1996,7,11,50275,0.1743869,5.2e-06,62.0096131
1996,7,12,50276,0.173471,5.1e-06,62.010529
1996,7,13,50277,0.172611,5.2e-06,62.011389
1996,7,14,50278,0.1717948,5.3e-06,62.0122052
1996,7,15,50279,0.1709865,5.4e-06,62.0130135
1996,7,16,50280,0.1701245,5.5e-06,62.0138755
1996,7,17,50281,0.1691725,5.6e-06,62.0148275
1996,7,18,50282,0.1681659,5.6e-06,62.0158341
1996,7,19,50283,0.1670598,5.7e-06,62.0169402
1996,7,20,50284,0.1658565,5.6e-06,62.0181435
1996,7,21,50285,0.1646069,5.6e-06,62.0193931
1996,7,22,50286,0.1633262,5.5e-06,62.0206738
1996,7,23,50287,0.1620186,5.4e-06,62.0219814
1996,7,24,50288,0.1606888,5.4e-06,62.0233112
1996,7,25,50289,0.1593512,5.3e-06,62.0246488
1996,7,26,50290,0.1580367,5.2e-06,62.0259633
1996,7,27,50291,0.1567689,5.3e-06,62.0272311
1996,7,28,50292,0.1555321,5.5e-06,62.0284679
1996,7,29,50293,0.1542709,5.7e-06,62.0297291
1996,7,30,50294,0.1529138,5.9e-06,62.0310862
1996,7,31,50295,0.1513945,6e-06,62.0326055
1996,8,1,50296,0.149691,6.2e-06,62.034309
1996,8,2,50297,0.1478899,6.3e-06,62.0361101
1996,8,3,50298,0.1461388,6.4e-06,62.0378612
1996,8,4,50299,0.1445555,6.6e-06,62.0394445
1996,8,5,50300,0.1431799,6.6e-06,62.0408201
1996,8,6,50301,0.1419917,6.7e-06,62.0420083
1996,8,7,50302,0.1409724,6.7e-06,62.0430276
1996,8,8,50303,0.140118,6.7e-06,62.043882
1996,8,9,50304,0.1392836,6.7e-06,62.0447164
1996,8,10,50305,0.1386117,6.6e-06,62.0453883
1996,8,11,50306,0.1380947,6.5e-06,62.0459053
1996,8,12,50307,0.1374012,6.4e-06,62.0465988
1996,8,13,50308,0.136591,6.3e-06,62.047409
1996,8,14,50309,0.1357674,6.2e-06,62.0482326
1996,8,15,50310,0.1348256,6e-06,62.0491744
1996,8,16,50311,0.1338574,5.8e-06,62.0501426
1996,8,17,50312,0.1327991,5.6e-06,62.0512009
1996,8,18,50313,0.1315527,5.5e-06,62.0524473
1996,8,19,50314,0.13033,5.3e-06,62.05367
1996,8,20,50315,0.1291944,5.1e-06,62.0548056
1996,8,21,50316,0.1281173,4.9e-06,62.0558827
1996,8,22,50317,0.1270143,4.7e-06,62.0569857
1996,8,23,50318,0.1258366,4.6e-06,62.0581634
1996,8,24,50319,0.1246732,4.4e-06,62.0593268
1996,8,25,50320,0.1235569,4.2e-06,62.0604431
1996,8,26,50321,0.1223765,4.1e-06,62.0616235
1996,8,27,50322,0.1210709,3.9e-06,62.0629291
1996,8,28,50323,0.1195918,3.8e-06,62.0644082
1996,8,29,50324,0.1179131,3.6e-06,62.0660869
1996,8,30,50325,0.1160985,3.6e-06,62.0679015
1996,8,31,50326,0.1142706,3.5e-06,62.0697294
1996,9,1,50327,0.1125524,3.5e-06,62.0714476
1996,9,2,50328,0.111022,3.5e-06,62.072978
1996,9,3,50329,0.1096882,3.4e-06,62.0743118
1996,9,4,50330,0.1085173,3.4e-06,62.0754827
1996,9,5,50331,0.107474,3.4e-06,62.076526
1996,9,6,50332,0.1065235,3.4e-06,62.0774765
1996,9,7,50333,0.105585,3.4e-06,62.078415
1996,9,8,50334,0.1046345,3.4e-06,62.0793655
1996,9,9,50335,0.1036442,3.4e-06,62.0803558
1996,9,10,50336,0.1025416,3.4e-06,62.0814584
1996,9,11,50337,0.1012567,3.4e-06,62.0827433
1996,9,12,50338,0.0997435,3.3e-06,62.0842565
1996,9,13,50339,0.0980314,3.3e-06,62.0859686
1996,9,14,50340,0.0962452,3.3e-06,62.0877548
1996,9,15,50341,0.0944635,3.2e-06,62.0895365
1996,9,16,50342,0.092664,3.1e-06,62.091336
1996,9,17,50343,0.0909088,3e-06,62.0930912
1996,9,18,50344,0.0892475,3e-06,62.0947525
1996,9,19,50345,0.0876547,2.9e-06,62.0963453
1996,9,20,50346,0.0860877,2.9e-06,62.0979123
1996,9,21,50347,0.0844932,2.9e-06,62.0995068
1996,9,22,50348,0.0828178,2.9e-06,62.1011822
1996,9,23,50349,0.0810019,3e-06,62.1029981
1996,9,24,50350,0.0789946,3e-06,62.1050054
1996,9,25,50351,0.076792,3e-06,62.107208
1996,9,26,50352,0.0744522,3e-06,62.1095478
1996,9,27,50353,0.07205,3e-06,62.11195
1996,9,28,50354,0.0697349,3e-06,62.1142651
1996,9,29,50355,0.0676408,3e-06,62.1163592
1996,9,30,50356,0.0656741,2.9e-06,62.1183259
1996,10,1,50357,0.0637858,2.9e-06,62.1202142
1996,10,2,50358,0.061993,2.9e-06,62.122007
1996,10,3,50359,0.0603296,2.9e-06,62.1236704
1996,10,4,50360,0.0587607,2.9e-06,62.1252393
1996,10,5,50361,0.0572031,2.9e-06,62.1267969
1996,10,6,50362,0.0556073,2.9e-06,62.1283927
1996,10,7,50363,0.05395,2.9e-06,62.13005
1996,10,8,50364,0.0522162,3e-06,62.1317838
1996,10,9,50365,0.0503947,3e-06,62.1336053
1996,10,10,50366,0.0484566,3e-06,62.1355434
1996,10,11,50367,0.0464198,3e-06,62.1375802
1996,10,12,50368,0.0443298,3e-06,62.1396702
1996,10,13,50369,0.0422117,3e-06,62.1417883
1996,10,14,50370,0.0400953,3e-06,62.1439047
1996,10,15,50371,0.038021,2.9e-06,62.145979
1996,10,16,50372,0.0360159,2.9e-06,62.1479841
1996,10,17,50373,0.0340748,2.9e-06,62.1499252
1996,10,18,50374,0.032189,2.9e-06,62.151811
1996,10,19,50375,0.0302799,2.9e-06,62.1537201
1996,10,20,50376,0.0282457,2.9e-06,62.1557543
1996,10,21,50377,0.0260744,2.9e-06,62.1579256
1996,10,22,50378,0.0238189,2.9e-06,62.1601811
1996,10,23,50379,0.0215002,2.9e-06,62.1624998
1996,10,24,50380,0.0190476,2.9e-06,62.1649524
1996,10,25,50381,0.0165797,2.9e-06,62.1674203
1996,10,26,50382,0.0142205,2.8e-06,62.1697795
1996,10,27,50383,0.0119851,2.8e-06,62.1720149
1996,10,28,50384,0.0099182,2.7e-06,62.1740818
1996,10,29,50385,0.0080423,2.7e-06,62.1759577
1996,10,30,50386,0.0063242,2.6e-06,62.1776758
1996,10,31,50387,0.0046712,2.5e-06,62.1793288
1996,11,1,50388,0.0030419,2.5e-06,62.1809581
1996,11,2,50389,0.0014133,2.5e-06,62.1825867
1996,11,3,50390,-0.0002677,2.4e-06,62.1842677
1996,11,4,50391,-0.0020669,2.4e-06,62.1860669
1996,11,5,50392,-0.0039954,2.3e-06,62.1879954
1996,11,6,50393,-0.0060581,2.3e-06,62.1900581
1996,11,7,50394,-0.0081957,2.2e-06,62.1921957
1996,11,8,50395,-0.0103746,2.1e-06,62.1943746
1996,11,9,50396,-0.0125557,2.1e-06,62.1965557
1996,11,10,50397,-0.0146875,2.1e-06,62.1986875
1996,11,11,50398,-0.0167643,2e-06,62.2007643
1996,11,12,50399,-0.0188093,2e-06,62.2028093
1996,11,13,50400,-0.0208368,2e-06,62.2048368
1996,11,14,50401,-0.0228151,2e-06,62.2068151
1996,11,15,50402,-0.0247018,2e-06,62.2087018
1996,11,16,50403,-0.0265358,2e-06,62.2105358
1996,11,17,50404,-0.028455,2.1e-06,62.212455
1996,11,18,50405,-0.0305033,2.1e-06,62.2145033
1996,11,19,50406,-0.0326131,2.2e-06,62.2166131
1996,11,20,50407,-0.034738,2.3e-06,62.218738
1996,11,21,50408,-0.0368948,2.3e-06,62.2208948
1996,11,22,50409,-0.0389952,2.4e-06,62.2229952
1996,11,23,50410,-0.0409756,2.4e-06,62.2249756
1996,11,24,50411,-0.042829,2.5e-06,62.226829
1996,11,25,50412,-0.0445636,2.5e-06,62.2285636
1996,11,26,50413,-0.0462087,2.6e-06,62.2302087
1996,11,27,50414,-0.0478027,2.6e-06,62.2318027
1996,11,28,50415,-0.0493801,2.7e-06,62.2333801
1996,11,29,50416,-0.0509666,2.7e-06,62.2349666
1996,11,30,50417,-0.0525778,2.7e-06,62.2365778
1996,12,1,50418,-0.0542212,2.8e-06,62.2382212
1996,12,2,50419,-0.0558978,2.8e-06,62.2398978
1996,12,3,50420,-0.0576049,2.8e-06,62.2416049
1996,12,4,50421,-0.0593411,2.8e-06,62.2433411
1996,12,5,50422,-0.0611123,2.8e-06,62.2451123
1996,12,6,50423,-0.0629529,2.9e-06,62.2469529
1996,12,7,50424,-0.0647776,3e-06,62.2487776
1996,12,8,50425,-0.0665127,3.1e-06,62.2505127
1996,12,9,50426,-0.0681885,3.2e-06,62.2521885
1996,12,10,50427,-0.0698188,3.4e-06,62.2538188
1996,12,11,50428,-0.0714419,3.5e-06,62.2554419
1996,12,12,50429,-0.0731338,3.6e-06,62.2571338
1996,12,13,50430,-0.0748568,3.8e-06,62.2588568
1996,12,14,50431,-0.0766746,3.9e-06,62.2606746
1996,12,15,50432,-0.0786775,4e-06,62.2626775
1996,12,16,50433,-0.0807399,4.1e-06,62.2647399
1996,12,17,50434,-0.0828553,4.3e-06,62.2668553
1996,12,18,50435,-0.0850215,4.4e-06,62.2690215
1996,12,19,50436,-0.0872136,4.6e-06,62.2712136
1996,12,20,50437,-0.0893191,4.7e-06,62.2733191
1996,12,21,50438,-0.0912615,4.9e-06,62.2752615
1996,12,22,50439,-0.0930867,5.1e-06,62.2770867
1996,12,23,50440,-0.0948568,5.2e-06,62.2788568
1996,12,24,50441,-0.0966082,5.4e-06,62.2806082
1996,12,25,50442,-0.098361,5.5e-06,62.282361
1996,12,26,50443,-0.1001209,5.6e-06,62.2841209
1996,12,27,50444,-0.1018832,5.8e-06,62.2858832
1996,12,28,50445,-0.1036445,6e-06,62.2876445
1996,12,29,50446,-0.1054128,6.2e-06,62.2894128
1996,12,30,50447,-0.1072097,6.4e-06,62.2912097
1996,12,31,50448,-0.1090615,6.6e-06,62.2930615
1997,1,1,50449,-0.1109851,1.14e-05,62.2949851
1997,1,2,50450,-0.1129904,1.15e-05,62.2969904
1997,1,3,50451,-0.1150653,1.16e-05,62.2990653
1997,1,4,50452,-0.1170755,1.15e-05,62.3010755
1997,1,5,50453,-0.1189128,1.14e-05,62.3029128
1997,1,6,50454,-0.1208066,1.13e-05,62.3048066
1997,1,7,50455,-0.1226906,1.12e-05,62.3066906
1997,1,8,50456,-0.1245149,1.1e-05,62.3085149
1997,1,9,50457,-0.126387,1.08e-05,62.310387
1997,1,10,50458,-0.1283623,1.06e-05,62.3123623
1997,1,11,50459,-0.1304369,1.05e-05,62.3144369
1997,1,12,50460,-0.1325867,1.03e-05,62.3165867
1997,1,13,50461,-0.1347914,1.01e-05,62.3187914
1997,1,14,50462,-0.1370261,9.9e-06,62.3210261
1997,1,15,50463,-0.1392382,9.7e-06,62.3232382
1997,1,16,50464,-0.1413476,9.5e-06,62.3253476
1997,1,17,50465,-0.1433555,9.3e-06,62.3273555
1997,1,18,50466,-0.1452073,9.2e-06,62.3292073
1997,1,19,50467,-0.1468325,9e-06,62.3308325
1997,1,20,50468,-0.1483801,8.9e-06,62.3323801
1997,1,21,50469,-0.1498321,8.8e-06,62.3338321
1997,1,22,50470,-0.1512099,8.6e-06,62.3352099
1997,1,23,50471,-0.1526407,8.6e-06,62.3366407
1997,1,24,50472,-0.154137,8.6e-06,62.338137
1997,1,25,50473,-0.1556411,8.6e-06,62.3396411
1997,1,26,50474,-0.1571456,8.6e-06,62.3411456
1997,1,27,50475,-0.1587089,8.6e-06,62.3427089
1997,1,28,50476,-0.1603354,8.7e-06,62.3443354
1997,1,29,50477,-0.1620063,8.7e-06,62.3460063
1997,1,30,50478,-0.16368,8.7e-06,62.34768
1997,1,31,50479,-0.165207,8.7e-06,62.349207
1997,2,1,50480,-0.1666465,8.7e-06,62.3506465
1997,2,2,50481,-0.168042,8.6e-06,62.352042
1997,2,3,50482,-0.169334,8.6e-06,62.353334
1997,2,4,50483,-0.1705829,8.5e-06,62.3545829
1997,2,5,50484,-0.1718849,8.6e-06,62.3558849
1997,2,6,50485,-0.1733162,8.7e-06,62.3573162
1997,2,7,50486,-0.1749511,8.7e-06,62.3589511
1997,2,8,50487,-0.1768075,8.7e-06,62.3608075
1997,2,9,50488,-0.1787831,8.7e-06,62.3627831
1997,2,10,50489,-0.180792,8.7e-06,62.364792
1997,2,11,50490,-0.1828405,8.7e-06,62.3668405
1997,2,12,50491,-0.1849149,8.7e-06,62.3689149
1997,2,13,50492,-0.1868646,8.8e-06,62.3708646
1997,2,14,50493,-0.1886614,8.9e-06,62.3726614
1997,2,15,50494,-0.1903562,9e-06,62.3743562
1997,2,16,50495,-0.191951,9.1e-06,62.375951
1997,2,17,50496,-0.1934715,9.1e-06,62.3774715
1997,2,18,50497,-0.1949866,9.2e-06,62.3789866
1997,2,19,50498,-0.1965441,9.3e-06,62.3805441
1997,2,20,50499,-0.1981538,9.3e-06,62.3821538
1997,2,21,50500,-0.1998398,9.4e-06,62.3838398
1997,2,22,50501,-0.2016262,9.5e-06,62.3856262
1997,2,23,50502,-0.2035111,9.6e-06,62.3875111
1997,2,24,50503,-0.2054734,9.7e-06,62.3894734
1997,2,25,50504,-0.2074811,9.8e-06,62.3914811
1997,2,26,50505,-0.209499,9.8e-06,62.393499
1997,2,27,50506,-0.2115014,9.8e-06,62.3955014
1997,2,28,50507,-0.2134955,9.7e-06,62.3974955
1997,3,1,50508,-0.2155044,9.7e-06,62.3995044
1997,3,2,50509,-0.2175363,9.6e-06,62.4015363
1997,3,3,50510,-0.219581,9.5e-06,62.403581
1997,3,4,50511,-0.2216393,9.4e-06,62.4056393
1997,3,5,50512,-0.2237475,9.3e-06,62.4077475
1997,3,6,50513,-0.2259804,9.1e-06,62.4099804
1997,3,7,50514,-0.2284082,9e-06,62.4124082
1997,3,8,50515,-0.231058,8.9e-06,62.415058
1997,3,9,50516,-0.2338705,8.8e-06,62.4178705
1997,3,10,50517,-0.2367194,8.6e-06,62.4207194
1997,3,11,50518,-0.2395385,8.5e-06,62.4235385
1997,3,12,50519,-0.2422755,8.3e-06,62.4262755
1997,3,13,50520,-0.2448777,8.2e-06,62.4288777
1997,3,14,50521,-0.2473407,8.1e-06,62.4313407
1997,3,15,50522,-0.2496994,8e-06,62.4336994
1997,3,16,50523,-0.2520279,7.9e-06,62.4360279
1997,3,17,50524,-0.254397,7.8e-06,62.438397
1997,3,18,50525,-0.2567707,7.7e-06,62.4407707
1997,3,19,50526,-0.2591426,7.5e-06,62.4431426
1997,3,20,50527,-0.2615872,7.4e-06,62.4455872
1997,3,21,50528,-0.2640629,7.2e-06,62.4480629
1997,3,22,50529,-0.2665676,7.1e-06,62.4505676
1997,3,23,50530,-0.2691177,6.9e-06,62.4531177
1997,3,24,50531,-0.2716742,6.8e-06,62.4556742
1997,3,25,50532,-0.2742324,6.6e-06,62.4582324
1997,3,26,50533,-0.2767856,6.4e-06,62.4607856
1997,3,27,50534,-0.2793052,6.3e-06,62.4633052
1997,3,28,50535,-0.2817552,6.1e-06,62.4657552
1997,3,29,50536,-0.2841693,5.9e-06,62.4681693
1997,3,30,50537,-0.2865973,5.8e-06,62.4705973
1997,3,31,50538,-0.2889877,5.6e-06,62.4729877
1997,4,1,50539,-0.2913983,5.4e-06,62.4753983
1997,4,2,50540,-0.2939028,5.5e-06,62.4779028
1997,4,3,50541,-0.2965043,5.6e-06,62.4805043
1997,4,4,50542,-0.2992868,5.8e-06,62.4832868
1997,4,5,50543,-0.3021586,6e-06,62.4861586
1997,4,6,50544,-0.305056,6.1e-06,62.489056
1997,4,7,50545,-0.3080352,6.2e-06,62.4920352
1997,4,8,50546,-0.3109361,6.4e-06,62.4949361
1997,4,9,50547,-0.3136345,6.5e-06,62.4976345
1997,4,10,50548,-0.3161884,6.6e-06,62.5001884
1997,4,11,50549,-0.3186162,6.8e-06,62.5026162
1997,4,12,50550,-0.3209103,6.9e-06,62.5049103
1997,4,13,50551,-0.323127,7e-06,62.507127
1997,4,14,50552,-0.3253348,7e-06,62.5093348
1997,4,15,50553,-0.3275141,7.1e-06,62.5115141
1997,4,16,50554,-0.3296914,7.2e-06,62.5136914
1997,4,17,50555,-0.3319597,7.3e-06,62.5159597
1997,4,18,50556,-0.3343007,7.4e-06,62.5183007
1997,4,19,50557,-0.3366521,7.5e-06,62.5206521
1997,4,20,50558,-0.3389994,7.7e-06,62.5229994
1997,4,21,50559,-0.3413555,7.8e-06,62.5253555
1997,4,22,50560,-0.3436771,7.9e-06,62.5276771
1997,4,23,50561,-0.3459199,8e-06,62.5299199
1997,4,24,50562,-0.3480721,8.1e-06,62.5320721
1997,4,25,50563,-0.3501535,8.2e-06,62.5341535
1997,4,26,50564,-0.352188,8.2e-06,62.536188
1997,4,27,50565,-0.3541783,8.2e-06,62.5381783
1997,4,28,50566,-0.3561321,8.2e-06,62.5401321
1997,4,29,50567,-0.3580987,8.1e-06,62.5420987
1997,4,30,50568,-0.3601397,8e-06,62.5441397
1997,5,1,50569,-0.3623058,7.9e-06,62.5463058
1997,5,2,50570,-0.3645945,7.8e-06,62.5485945
1997,5,3,50571,-0.3669733,7.7e-06,62.5509733
1997,5,4,50572,-0.3694211,7.5e-06,62.5534211
1997,5,5,50573,-0.3719304,7.3e-06,62.5559304
1997,5,6,50574,-0.374424,7.1e-06,62.558424
1997,5,7,50575,-0.376823,6.9e-06,62.560823
1997,5,8,50576,-0.3791005,6.6e-06,62.5631005
1997,5,9,50577,-0.3812543,6.4e-06,62.5652543
1997,5,10,50578,-0.3832957,6.2e-06,62.5672957
1997,5,11,50579,-0.3852695,6e-06,62.5692695
1997,5,12,50580,-0.3872324,5.8e-06,62.5712324
1997,5,13,50581,-0.3891812,5.6e-06,62.5731812
1997,5,14,50582,-0.3911169,5.4e-06,62.5751169
1997,5,15,50583,-0.3930687,5.2e-06,62.5770687
1997,5,16,50584,-0.3950493,5e-06,62.5790493
1997,5,17,50585,-0.397067,4.9e-06,62.581067
1997,5,18,50586,-0.399123,4.7e-06,62.583123
1997,5,19,50587,-0.4012018,4.5e-06,62.5852018
1997,5,20,50588,-0.4032825,4.4e-06,62.5872825
1997,5,21,50589,-0.4053507,4.6e-06,62.5893507
1997,5,22,50590,-0.4074246,4.8e-06,62.5914246
1997,5,23,50591,-0.4094499,5e-06,62.5934499
1997,5,24,50592,-0.4114219,5.2e-06,62.5954219
1997,5,25,50593,-0.4134129,5.4e-06,62.5974129
1997,5,26,50594,-0.4154137,5.6e-06,62.5994137
1997,5,27,50595,-0.417487,5.8e-06,62.601487
1997,5,28,50596,-0.4196942,6e-06,62.6036942
1997,5,29,50597,-0.4220605,6.2e-06,62.6060605
1997,5,30,50598,-0.4245798,6.3e-06,62.6085798
1997,5,31,50599,-0.4271297,6.5e-06,62.6111297
1997,6,1,50600,-0.4295914,6.7e-06,62.6135914
1997,6,2,50601,-0.4320146,6.8e-06,62.6160146
1997,6,3,50602,-0.4342988,7e-06,62.6182988
1997,6,4,50603,-0.4363596,7.1e-06,62.6203596
1997,6,5,50604,-0.4382194,7.3e-06,62.6222194
1997,6,6,50605,-0.4399118,7.5e-06,62.6239118
1997,6,7,50606,-0.4414683,7.6e-06,62.6254683
1997,6,8,50607,-0.4429445,7.8e-06,62.6269445
1997,6,9,50608,-0.4444034,8e-06,62.6284034
1997,6,10,50609,-0.4458674,8.1e-06,62.6298674
1997,6,11,50610,-0.4473716,8.4e-06,62.6313716
1997,6,12,50611,-0.4489655,8.6e-06,62.6329655
1997,6,13,50612,-0.4505706,8.7e-06,62.6345706
1997,6,14,50613,-0.4521467,8.9e-06,62.6361467
1997,6,15,50614,-0.45374,9e-06,62.63774
1997,6,16,50615,-0.4552988,9.1e-06,62.6392988
1997,6,17,50616,-0.4567558,9.2e-06,62.6407558
1997,6,18,50617,-0.458072,9.3e-06,62.642072
1997,6,19,50618,-0.4592688,9.4e-06,62.6432688
1997,6,20,50619,-0.4603534,9.6e-06,62.6443534
1997,6,21,50620,-0.4613455,9.7e-06,62.6453455
1997,6,22,50621,-0.4623167,9.9e-06,62.6463167
1997,6,23,50622,-0.4633511,1e-05,62.6473511
1997,6,24,50623,-0.4644863,1.02e-05,62.6484863
1997,6,25,50624,-0.4657329,1.03e-05,62.6497329
1997,6,26,50625,-0.4670777,1.04e-05,62.6510777
1997,6,27,50626,-0.4684761,1.04e-05,62.6524761
1997,6,28,50627,-0.4698164,1.04e-05,62.6538164
1997,6,29,50628,-0.4710328,1.04e-05,62.6550328
1997,6,30,50629,-0.4721506,1.04e-05,62.6561506
1997,7,1,50630,0.5269001,1.04e-05,62.6570999
1997,7,2,50631,0.5261406,1.03e-05,62.6578594
1997,7,3,50632,0.5254921,1.02e-05,62.6585079
1997,7,4,50633,0.5249301,1.01e-05,62.6590699
1997,7,5,50634,0.5244312,9.9e-06,62.6595688
1997,7,6,50635,0.5238713,9.7e-06,62.6601287
1997,7,7,50636,0.523194,9.4e-06,62.660806
1997,7,8,50637,0.5224598,9.2e-06,62.6615402
1997,7,9,50638,0.5216897,9e-06,62.6623103
1997,7,10,50639,0.5208032,8.8e-06,62.6631968
1997,7,11,50640,0.5198185,8.6e-06,62.6641815
1997,7,12,50641,0.5187699,8.4e-06,62.6652301
1997,7,13,50642,0.5176719,8.1e-06,62.6663281
1997,7,14,50643,0.5165508,7.8e-06,62.6674492
1997,7,15,50644,0.5154488,7.6e-06,62.6685512
1997,7,16,50645,0.5143923,7.4e-06,62.6696077
1997,7,17,50646,0.5133693,7.1e-06,62.6706307
1997,7,18,50647,0.5122874,6.9e-06,62.6717126
1997,7,19,50648,0.511101,6.6e-06,62.672899
1997,7,20,50649,0.5098229,6.4e-06,62.6741771
1997,7,21,50650,0.5083416,6.1e-06,62.6756584
1997,7,22,50651,0.5066482,5.9e-06,62.6773518
1997,7,23,50652,0.5047875,5.6e-06,62.6792125
1997,7,24,50653,0.5028258,5.4e-06,62.6811742
1997,7,25,50654,0.5008025,5.2e-06,62.6831975
1997,7,26,50655,0.4988065,5.2e-06,62.6851935
1997,7,27,50656,0.4969402,5.4e-06,62.6870598
1997,7,28,50657,0.4952551,5.6e-06,62.6887449
1997,7,29,50658,0.4937381,5.8e-06,62.6902619
1997,7,30,50659,0.4923468,6.1e-06,62.6916532
1997,7,31,50660,0.491038,6.3e-06,62.692962
1997,8,1,50661,0.4898154,6.5e-06,62.6941846
1997,8,2,50662,0.4885891,6.7e-06,62.6954109
1997,8,3,50663,0.487276,6.9e-06,62.696724
1997,8,4,50664,0.486006,7.1e-06,62.697994
1997,8,5,50665,0.4847135,7.3e-06,62.6992865
1997,8,6,50666,0.4833249,7.5e-06,62.7006751
1997,8,7,50667,0.4819107,7.7e-06,62.7020893
1997,8,8,50668,0.4804545,7.9e-06,62.7035455
1997,8,9,50669,0.4789505,8.1e-06,62.7050495
1997,8,10,50670,0.4774874,8.2e-06,62.7065126
1997,8,11,50671,0.4760971,8.4e-06,62.7079029
1997,8,12,50672,0.4747876,8.5e-06,62.7092124
1997,8,13,50673,0.4735418,8.7e-06,62.7104582
1997,8,14,50674,0.472318,8.8e-06,62.711682
1997,8,15,50675,0.4711847,9e-06,62.7128153
1997,8,16,50676,0.4700139,9.1e-06,62.7139861
1997,8,17,50677,0.4686115,9.2e-06,62.7153885
1997,8,18,50678,0.4671185,9.2e-06,62.7168815
1997,8,19,50679,0.4655047,9.3e-06,62.7184953
1997,8,20,50680,0.4637348,9.3e-06,62.7202652
1997,8,21,50681,0.4618294,9.3e-06,62.7221706
1997,8,22,50682,0.4599563,9.3e-06,62.7240437
1997,8,23,50683,0.458165,9.4e-06,62.725835
1997,8,24,50684,0.4564933,9.4e-06,62.7275067
1997,8,25,50685,0.4550345,9.4e-06,62.7289655
1997,8,26,50686,0.4537255,9.4e-06,62.7302745
1997,8,27,50687,0.4524513,9.3e-06,62.7315487
1997,8,28,50688,0.4511122,9.2e-06,62.7328878
1997,8,29,50689,0.449785,9.1e-06,62.734215
1997,8,30,50690,0.4484711,9e-06,62.7355289
1997,8,31,50691,0.447117,8.9e-06,62.736883
1997,9,1,50692,0.445662,8.7e-06,62.738338
1997,9,2,50693,0.4441344,8.6e-06,62.7398656
1997,9,3,50694,0.4425685,8.4e-06,62.7414315
1997,9,4,50695,0.4409588,8.3e-06,62.7430412
1997,9,5,50696,0.4393217,8.2e-06,62.7446783
1997,9,6,50697,0.437734,8e-06,62.746266
1997,9,7,50698,0.4362203,7.8e-06,62.7477797
1997,9,8,50699,0.4347147,7.6e-06,62.7492853
1997,9,9,50700,0.433271,7.4e-06,62.750729
1997,9,10,50701,0.4319212,7.7e-06,62.7520788
1997,9,11,50702,0.4305501,7.9e-06,62.7534499
1997,9,12,50703,0.429066,8.2e-06,62.754934
1997,9,13,50704,0.4274751,8.4e-06,62.7565249
1997,9,14,50705,0.4257815,8.7e-06,62.7582185
1997,9,15,50706,0.4238515,9e-06,62.7601485
1997,9,16,50707,0.421679,9.2e-06,62.762321
1997,9,17,50708,0.4193235,9.4e-06,62.7646765
1997,9,18,50709,0.416867,9.6e-06,62.767133
1997,9,19,50710,0.4144438,9.7e-06,62.7695562
1997,9,20,50711,0.4121837,9.9e-06,62.7718163
1997,9,21,50712,0.410119,1.01e-05,62.773881
1997,9,22,50713,0.4081893,1.02e-05,62.7758107
1997,9,23,50714,0.4063772,1.03e-05,62.7776228
1997,9,24,50715,0.4046494,1.04e-05,62.7793506
1997,9,25,50716,0.4029411,1.05e-05,62.7810589
1997,9,26,50717,0.4011628,1.07e-05,62.7828372
1997,9,27,50718,0.3992705,1.07e-05,62.7847295
1997,9,28,50719,0.3973037,1.08e-05,62.7866963
1997,9,29,50720,0.3953148,1.08e-05,62.7886852
1997,9,30,50721,0.3933426,1.09e-05,62.7906574
1997,10,1,50722,0.3913682,1.09e-05,62.7926318
1997,10,2,50723,0.3893206,1.08e-05,62.7946794
1997,10,3,50724,0.3872287,1.08e-05,62.7967713
1997,10,4,50725,0.3851871,1.08e-05,62.7988129
1997,10,5,50726,0.3832377,1.07e-05,62.8007623
1997,10,6,50727,0.3813506,1.07e-05,62.8026494
1997,10,7,50728,0.3795377,1.07e-05,62.8044623
1997,10,8,50729,0.3777033,1.07e-05,62.8062967
1997,10,9,50730,0.3758165,1.07e-05,62.8081835
1997,10,10,50731,0.3738627,1.06e-05,62.8101373
1997,10,11,50732,0.3717845,1.06e-05,62.8122155
1997,10,12,50733,0.3695375,1.05e-05,62.8144625
1997,10,13,50734,0.3671194,1.04e-05,62.8168806
1997,10,14,50735,0.3645928,1.04e-05,62.8194072
1997,10,15,50736,0.3620248,1.03e-05,62.8219752
1997,10,16,50737,0.3594573,1.03e-05,62.8245427
1997,10,17,50738,0.3569326,1.03e-05,62.8270674
1997,10,18,50739,0.3545646,1.02e-05,62.8294354
1997,10,19,50740,0.3524139,1.02e-05,62.8315861
1997,10,20,50741,0.3503879,1.02e-05,62.8336121
1997,10,21,50742,0.3485136,1.01e-05,62.8354864
1997,10,22,50743,0.3467183,1.01e-05,62.8372817
1997,10,23,50744,0.344946,1e-05,62.839054
1997,10,24,50745,0.3431842,1e-05,62.8408158
1997,10,25,50746,0.3413976,1e-05,62.8426024
1997,10,26,50747,0.3395456,9.9e-06,62.8444544
1997,10,27,50748,0.3376147,9.8e-06,62.8463853
1997,10,28,50749,0.33563,9.8e-06,62.84837
1997,10,29,50750,0.3336148,9.7e-06,62.8503852
1997,10,30,50751,0.3315553,9.6e-06,62.8524447
1997,10,31,50752,0.3294448,9.5e-06,62.8545552
1997,11,1,50753,0.3273035,9.5e-06,62.8566965
1997,11,2,50754,0.3251667,9.4e-06,62.8588333
1997,11,3,50755,0.3230715,9.3e-06,62.8609285
1997,11,4,50756,0.3210447,9.2e-06,62.8629553
1997,11,5,50757,0.3190343,9.1e-06,62.8649657
1997,11,6,50758,0.3169005,9.1e-06,62.8670995
1997,11,7,50759,0.3146218,9.1e-06,62.8693782
1997,11,8,50760,0.3122674,9.1e-06,62.8717326
1997,11,9,50761,0.3098318,9e-06,62.8741682
1997,11,10,50762,0.307205,8.8e-06,62.876795
1997,11,11,50763,0.3045133,8.7e-06,62.8794867
1997,11,12,50764,0.3018802,8.6e-06,62.8821198
1997,11,13,50765,0.2993181,8.5e-06,62.8846819
1997,11,14,50766,0.2969616,8.3e-06,62.8870384
1997,11,15,50767,0.294897,8.2e-06,62.889103
1997,11,16,50768,0.2930562,8e-06,62.8909438
1997,11,17,50769,0.2913812,7.8e-06,62.8926188
1997,11,18,50770,0.2897923,7.7e-06,62.8942077
1997,11,19,50771,0.2882233,7.7e-06,62.8957767
1997,11,20,50772,0.2866385,7.8e-06,62.8973615
1997,11,21,50773,0.28503,7.9e-06,62.89897
1997,11,22,50774,0.2834058,8e-06,62.9005942
1997,11,23,50775,0.2817776,8e-06,62.9022224
1997,11,24,50776,0.2801501,8.1e-06,62.9038499
1997,11,25,50777,0.278518,8.1e-06,62.905482
1997,11,26,50778,0.2768832,8.2e-06,62.9071168
1997,11,27,50779,0.2752655,8.3e-06,62.9087345
1997,11,28,50780,0.2737031,8.4e-06,62.9102969
1997,11,29,50781,0.2722302,8.5e-06,62.9117698
1997,11,30,50782,0.2708244,8.6e-06,62.9131756
1997,12,1,50783,0.269424,8.6e-06,62.914576
1997,12,2,50784,0.2680387,8.6e-06,62.9159613
1997,12,3,50785,0.2666523,8.7e-06,62.9173477
1997,12,4,50786,0.2651927,8.6e-06,62.9188073
1997,12,5,50787,0.2636129,8.6e-06,62.9203871
1997,12,6,50788,0.2618891,8.5e-06,62.9221109
1997,12,7,50789,0.2599732,8.5e-06,62.9240268
1997,12,8,50790,0.2578268,8.4e-06,62.9261732
1997,12,9,50791,0.2555448,8.3e-06,62.9284552
1997,12,10,50792,0.2532662,8.2e-06,62.9307338
1997,12,11,50793,0.2511028,8.1e-06,62.9328972
1997,12,12,50794,0.2490293,8e-06,62.9349707
1997,12,13,50795,0.2471173,8e-06,62.9368827
1997,12,14,50796,0.2454211,8.1e-06,62.9385789
1997,12,15,50797,0.2438568,8.1e-06,62.9401432
1997,12,16,50798,0.2423616,8.1e-06,62.9416384
1997,12,17,50799,0.2408844,8.2e-06,62.9431156
1997,12,18,50800,0.2393963,8.3e-06,62.9446037
1997,12,19,50801,0.2378689,8.4e-06,62.9461311
1997,12,20,50802,0.2362708,8.5e-06,62.9477292
1997,12,21,50803,0.2346143,8.6e-06,62.9493857
1997,12,22,50804,0.2329436,8.6e-06,62.9510564
1997,12,23,50805,0.2312545,8.7e-06,62.9527455
1997,12,24,50806,0.229552,8.7e-06,62.954448
1997,12,25,50807,0.2278901,8.8e-06,62.9561099
1997,12,26,50808,0.2263104,8.9e-06,62.9576896
1997,12,27,50809,0.2248331,8.9e-06,62.9591669
1997,12,28,50810,0.2234592,9e-06,62.9605408
1997,12,29,50811,0.2221616,9e-06,62.9618384
1997,12,30,50812,0.2208825,9.1e-06,62.9631175
1997,12,31,50813,0.2195635,9.1e-06,62.9644365
1998,1,1,50814,0.2181579,5.6e-06,62.9658421
1998,1,2,50815,0.2165995,5.7e-06,62.9674005
1998,1,3,50816,0.2148376,6e-06,62.9691624
1998,1,4,50817,0.2128723,6.2e-06,62.9711277
1998,1,5,50818,0.2107748,6.4e-06,62.9732252
1998,1,6,50819,0.2086965,6.6e-06,62.9753035
1998,1,7,50820,0.2067357,6.7e-06,62.9772643
1998,1,8,50821,0.2048711,6.9e-06,62.9791289
1998,1,9,50822,0.2031709,7e-06,62.9808291
1998,1,10,50823,0.2016766,7.1e-06,62.9823234
1998,1,11,50824,0.2002897,7.2e-06,62.9837103
1998,1,12,50825,0.1989087,7.2e-06,62.9850913
1998,1,13,50826,0.197476,7.2e-06,62.986524
1998,1,14,50827,0.1959654,7.2e-06,62.9880346
1998,1,15,50828,0.1943505,7.2e-06,62.9896495
1998,1,16,50829,0.192684,7.2e-06,62.991316
1998,1,17,50830,0.1910074,7.1e-06,62.9929926
1998,1,18,50831,0.1892897,7e-06,62.9947103
1998,1,19,50832,0.1875456,6.9e-06,62.9964544
1998,1,20,50833,0.1857981,6.9e-06,62.9982019
1998,1,21,50834,0.1840611,6.8e-06,62.9999389
1998,1,22,50835,0.1823319,6.6e-06,63.0016681
1998,1,23,50836,0.180628,6.5e-06,63.003372
1998,1,24,50837,0.1789353,6.4e-06,63.0050647
1998,1,25,50838,0.1772278,6.2e-06,63.0067722
1998,1,26,50839,0.175532,6.1e-06,63.008468
1998,1,27,50840,0.1737785,6e-06,63.0102215
1998,1,28,50841,0.1718712,5.9e-06,63.0121288
1998,1,29,50842,0.1697369,5.7e-06,63.0142631
1998,1,30,50843,0.1673861,5.6e-06,63.0166139
1998,1,31,50844,0.1648934,5.5e-06,63.0191066
1998,2,1,50845,0.1623362,5.4e-06,63.0216638
1998,2,2,50846,0.1597822,5.3e-06,63.0242178
1998,2,3,50847,0.1572785,5.2e-06,63.0267215
1998,2,4,50848,0.1548454,5.1e-06,63.0291546
1998,2,5,50849,0.1524799,4.9e-06,63.0315201
1998,2,6,50850,0.1502,4.8e-06,63.0338
1998,2,7,50851,0.1480533,4.7e-06,63.0359467
1998,2,8,50852,0.146011,4.5e-06,63.037989
1998,2,9,50853,0.1439751,4.3e-06,63.0400249
1998,2,10,50854,0.141979,4.2e-06,63.042021
1998,2,11,50855,0.140053,4.3e-06,63.043947
1998,2,12,50856,0.1381292,4.5e-06,63.0458708
1998,2,13,50857,0.1361644,4.6e-06,63.0478356
1998,2,14,50858,0.1341645,4.8e-06,63.0498355
1998,2,15,50859,0.1321727,5e-06,63.0518273
1998,2,16,50860,0.1302086,5.2e-06,63.0537914
1998,2,17,50861,0.1282349,5.4e-06,63.0557651
1998,2,18,50862,0.1263048,5.6e-06,63.0576952
1998,2,19,50863,0.1245531,5.8e-06,63.0594469
1998,2,20,50864,0.1227829,5.9e-06,63.0612171
1998,2,21,50865,0.1209326,6.1e-06,63.0630674
1998,2,22,50866,0.1191253,6.3e-06,63.0648747
1998,2,23,50867,0.1172422,6.4e-06,63.0667578
1998,2,24,50868,0.1152936,6.6e-06,63.0687064
1998,2,25,50869,0.113186,6.7e-06,63.070814
1998,2,26,50870,0.1108795,6.8e-06,63.0731205
1998,2,27,50871,0.1084896,6.9e-06,63.0755104
1998,2,28,50872,0.1059752,7e-06,63.0780248
1998,3,1,50873,0.1032882,7.1e-06,63.0807118
1998,3,2,50874,0.1006419,7.2e-06,63.0833581
1998,3,3,50875,0.0981321,7.3e-06,63.0858679
1998,3,4,50876,0.0957968,7.3e-06,63.0882032
1998,3,5,50877,0.0936209,7.4e-06,63.0903791
1998,3,6,50878,0.0915924,7.4e-06,63.0924076
1998,3,7,50879,0.0896881,7.4e-06,63.0943119
1998,3,8,50880,0.0878507,7.4e-06,63.0961493
1998,3,9,50881,0.086016,7.4e-06,63.097984
1998,3,10,50882,0.0841298,7.5e-06,63.0998702
1998,3,11,50883,0.0821594,7.5e-06,63.1018406
1998,3,12,50884,0.0801012,7.5e-06,63.1038988
1998,3,13,50885,0.0779866,7.6e-06,63.1060134
1998,3,14,50886,0.0758528,7.7e-06,63.1081472
1998,3,15,50887,0.0737311,7.8e-06,63.1102689
1998,3,16,50888,0.0716502,8e-06,63.1123498
1998,3,17,50889,0.069634,8.1e-06,63.114366
1998,3,18,50890,0.0676965,8.3e-06,63.1163035
1998,3,19,50891,0.0658393,8.4e-06,63.1181607
1998,3,20,50892,0.0640536,8.5e-06,63.1199464
1998,3,21,50893,0.0623083,8.5e-06,63.1216917
1998,3,22,50894,0.0605507,8.5e-06,63.1234493
1998,3,23,50895,0.0587377,8.5e-06,63.1252623
1998,3,24,50896,0.0568308,8.4e-06,63.1271692
1998,3,25,50897,0.0547728,8.3e-06,63.1292272
1998,3,26,50898,0.0524698,8.3e-06,63.1315302
1998,3,27,50899,0.0499275,8.3e-06,63.1340725
1998,3,28,50900,0.0473219,8.3e-06,63.1366781
1998,3,29,50901,0.0447759,8.2e-06,63.1392241
1998,3,30,50902,0.0422738,8.2e-06,63.1417262
1998,3,31,50903,0.0399372,8.1e-06,63.1440628
1998,4,1,50904,0.0378206,8e-06,63.1461794
1998,4,2,50905,0.0358571,7.9e-06,63.1481429
1998,4,3,50906,0.0339805,7.7e-06,63.1500195
1998,4,4,50907,0.0321447,7.5e-06,63.1518553
1998,4,5,50908,0.0303193,7.3e-06,63.1536807
1998,4,6,50909,0.0284825,7.2e-06,63.1555175
1998,4,7,50910,0.026612,7e-06,63.157388
1998,4,8,50911,0.0246962,6.8e-06,63.1593038
1998,4,9,50912,0.0227398,6.7e-06,63.1612602
1998,4,10,50913,0.020779,6.5e-06,63.163221
1998,4,11,50914,0.0188387,6.4e-06,63.1651613
1998,4,12,50915,0.0169016,6.2e-06,63.1670984
1998,4,13,50916,0.0149511,6e-06,63.1690489
1998,4,14,50917,0.0130556,5.9e-06,63.1709444
1998,4,15,50918,0.0112648,5.7e-06,63.1727352
1998,4,16,50919,0.0095246,5.5e-06,63.1744754
1998,4,17,50920,0.0078594,5.5e-06,63.1761406
1998,4,18,50921,0.0062046,5.7e-06,63.1777954
1998,4,19,50922,0.0044834,5.9e-06,63.1795166
1998,4,20,50923,0.0027039,6e-06,63.1812961
1998,4,21,50924,0.0007989,6.1e-06,63.1832011
1998,4,22,50925,-0.0012914,6.2e-06,63.1852914
1998,4,23,50926,-0.0035669,6.3e-06,63.1875669
1998,4,24,50927,-0.0060319,6.5e-06,63.1900319
1998,4,25,50928,-0.008619,6.6e-06,63.192619
1998,4,26,50929,-0.0111676,6.8e-06,63.1951676
1998,4,27,50930,-0.0135281,6.9e-06,63.1975281
1998,4,28,50931,-0.0156788,7e-06,63.1996788
1998,4,29,50932,-0.0176514,7.1e-06,63.2016514
1998,4,30,50933,-0.0194928,7.1e-06,63.2034928
1998,5,1,50934,-0.0212787,7.2e-06,63.2052787
1998,5,2,50935,-0.0230635,7.2e-06,63.2070635
1998,5,3,50936,-0.0248561,7.2e-06,63.2088561
1998,5,4,50937,-0.0266462,7.3e-06,63.2106462
1998,5,5,50938,-0.0284245,7.3e-06,63.2124245
1998,5,6,50939,-0.0302043,7.3e-06,63.2142043
1998,5,7,50940,-0.0320429,7.3e-06,63.2160429
1998,5,8,50941,-0.0338997,7.4e-06,63.2178997
1998,5,9,50942,-0.0357228,7.5e-06,63.2197228
1998,5,10,50943,-0.0375004,7.7e-06,63.2215004
1998,5,11,50944,-0.039229,7.8e-06,63.223229
1998,5,12,50945,-0.0408582,7.9e-06,63.2248582
1998,5,13,50946,-0.0423729,8e-06,63.2263729
1998,5,14,50947,-0.0438276,8.1e-06,63.2278276
1998,5,15,50948,-0.0452326,8.1e-06,63.2292326
1998,5,16,50949,-0.0466455,8.2e-06,63.2306455
1998,5,17,50950,-0.0481951,8.3e-06,63.2321951
1998,5,18,50951,-0.0499149,8.3e-06,63.2339149
1998,5,19,50952,-0.0518321,8.3e-06,63.2358321
1998,5,20,50953,-0.0539406,8.3e-06,63.2379406
1998,5,21,50954,-0.0561968,8.3e-06,63.2401968
1998,5,22,50955,-0.0585666,8.4e-06,63.2425666
1998,5,23,50956,-0.0609654,8.6e-06,63.2449654
1998,5,24,50957,-0.0632849,8.7e-06,63.2472849
1998,5,25,50958,-0.0654438,8.8e-06,63.2494438
1998,5,26,50959,-0.0673787,8.9e-06,63.2513787
1998,5,27,50960,-0.0690823,9e-06,63.2530823
1998,5,28,50961,-0.0706053,9e-06,63.2546053
1998,5,29,50962,-0.0719952,9e-06,63.2559952
1998,5,30,50963,-0.0732843,9e-06,63.2572843
1998,5,31,50964,-0.0745615,9e-06,63.2585615
1998,6,1,50965,-0.0759394,8.9e-06,63.2599394
1998,6,2,50966,-0.0773031,8.8e-06,63.2613031
1998,6,3,50967,-0.0785855,8.7e-06,63.2625855
1998,6,4,50968,-0.0798682,8.7e-06,63.2638682
1998,6,5,50969,-0.0811645,8.6e-06,63.2651645
1998,6,6,50970,-0.0823849,8.6e-06,63.2663849
1998,6,7,50971,-0.0834623,8.5e-06,63.2674623
1998,6,8,50972,-0.0844476,8.4e-06,63.2684476
1998,6,9,50973,-0.0853059,8.3e-06,63.2693059
1998,6,10,50974,-0.0860383,8.2e-06,63.2700383
1998,6,11,50975,-0.086714,8.1e-06,63.270714
1998,6,12,50976,-0.0874244,8e-06,63.2714244
1998,6,13,50977,-0.0881398,7.9e-06,63.2721398
1998,6,14,50978,-0.0888458,7.7e-06,63.2728458
1998,6,15,50979,-0.0897062,7.5e-06,63.2737062
1998,6,16,50980,-0.0906625,7.4e-06,63.2746625
1998,6,17,50981,-0.0916343,7.2e-06,63.2756343
1998,6,18,50982,-0.0926344,7e-06,63.2766344
1998,6,19,50983,-0.093628,6.9e-06,63.277628
1998,6,20,50984,-0.0945579,6.8e-06,63.2785579
1998,6,21,50985,-0.0953771,6.8e-06,63.2793771
1998,6,22,50986,-0.0960527,6.7e-06,63.2800527
1998,6,23,50987,-0.096584,6.6e-06,63.280584
1998,6,24,50988,-0.0970077,6.5e-06,63.2810077
1998,6,25,50989,-0.0973903,6.4e-06,63.2813903
1998,6,26,50990,-0.0978132,6.5e-06,63.2818132
1998,6,27,50991,-0.0982517,6.6e-06,63.2822517
1998,6,28,50992,-0.0986806,6.8e-06,63.2826806
1998,6,29,50993,-0.0991723,6.9e-06,63.2831723
1998,6,30,50994,-0.0997841,7e-06,63.2837841
1998,7,1,50995,-0.1004059,7.2e-06,63.2844059
1998,7,2,50996,-0.1010239,7.3e-06,63.2850239
1998,7,3,50997,-0.1015956,7.5e-06,63.2855956
1998,7,4,50998,-0.1020663,7.6e-06,63.2860663
1998,7,5,50999,-0.1024393,7.8e-06,63.2864393
1998,7,6,51000,-0.1027253,7.9e-06,63.2867253
1998,7,7,51001,-0.1029069,8e-06,63.2869069
1998,7,8,51002,-0.1029853,8e-06,63.2869853
1998,7,9,51003,-0.1030079,8.1e-06,63.2870079
1998,7,10,51004,-0.1030353,8.1e-06,63.2870353
1998,7,11,51005,-0.1031602,8.1e-06,63.2871602
1998,7,12,51006,-0.1034837,8.1e-06,63.2874837
1998,7,13,51007,-0.1040097,8.1e-06,63.2880097
1998,7,14,51008,-0.1046819,8e-06,63.2886819
1998,7,15,51009,-0.1054212,8e-06,63.2894212
1998,7,16,51010,-0.1061726,7.9e-06,63.2901726
1998,7,17,51011,-0.1068636,7.9e-06,63.2908636
1998,7,18,51012,-0.1074387,7.9e-06,63.2914387
1998,7,19,51013,-0.1078754,7.8e-06,63.2918754
1998,7,20,51014,-0.1081703,7.8e-06,63.2921703
1998,7,21,51015,-0.1083313,7.8e-06,63.2923313
1998,7,22,51016,-0.1084093,7.9e-06,63.2924093
1998,7,23,51017,-0.1085538,8.1e-06,63.2925538
1998,7,24,51018,-0.1087264,8.2e-06,63.2927264
1998,7,25,51019,-0.1089189,8.4e-06,63.2929189
1998,7,26,51020,-0.1092786,8.4e-06,63.2932786
1998,7,27,51021,-0.1097558,8.5e-06,63.2937558
1998,7,28,51022,-0.1102577,8.5e-06,63.2942577
1998,7,29,51023,-0.1107247,8.6e-06,63.2947247
1998,7,30,51024,-0.1111753,8.6e-06,63.2951753
1998,7,31,51025,-0.1117082,8.6e-06,63.2957082
1998,8,1,51026,-0.1121975,8.6e-06,63.2961975
1998,8,2,51027,-0.1125561,8.5e-06,63.2965561
1998,8,3,51028,-0.112919,8.4e-06,63.296919
1998,8,4,51029,-0.1132577,8.3e-06,63.2972577
1998,8,5,51030,-0.1135598,8.2e-06,63.2975598
1998,8,6,51031,-0.1138832,8e-06,63.2978832
1998,8,7,51032,-0.1142814,7.8e-06,63.2982814
1998,8,8,51033,-0.114801,7.6e-06,63.298801
1998,8,9,51034,-0.1154853,7.4e-06,63.2994853
1998,8,10,51035,-0.1163441,7.2e-06,63.3003441
1998,8,11,51036,-0.1173146,6.9e-06,63.3013146
1998,8,12,51037,-0.1183121,7.2e-06,63.3023121
1998,8,13,51038,-0.1192986,7.4e-06,63.3032986
1998,8,14,51039,-0.1201535,7.6e-06,63.3041535
1998,8,15,51040,-0.1208153,7.9e-06,63.3048153
1998,8,16,51041,-0.1212984,8.1e-06,63.3052984
1998,8,17,51042,-0.1215843,8.3e-06,63.3055843
1998,8,18,51043,-0.1217988,8.6e-06,63.3057988
1998,8,19,51044,-0.1220345,8.8e-06,63.3060345
1998,8,20,51045,-0.1222337,9e-06,63.3062337
1998,8,21,51046,-0.1224727,9.2e-06,63.3064727
1998,8,22,51047,-0.1228398,9.4e-06,63.3068398
1998,8,23,51048,-0.123308,9.6e-06,63.307308
1998,8,24,51049,-0.123839,9.7e-06,63.307839
1998,8,25,51050,-0.1244214,9.9e-06,63.3084214
1998,8,26,51051,-0.1250508,1e-05,63.3090508
1998,8,27,51052,-0.1257269,1.01e-05,63.3097269
1998,8,28,51053,-0.1263584,1.03e-05,63.3103584
1998,8,29,51054,-0.1269208,1.05e-05,63.3109208
1998,8,30,51055,-0.1274657,1.07e-05,63.3114657
1998,8,31,51056,-0.1280289,1.08e-05,63.3120289
1998,9,1,51057,-0.1286097,1.09e-05,63.3126097
1998,9,2,51058,-0.1292338,1.1e-05,63.3132338
1998,9,3,51059,-0.1299601,1.11e-05,63.3139601
1998,9,4,51060,-0.1307528,1.12e-05,63.3147528
1998,9,5,51061,-0.1316726,1.13e-05,63.3156726
1998,9,6,51062,-0.132874,1.13e-05,63.316874
1998,9,7,51063,-0.1341952,1.12e-05,63.3181952
1998,9,8,51064,-0.1355857,1.12e-05,63.3195857
1998,9,9,51065,-0.1370237,1.11e-05,63.3210237
1998,9,10,51066,-0.1384757,1.11e-05,63.3224757
1998,9,11,51067,-0.1397395,1.11e-05,63.3237395
1998,9,12,51068,-0.140751,1.11e-05,63.324751
1998,9,13,51069,-0.1416571,1.1e-05,63.3256571
1998,9,14,51070,-0.142376,1.09e-05,63.326376
1998,9,15,51071,-0.1430348,1.08e-05,63.3270348
1998,9,16,51072,-0.1437473,1.07e-05,63.3277473
1998,9,17,51073,-0.1445179,1.06e-05,63.3285179
1998,9,18,51074,-0.1453683,1.04e-05,63.3293683
1998,9,19,51075,-0.1463402,1.03e-05,63.3303402
1998,9,20,51076,-0.1474333,1.01e-05,63.3314333
1998,9,21,51077,-0.1485644,9.9e-06,63.3325644
1998,9,22,51078,-0.1496825,9.7e-06,63.3336825
1998,9,23,51079,-0.1507703,9.5e-06,63.3347703
1998,9,24,51080,-0.151839,9.3e-06,63.335839
1998,9,25,51081,-0.1528405,9.1e-06,63.3368405
1998,9,26,51082,-0.1537851,9e-06,63.3377851
1998,9,27,51083,-0.154714,8.7e-06,63.338714
1998,9,28,51084,-0.1555343,8.5e-06,63.3395343
1998,9,29,51085,-0.1563131,8.3e-06,63.3403131
1998,9,30,51086,-0.1571606,8.1e-06,63.3411606
1998,10,1,51087,-0.1581557,7.9e-06,63.3421557
1998,10,2,51088,-0.1593439,7.7e-06,63.3433439
1998,10,3,51089,-0.1607447,7.8e-06,63.3447447
1998,10,4,51090,-0.1623729,7.8e-06,63.3463729
1998,10,5,51091,-0.1641936,7.9e-06,63.3481936
1998,10,6,51092,-0.1660957,7.9e-06,63.3500957
1998,10,7,51093,-0.1679639,8e-06,63.3519639
1998,10,8,51094,-0.1697516,8e-06,63.3537516
1998,10,9,51095,-0.1714218,8.1e-06,63.3554218
1998,10,10,51096,-0.1729539,8.3e-06,63.3569539
1998,10,11,51097,-0.1743508,8.4e-06,63.3583508
1998,10,12,51098,-0.1756367,8.5e-06,63.3596367
1998,10,13,51099,-0.1768659,8.6e-06,63.3608659
1998,10,14,51100,-0.1781094,8.8e-06,63.3621094
1998,10,15,51101,-0.1794571,8.9e-06,63.3634571
1998,10,16,51102,-0.1808567,9e-06,63.3648567
1998,10,17,51103,-0.1822474,9e-06,63.3662474
1998,10,18,51104,-0.1836819,9.1e-06,63.3676819
1998,10,19,51105,-0.1851778,9.1e-06,63.3691778
1998,10,20,51106,-0.1866488,9e-06,63.3706488
1998,10,21,51107,-0.1880612,9e-06,63.3720612
1998,10,22,51108,-0.1894648,8.9e-06,63.3734648
1998,10,23,51109,-0.1908036,8.9e-06,63.3748036
1998,10,24,51110,-0.1920692,8.8e-06,63.3760692
1998,10,25,51111,-0.1933161,8.8e-06,63.3773161
1998,10,26,51112,-0.1945603,8.7e-06,63.3785603
1998,10,27,51113,-0.1957526,8.7e-06,63.3797526
1998,10,28,51114,-0.1969071,8.6e-06,63.3809071
1998,10,29,51115,-0.1981364,8.5e-06,63.3821364
1998,10,30,51116,-0.1995848,8.5e-06,63.3835848
1998,10,31,51117,-0.2012367,8.3e-06,63.3852367
1998,11,1,51118,-0.203049,8.2e-06,63.387049
1998,11,2,51119,-0.2051398,8e-06,63.3891398
1998,11,3,51120,-0.2073268,7.8e-06,63.3913268
1998,11,4,51121,-0.2094071,7.6e-06,63.3934071
1998,11,5,51122,-0.2113501,7.4e-06,63.3953501
1998,11,6,51123,-0.2131191,7.3e-06,63.3971191
1998,11,7,51124,-0.2147419,7.3e-06,63.3987419
1998,11,8,51125,-0.2162568,7.3e-06,63.4002568
1998,11,9,51126,-0.2176904,7.3e-06,63.4016904
1998,11,10,51127,-0.2191143,7.4e-06,63.4031143
1998,11,11,51128,-0.2205817,7.4e-06,63.4045817
1998,11,12,51129,-0.2221002,7.3e-06,63.4061002
1998,11,13,51130,-0.2236158,7.3e-06,63.4076158
1998,11,14,51131,-0.2251315,7.4e-06,63.4091315
1998,11,15,51132,-0.2266651,7.5e-06,63.4106651
1998,11,16,51133,-0.2281383,7.7e-06,63.4121383
1998,11,17,51134,-0.2295509,7.8e-06,63.4135509
1998,11,18,51135,-0.2309234,7.9e-06,63.4149234
1998,11,19,51136,-0.2322719,8e-06,63.4162719
1998,11,20,51137,-0.2335908,8.1e-06,63.4175908
1998,11,21,51138,-0.2348576,8.2e-06,63.4188576
1998,11,22,51139,-0.2360798,8.2e-06,63.4200798
1998,11,23,51140,-0.2373093,8.3e-06,63.4213093
1998,11,24,51141,-0.238545,8.3e-06,63.422545
1998,11,25,51142,-0.2398129,8.3e-06,63.4238129
1998,11,26,51143,-0.2411875,8.3e-06,63.4251875
1998,11,27,51144,-0.2427252,8.2e-06,63.4267252
1998,11,28,51145,-0.2444387,8.2e-06,63.4284387
1998,11,29,51146,-0.2462879,8.2e-06,63.4302879
1998,11,30,51147,-0.2481765,8.1e-06,63.4321765
1998,12,1,51148,-0.2499645,8.1e-06,63.4339645
1998,12,2,51149,-0.2515925,8e-06,63.4355925
1998,12,3,51150,-0.25312,8e-06,63.43712
1998,12,4,51151,-0.2544962,8e-06,63.4384962
1998,12,5,51152,-0.2557132,7.9e-06,63.4397132
1998,12,6,51153,-0.2568643,7.9e-06,63.4408643
1998,12,7,51154,-0.2579596,7.8e-06,63.4419596
1998,12,8,51155,-0.2590273,7.7e-06,63.4430273
1998,12,9,51156,-0.2600979,7.7e-06,63.4440979
1998,12,10,51157,-0.2612069,7.6e-06,63.4452069
1998,12,11,51158,-0.2623855,7.5e-06,63.4463855
1998,12,12,51159,-0.2635955,7.4e-06,63.4475955
1998,12,13,51160,-0.2647559,7.3e-06,63.4487559
1998,12,14,51161,-0.2658525,7.1e-06,63.4498525
1998,12,15,51162,-0.2668624,7e-06,63.4508624
1998,12,16,51163,-0.2677758,6.8e-06,63.4517758
1998,12,17,51164,-0.2685999,6.7e-06,63.4525999
1998,12,18,51165,-0.2693749,6.6e-06,63.4533749
1998,12,19,51166,-0.2700746,6.5e-06,63.4540746
1998,12,20,51167,-0.2707012,6.3e-06,63.4547012
1998,12,21,51168,-0.2713321,6.2e-06,63.4553321
1998,12,22,51169,-0.2719978,6.1e-06,63.4559978
1998,12,23,51170,-0.2727384,6.2e-06,63.4567384
1998,12,24,51171,-0.2736421,6.3e-06,63.4576421
1998,12,25,51172,-0.2747403,6.5e-06,63.4587403
1998,12,26,51173,-0.2759935,6.7e-06,63.4599935
1998,12,27,51174,-0.2773266,6.9e-06,63.4613266
1998,12,28,51175,-0.2786643,7.1e-06,63.4626643
1998,12,29,51176,-0.2799625,7.3e-06,63.4639625
1998,12,30,51177,-0.2811954,7.5e-06,63.4651954
1998,12,31,51178,-0.2823405,7.7e-06,63.4663405
1999,1,1,51179,0.7166431,5.9e-06,63.4673569
1999,1,2,51180,0.7157437,6.1e-06,63.4682563
1999,1,3,51181,0.7148728,6.3e-06,63.4691272
1999,1,4,51182,0.7139912,6.5e-06,63.4700088
1999,1,5,51183,0.713143,6.6e-06,63.470857
1999,1,6,51184,0.7122902,6.8e-06,63.4717098
1999,1,7,51185,0.7112639,6.9e-06,63.4727361
1999,1,8,51186,0.7101637,7.1e-06,63.4738363
1999,1,9,51187,0.7091134,7.2e-06,63.4748866
1999,1,10,51188,0.7080341,7.3e-06,63.4759659
1999,1,11,51189,0.7069589,7.4e-06,63.4770411
1999,1,12,51190,0.7060137,7.5e-06,63.4779863
1999,1,13,51191,0.705236,7.5e-06,63.478764
1999,1,14,51192,0.7045098,7.6e-06,63.4794902
1999,1,15,51193,0.7038172,7.8e-06,63.4801828
1999,1,16,51194,0.7031902,8.1e-06,63.4808098
1999,1,17,51195,0.702625,8.3e-06,63.481375
1999,1,18,51196,0.7020692,8.5e-06,63.4819308
1999,1,19,51197,0.7014675,8.6e-06,63.4825325
1999,1,20,51198,0.7007426,8.8e-06,63.4832574
1999,1,21,51199,0.6998108,9e-06,63.4841892
1999,1,22,51200,0.6986692,9.3e-06,63.4853308
1999,1,23,51201,0.6974072,9.5e-06,63.4865928
1999,1,24,51202,0.6960605,9.7e-06,63.4879395
1999,1,25,51203,0.694594,9.8e-06,63.489406
1999,1,26,51204,0.6932142,1e-05,63.4907858
1999,1,27,51205,0.6920119,1.01e-05,63.4919881
1999,1,28,51206,0.6908546,1.02e-05,63.4931454
1999,1,29,51207,0.6897085,1.02e-05,63.4942915
1999,1,30,51208,0.6885362,1.04e-05,63.4954638
1999,1,31,51209,0.6873458,1.06e-05,63.4966542
1999,2,1,51210,0.6861479,1.07e-05,63.4978521
1999,2,2,51211,0.6848908,1.08e-05,63.4991092
1999,2,3,51212,0.6835508,1.09e-05,63.5004492
1999,2,4,51213,0.6822119,1.09e-05,63.5017881
1999,2,5,51214,0.680891,1.09e-05,63.503109
1999,2,6,51215,0.6795728,1.09e-05,63.5044272
1999,2,7,51216,0.6782862,1.08e-05,63.5057138
1999,2,8,51217,0.6770658,1.07e-05,63.5069342
1999,2,9,51218,0.6759356,1.06e-05,63.5080644
1999,2,10,51219,0.6749059,1.04e-05,63.5090941
1999,2,11,51220,0.6739664,1.05e-05,63.5100336
1999,2,12,51221,0.6730667,1.05e-05,63.5109333
1999,2,13,51222,0.6721433,1.03e-05,63.5118567
1999,2,14,51223,0.6711588,1.02e-05,63.5128412
1999,2,15,51224,0.6700862,1e-05,63.5139138
1999,2,16,51225,0.6689017,9.9e-06,63.5150983
1999,2,17,51226,0.6675717,9.7e-06,63.5164283
1999,2,18,51227,0.6660637,9.5e-06,63.5179363
1999,2,19,51228,0.6644192,9.4e-06,63.5195808
1999,2,20,51229,0.6627252,9.3e-06,63.5212748
1999,2,21,51230,0.6610478,9.1e-06,63.5229522
1999,2,22,51231,0.6594607,8.9e-06,63.5245393
1999,2,23,51232,0.6580486,8.7e-06,63.5259514
1999,2,24,51233,0.656819,8.5e-06,63.527181
1999,2,25,51234,0.6557008,8.3e-06,63.5282992
1999,2,26,51235,0.6547288,8.1e-06,63.5292712
1999,2,27,51236,0.6538655,7.8e-06,63.5301345
1999,2,28,51237,0.6529627,7.6e-06,63.5310373
1999,3,1,51238,0.652005,7.3e-06,63.531995
1999,3,2,51239,0.6510661,7.1e-06,63.5329339
1999,3,3,51240,0.6501717,6.8e-06,63.5338283
1999,3,4,51241,0.6492345,6.6e-06,63.5347655
1999,3,5,51242,0.6481936,6.4e-06,63.5358064
1999,3,6,51243,0.647143,6.1e-06,63.536857
1999,3,7,51244,0.6462508,5.9e-06,63.5377492
1999,3,8,51245,0.6454284,5.7e-06,63.5385716
1999,3,9,51246,0.6446696,5.5e-06,63.5393304
1999,3,10,51247,0.6439657,5.6e-06,63.5400343
1999,3,11,51248,0.6432803,5.7e-06,63.5407197
1999,3,12,51249,0.6425527,5.8e-06,63.5414473
1999,3,13,51250,0.6417566,6e-06,63.5422434
1999,3,14,51251,0.6408594,6.2e-06,63.5431406
1999,3,15,51252,0.6397953,6.4e-06,63.5442047
1999,3,16,51253,0.6385584,6.5e-06,63.5454416
1999,3,17,51254,0.6371632,6.7e-06,63.5468368
1999,3,18,51255,0.6356104,7e-06,63.5483896
1999,3,19,51256,0.6339928,7.2e-06,63.5500072
1999,3,20,51257,0.6323603,7.4e-06,63.5516397
1999,3,21,51258,0.6306792,7.6e-06,63.5533208
1999,3,22,51259,0.6290603,7.7e-06,63.5549397
1999,3,23,51260,0.6276028,7.9e-06,63.5563972
1999,3,24,51261,0.6263222,8.1e-06,63.5576778
1999,3,25,51262,0.6251276,8.2e-06,63.5588724
1999,3,26,51263,0.6239528,8.4e-06,63.5600472
1999,3,27,51264,0.6227726,8.7e-06,63.5612274
1999,3,28,51265,0.6215386,8.9e-06,63.5624614
1999,3,29,51266,0.6201987,9.1e-06,63.5638013
1999,3,30,51267,0.6188253,9.2e-06,63.5651747
1999,3,31,51268,0.6174661,9.4e-06,63.5665339
1999,4,1,51269,0.6160894,9.6e-06,63.5679106
1999,4,2,51270,0.6146525,9.8e-06,63.5693475
1999,4,3,51271,0.6132275,9.9e-06,63.5707725
1999,4,4,51272,0.6119398,1.01e-05,63.5720602
1999,4,5,51273,0.6107345,1.02e-05,63.5732655
1999,4,6,51274,0.6095639,1.03e-05,63.5744361
1999,4,7,51275,0.6084125,1.03e-05,63.5755875
1999,4,8,51276,0.607307,1.04e-05,63.576693
1999,4,9,51277,0.6062165,1.06e-05,63.5777835
1999,4,10,51278,0.6050773,1.07e-05,63.5789227
1999,4,11,51279,0.6038348,1.08e-05,63.5801652
1999,4,12,51280,0.6024424,1.08e-05,63.5815576
1999,4,13,51281,0.6008419,1.09e-05,63.5831581
1999,4,14,51282,0.5990408,1.09e-05,63.5849592
1999,4,15,51283,0.5971299,1.09e-05,63.5868701
1999,4,16,51284,0.5951943,1.1e-05,63.5888057
1999,4,17,51285,0.5933069,1.09e-05,63.5906931
1999,4,18,51286,0.591544,1.09e-05,63.592456
1999,4,19,51287,0.5899432,1.08e-05,63.5940568
1999,4,20,51288,0.5884865,1.07e-05,63.5955135
1999,4,21,51289,0.5871353,1.07e-05,63.5968647
1999,4,22,51290,0.5858733,1.08e-05,63.5981267
1999,4,23,51291,0.5846419,1.09e-05,63.5993581
1999,4,24,51292,0.5833953,1.11e-05,63.6006047
1999,4,25,51293,0.5820944,1.12e-05,63.6019056
1999,4,26,51294,0.5807105,1.14e-05,63.6032895
1999,4,27,51295,0.5792776,1.15e-05,63.6047224
1999,4,28,51296,0.5778204,1.15e-05,63.6061796
1999,4,29,51297,0.5763294,1.17e-05,63.6076706
1999,4,30,51298,0.5749009,1.18e-05,63.6090991
1999,5,1,51299,0.573563,1.18e-05,63.610437
1999,5,2,51300,0.5723073,1.18e-05,63.6116927
1999,5,3,51301,0.5711666,1.17e-05,63.6128334
1999,5,4,51302,0.5701557,1.13e-05,63.6138443
1999,5,5,51303,0.5692767,1.13e-05,63.6147233
1999,5,6,51304,0.5685277,1.14e-05,63.6154723
1999,5,7,51305,0.5678107,1.14e-05,63.6161893
1999,5,8,51306,0.5670322,1.14e-05,63.6169678
1999,5,9,51307,0.5661357,1.14e-05,63.6178643
1999,5,10,51308,0.5650787,1.14e-05,63.6189213
1999,5,11,51309,0.5638449,1.14e-05,63.6201551
1999,5,12,51310,0.5624454,1.13e-05,63.6215546
1999,5,13,51311,0.5609066,1.12e-05,63.6230934
1999,5,14,51312,0.5593073,1.12e-05,63.6246927
1999,5,15,51313,0.5577698,1.12e-05,63.6262302
1999,5,16,51314,0.5563963,1.11e-05,63.6276037
1999,5,17,51315,0.5551927,1.09e-05,63.6288073
1999,5,18,51316,0.5541166,1.08e-05,63.6298834
1999,5,19,51317,0.5530889,1.06e-05,63.6309111
1999,5,20,51318,0.5520307,1.05e-05,63.6319693
1999,5,21,51319,0.5509377,1.03e-05,63.6330623
1999,5,22,51320,0.5497514,1.02e-05,63.6342486
1999,5,23,51321,0.5484636,1e-05,63.6355364
1999,5,24,51322,0.547177,9.8e-06,63.636823
1999,5,25,51323,0.5458805,9.6e-06,63.6381195
1999,5,26,51324,0.5446098,9.5e-06,63.6393902
1999,5,27,51325,0.5434867,9.4e-06,63.6405133
1999,5,28,51326,0.5424855,9.3e-06,63.6415145
1999,5,29,51327,0.5416099,9.1e-06,63.6423901
1999,5,30,51328,0.5408578,9e-06,63.6431422
1999,5,31,51329,0.5401689,8.8e-06,63.6438311
1999,6,1,51330,0.5395599,8.6e-06,63.6444401
1999,6,2,51331,0.5389983,8.3e-06,63.6450017
1999,6,3,51332,0.538399,8.1e-06,63.645601
1999,6,4,51333,0.5377761,7.9e-06,63.6462239
1999,6,5,51334,0.5370723,7.7e-06,63.6469277
1999,6,6,51335,0.5362088,7.4e-06,63.6477912
1999,6,7,51336,0.5352259,7.2e-06,63.6487741
1999,6,8,51337,0.5340884,6.9e-06,63.6499116
1999,6,9,51338,0.532799,6.7e-06,63.651201
1999,6,10,51339,0.5314196,6.4e-06,63.6525804
1999,6,11,51340,0.5300206,6.2e-06,63.6539794
1999,6,12,51341,0.5287644,6e-06,63.6552356
1999,6,13,51342,0.5277349,5.7e-06,63.6562651
1999,6,14,51343,0.5268839,5.5e-06,63.6571161
1999,6,15,51344,0.52617,5.3e-06,63.65783
1999,6,16,51345,0.5255343,5.1e-06,63.6584657
1999,6,17,51346,0.524918,4.9e-06,63.659082
1999,6,18,51347,0.5242392,4.7e-06,63.6597608
1999,6,19,51348,0.5235218,4.6e-06,63.6604782
1999,6,20,51349,0.5228052,4.4e-06,63.6611948
1999,6,21,51350,0.5220602,4.2e-06,63.6619398
1999,6,22,51351,0.5213351,4e-06,63.6626649
1999,6,23,51352,0.5206938,4.2e-06,63.6633062
1999,6,24,51353,0.520193,4.4e-06,63.663807
1999,6,25,51354,0.5198106,4.6e-06,63.6641894
1999,6,26,51355,0.5195662,4.7e-06,63.6644338
1999,6,27,51356,0.5194832,4.9e-06,63.6645168
1999,6,28,51357,0.5194841,5.1e-06,63.6645159
1999,6,29,51358,0.5195632,5.3e-06,63.6644368
1999,6,30,51359,0.5197004,5.5e-06,63.6642996
1999,7,1,51360,0.5198293,5.7e-06,63.6641707
1999,7,2,51361,0.5198497,5.9e-06,63.6641503
1999,7,3,51362,0.5198137,6.2e-06,63.6641863
1999,7,4,51363,0.5197223,6.4e-06,63.6642777
1999,7,5,51364,0.5193867,6.6e-06,63.6646133
1999,7,6,51365,0.5188485,6.9e-06,63.6651515
1999,7,7,51366,0.518205,7.1e-06,63.665795
1999,7,8,51367,0.517526,7.4e-06,63.666474
1999,7,9,51368,0.5169193,7.7e-06,63.6670807
1999,7,10,51369,0.5164427,7.9e-06,63.6675573
1999,7,11,51370,0.5160593,8.1e-06,63.6679407
1999,7,12,51371,0.5157527,8.3e-06,63.6682473
1999,7,13,51372,0.5154914,8.5e-06,63.6685086
1999,7,14,51373,0.5152194,8.7e-06,63.6687806
1999,7,15,51374,0.5148665,8.9e-06,63.6691335
1999,7,16,51375,0.5144264,9.2e-06,63.6695736
1999,7,17,51376,0.5139024,9.5e-06,63.6700976
1999,7,18,51377,0.5133387,9.8e-06,63.6706613
1999,7,19,51378,0.5128243,1e-05,63.6711757
1999,7,20,51379,0.5123625,1.02e-05,63.6716375
1999,7,21,51380,0.5119405,1.05e-05,63.6720595
1999,7,22,51381,0.5115848,1.07e-05,63.6724152
1999,7,23,51382,0.5113678,1.09e-05,63.6726322
1999,7,24,51383,0.5112509,1.11e-05,63.6727491
1999,7,25,51384,0.5111459,1.13e-05,63.6728541
1999,7,26,51385,0.5111582,1.14e-05,63.6728418
1999,7,27,51386,0.5112251,1.14e-05,63.6727749
1999,7,28,51387,0.5112481,1.15e-05,63.6727519
1999,7,29,51388,0.511158,1.16e-05,63.672842
1999,7,30,51389,0.511002,1.18e-05,63.672998
1999,7,31,51390,0.5106436,1.2e-05,63.6733564
1999,8,1,51391,0.5100285,1.21e-05,63.6739715
1999,8,2,51392,0.5093489,1.22e-05,63.6746511
1999,8,3,51393,0.5085846,1.23e-05,63.6754154
1999,8,4,51394,0.507726,1.24e-05,63.676274
1999,8,5,51395,0.5069265,1.25e-05,63.6770735
1999,8,6,51396,0.506318,1.26e-05,63.677682
1999,8,7,51397,0.5058811,1.27e-05,63.6781189
1999,8,8,51398,0.5055482,1.28e-05,63.6784518
1999,8,9,51399,0.5053381,1.28e-05,63.6786619
1999,8,10,51400,0.5051505,1.28e-05,63.6788495
1999,8,11,51401,0.5048838,1.28e-05,63.6791162
1999,8,12,51402,0.5045039,1.32e-05,63.6794961
1999,8,13,51403,0.5040465,1.33e-05,63.6799535
1999,8,14,51404,0.503494,1.34e-05,63.680506
1999,8,15,51405,0.5028399,1.35e-05,63.6811601
1999,8,16,51406,0.5021528,1.35e-05,63.6818472
1999,8,17,51407,0.5014959,1.35e-05,63.6825041
1999,8,18,51408,0.5008906,1.35e-05,63.6831094
1999,8,19,51409,0.500301,1.36e-05,63.683699
1999,8,20,51410,0.4999411,1.37e-05,63.6840589
1999,8,21,51411,0.4997154,1.37e-05,63.6842846
1999,8,22,51412,0.4993608,1.37e-05,63.6846392
1999,8,23,51413,0.4990874,1.36e-05,63.6849126
1999,8,24,51414,0.4988229,1.35e-05,63.6851771
1999,8,25,51415,0.4984467,1.34e-05,63.6855533
1999,8,26,51416,0.4979021,1.34e-05,63.6860979
1999,8,27,51417,0.497124,1.35e-05,63.686876
1999,8,28,51418,0.4961016,1.35e-05,63.6878984
1999,8,29,51419,0.4950377,1.35e-05,63.6889623
1999,8,30,51420,0.4938204,1.34e-05,63.6901796
1999,8,31,51421,0.4925494,1.34e-05,63.6914506
1999,9,1,51422,0.4913916,1.33e-05,63.6926084
1999,9,2,51423,0.4903774,1.34e-05,63.6936226
1999,9,3,51424,0.4894882,1.34e-05,63.6945118
1999,9,4,51425,0.4887142,1.35e-05,63.6952858
1999,9,5,51426,0.4880359,1.34e-05,63.6959641
1999,9,6,51427,0.4873394,1.34e-05,63.6966606
1999,9,7,51428,0.4866532,1.33e-05,63.6973468
1999,9,8,51429,0.48599,1.31e-05,63.69801
1999,9,9,51430,0.4852745,1.31e-05,63.6987255
1999,9,10,51431,0.4844866,1.32e-05,63.6995134
1999,9,11,51432,0.4836852,1.32e-05,63.7003148
1999,9,12,51433,0.482944,1.32e-05,63.701056
1999,9,13,51434,0.4822618,1.31e-05,63.7017382
1999,9,14,51435,0.4816736,1.31e-05,63.7023264
1999,9,15,51436,0.4811927,1.3e-05,63.7028073
1999,9,16,51437,0.4807916,1.29e-05,63.7032084
1999,9,17,51438,0.4804909,1.29e-05,63.7035091
1999,9,18,51439,0.4802428,1.28e-05,63.7037572
1999,9,19,51440,0.4799302,1.27e-05,63.7040698
1999,9,20,51441,0.4795543,1.25e-05,63.7044457
1999,9,21,51442,0.4790459,1.24e-05,63.7049541
1999,9,22,51443,0.4783449,1.22e-05,63.7056551
1999,9,23,51444,0.4774461,1.22e-05,63.7065539
1999,9,24,51445,0.4763758,1.21e-05,63.7076242
1999,9,25,51446,0.4752331,1.2e-05,63.7087669
1999,9,26,51447,0.4741056,1.18e-05,63.7098944
1999,9,27,51448,0.4729528,1.17e-05,63.7110472
1999,9,28,51449,0.4718601,1.15e-05,63.7121399
1999,9,29,51450,0.4709055,1.14e-05,63.7130945
1999,9,30,51451,0.4700387,1.13e-05,63.7139613
1999,10,1,51452,0.4692766,1.13e-05,63.7147234
1999,10,2,51453,0.4686401,1.12e-05,63.7153599
1999,10,3,51454,0.46801,1.11e-05,63.71599
1999,10,4,51455,0.4672252,1.1e-05,63.7167748
1999,10,5,51456,0.4662619,1.09e-05,63.7177381
1999,10,6,51457,0.4651504,1.09e-05,63.7188496
1999,10,7,51458,0.4638987,1.1e-05,63.7201013
1999,10,8,51459,0.4625687,1.11e-05,63.7214313
1999,10,9,51460,0.4612274,1.12e-05,63.7227726
1999,10,10,51461,0.4598983,1.13e-05,63.7241017
1999,10,11,51462,0.4586298,1.12e-05,63.7253702
1999,10,12,51463,0.4574927,1.12e-05,63.7265073
1999,10,13,51464,0.4564859,1.11e-05,63.7275141
1999,10,14,51465,0.4555041,1.12e-05,63.7284959
1999,10,15,51466,0.4546314,1.13e-05,63.7293686
1999,10,16,51467,0.4539014,1.13e-05,63.7300986
1999,10,17,51468,0.4531865,1.13e-05,63.7308135
1999,10,18,51469,0.4524354,1.13e-05,63.7315646
1999,10,19,51470,0.451598,1.13e-05,63.732402
1999,10,20,51471,0.4506125,1.13e-05,63.7333875
1999,10,21,51472,0.4493721,1.13e-05,63.7346279
1999,10,22,51473,0.4478713,1.14e-05,63.7361287
1999,10,23,51474,0.4461585,1.14e-05,63.7378415
1999,10,24,51475,0.4442958,1.13e-05,63.7397042
1999,10,25,51476,0.4423952,1.12e-05,63.7416048
1999,10,26,51477,0.4405394,1.11e-05,63.7434606
1999,10,27,51478,0.4388045,1.1e-05,63.7451955
1999,10,28,51479,0.4372945,1.1e-05,63.7467055
1999,10,29,51480,0.4359606,1.09e-05,63.7480394
1999,10,30,51481,0.4347074,1.08e-05,63.7492926
1999,10,31,51482,0.4334776,1.07e-05,63.7505224
1999,11,1,51483,0.4321992,1.06e-05,63.7518008
1999,11,2,51484,0.4308433,1.05e-05,63.7531567
1999,11,3,51485,0.4294104,1.04e-05,63.7545896
1999,11,4,51486,0.4279156,1.03e-05,63.7560844
1999,11,5,51487,0.4263964,1.03e-05,63.7576036
1999,11,6,51488,0.4248854,1.03e-05,63.7591146
1999,11,7,51489,0.4234386,1.03e-05,63.7605614
1999,11,8,51490,0.4220947,1.03e-05,63.7619053
1999,11,9,51491,0.4208078,1.02e-05,63.7631922
1999,11,10,51492,0.4195354,1.01e-05,63.7644646
1999,11,11,51493,0.4183214,1.01e-05,63.7656786
1999,11,12,51494,0.417189,9.9e-06,63.766811
1999,11,13,51495,0.4160773,9.7e-06,63.7679227
1999,11,14,51496,0.4149186,9.5e-06,63.7690814
1999,11,15,51497,0.4136746,9.3e-06,63.7703254
1999,11,16,51498,0.4123296,9.1e-06,63.7716704
1999,11,17,51499,0.4108683,8.9e-06,63.7731317
1999,11,18,51500,0.4092376,8.9e-06,63.7747624
1999,11,19,51501,0.407497,9e-06,63.776503
1999,11,20,51502,0.4057076,9e-06,63.7782924
1999,11,21,51503,0.4038777,9e-06,63.7801223
1999,11,22,51504,0.4021284,9e-06,63.7818716
1999,11,23,51505,0.4005572,9e-06,63.7834428
1999,11,24,51506,0.3992033,8.9e-06,63.7847967
1999,11,25,51507,0.398029,8.9e-06,63.785971
1999,11,26,51508,0.3969847,8.9e-06,63.7870153
1999,11,27,51509,0.3960116,8.8e-06,63.7879884
1999,11,28,51510,0.3950216,8.8e-06,63.7889784
1999,11,29,51511,0.3939171,8.7e-06,63.7900829
1999,11,30,51512,0.3926618,8.6e-06,63.7913382
1999,12,1,51513,0.3912912,8.4e-06,63.7927088
1999,12,2,51514,0.3898986,8.4e-06,63.7941014
1999,12,3,51515,0.3885577,8.4e-06,63.7954423
1999,12,4,51516,0.387308,8.4e-06,63.796692
1999,12,5,51517,0.3861618,8.4e-06,63.7978382
1999,12,6,51518,0.3851172,8.3e-06,63.7988828
1999,12,7,51519,0.3841717,8.2e-06,63.7998283
1999,12,8,51520,0.3833078,8.2e-06,63.8006922
1999,12,9,51521,0.3824734,8.2e-06,63.8015266
1999,12,10,51522,0.381691,8.2e-06,63.802309
1999,12,11,51523,0.3808802,8.1e-06,63.8031198
1999,12,12,51524,0.3799422,8e-06,63.8040578
1999,12,13,51525,0.3789835,7.9e-06,63.8050165
1999,12,14,51526,0.3779313,7.8e-06,63.8060687
1999,12,15,51527,0.3767244,7.6e-06,63.8072756
1999,12,16,51528,0.3753999,7.7e-06,63.8086001
1999,12,17,51529,0.3739408,8e-06,63.8100592
1999,12,18,51530,0.3724533,8.2e-06,63.8115467
1999,12,19,51531,0.3709875,8.4e-06,63.8130125
1999,12,20,51532,0.3694844,8.5e-06,63.8145156
1999,12,21,51533,0.3680889,8.7e-06,63.8159111
1999,12,22,51534,0.3669084,8.8e-06,63.8170916
1999,12,23,51535,0.3658408,8.9e-06,63.8181592
1999,12,24,51536,0.3647967,9e-06,63.8192033
1999,12,25,51537,0.3637239,9e-06,63.8202761
1999,12,26,51538,0.3625761,9e-06,63.8214239
1999,12,27,51539,0.3613489,9.1e-06,63.8226511
1999,12,28,51540,0.3600751,9.1e-06,63.8239249
1999,12,29,51541,0.3588055,9.1e-06,63.8251945
1999,12,30,51542,0.357591,9.2e-06,63.826409
1999,12,31,51543,0.3564803,9.3e-06,63.8275197
2000,1,1,51544,0.355473,6.9e-06,63.828527
2000,1,2,51545,0.3546036,6.9e-06,63.8293964
2000,1,3,51546,0.3538703,6.9e-06,63.8301297
2000,1,4,51547,0.3532662,6.9e-06,63.8307338
2000,1,5,51548,0.3527688,6.9e-06,63.8312312
2000,1,6,51549,0.352343,6.8e-06,63.831657
2000,1,7,51550,0.3519489,6.8e-06,63.8320511
2000,1,8,51551,0.3515476,6.7e-06,63.8324524
2000,1,9,51552,0.3510995,6.7e-06,63.8329005
2000,1,10,51553,0.350562,6.7e-06,63.833438
2000,1,11,51554,0.3498959,6.6e-06,63.8341041
2000,1,12,51555,0.3490751,6.5e-06,63.8349249
2000,1,13,51556,0.348094,6.5e-06,63.835906
2000,1,14,51557,0.3469844,6.4e-06,63.8370156
2000,1,15,51558,0.3458065,6.4e-06,63.8381935
2000,1,16,51559,0.344632,6.3e-06,63.839368
2000,1,17,51560,0.3435235,6.3e-06,63.8404765
2000,1,18,51561,0.3425157,6.2e-06,63.8414843
2000,1,19,51562,0.341608,6.2e-06,63.842392
2000,1,20,51563,0.3407649,6.2e-06,63.8432351
2000,1,21,51564,0.339925,6.2e-06,63.844075
2000,1,22,51565,0.3390198,6.2e-06,63.8449802
2000,1,23,51566,0.3379986,6.1e-06,63.8460014
2000,1,24,51567,0.3368464,6.1e-06,63.8471536
2000,1,25,51568,0.3355875,6.1e-06,63.8484125
2000,1,26,51569,0.3342759,6.1e-06,63.8497241
2000,1,27,51570,0.3329798,6.2e-06,63.8510202
2000,1,28,51571,0.331774,6.2e-06,63.852226
2000,1,29,51572,0.3307134,6.3e-06,63.8532866
2000,1,30,51573,0.3298037,6.3e-06,63.8541963
2000,1,31,51574,0.3290202,6.4e-06,63.8549798
2000,2,1,51575,0.3283285,6.4e-06,63.8556715
2000,2,2,51576,0.3277051,6.4e-06,63.8562949
2000,2,3,51577,0.3271624,6.4e-06,63.8568376
2000,2,4,51578,0.3266694,6.5e-06,63.8573306
2000,2,5,51579,0.3261526,6.5e-06,63.8578474
2000,2,6,51580,0.3255326,6.6e-06,63.8584674
2000,2,7,51581,0.3247431,6.6e-06,63.8592569
2000,2,8,51582,0.3237559,6.6e-06,63.8602441
2000,2,9,51583,0.3225991,6.5e-06,63.8614009
2000,2,10,51584,0.3213599,6.6e-06,63.8626401
2000,2,11,51585,0.320149,6.6e-06,63.863851
2000,2,12,51586,0.319058,6.6e-06,63.864942
2000,2,13,51587,0.3181236,6.5e-06,63.8658764
2000,2,14,51588,0.3173349,6.5e-06,63.8666651
2000,2,15,51589,0.3166469,6.5e-06,63.8673531
2000,2,16,51590,0.3159988,6.5e-06,63.8680012
2000,2,17,51591,0.315341,6.6e-06,63.868659
2000,2,18,51592,0.3146116,6.6e-06,63.8693884
2000,2,19,51593,0.313751,6.7e-06,63.870249
2000,2,20,51594,0.3127315,6.8e-06,63.8712685
2000,2,21,51595,0.3115733,6.9e-06,63.8724267
2000,2,22,51596,0.3103393,7e-06,63.8736607
2000,2,23,51597,0.3091127,7.1e-06,63.8748873
2000,2,24,51598,0.3079671,7.2e-06,63.8760329
2000,2,25,51599,0.3069488,7.3e-06,63.8770512
2000,2,26,51600,0.3060731,7.3e-06,63.8779269
2000,2,27,51601,0.3053309,7.4e-06,63.8786691
2000,2,28,51602,0.3046981,7.5e-06,63.8793019
2000,2,29,51603,0.3041405,7.5e-06,63.8798595
2000,3,1,51604,0.3036139,7.6e-06,63.8803861
2000,3,2,51605,0.3030662,7.6e-06,63.8809338
2000,3,3,51606,0.3024431,7.6e-06,63.8815569
2000,3,4,51607,0.3016952,7.6e-06,63.8823048
2000,3,5,51608,0.3007863,7.7e-06,63.8832137
2000,3,6,51609,0.2997015,7.7e-06,63.8842985
2000,3,7,51610,0.2984555,7.7e-06,63.8855445
2000,3,8,51611,0.2970937,7.7e-06,63.8869063
2000,3,9,51612,0.2956849,7.7e-06,63.8883151
2000,3,10,51613,0.2943064,7.7e-06,63.8896936
2000,3,11,51614,0.2930264,7.7e-06,63.8909736
2000,3,12,51615,0.2918898,7.7e-06,63.8921102
2000,3,13,51616,0.2909094,7.7e-06,63.8930906
2000,3,14,51617,0.290062,7.7e-06,63.893938
2000,3,15,51618,0.2892914,7.5e-06,63.8947086
2000,3,16,51619,0.2885191,7.4e-06,63.8954809
2000,3,17,51620,0.2876897,7.2e-06,63.8963103
2000,3,18,51621,0.2867828,6.9e-06,63.8972172
2000,3,19,51622,0.2858007,6.6e-06,63.8981993
2000,3,20,51623,0.2847639,6.4e-06,63.8992361
2000,3,21,51624,0.2837028,6.2e-06,63.9002972
2000,3,22,51625,0.2826549,6e-06,63.9013451
2000,3,23,51626,0.2816644,6e-06,63.9023356
2000,3,24,51627,0.2807758,6.2e-06,63.9032242
2000,3,25,51628,0.2800206,6.3e-06,63.9039794
2000,3,26,51629,0.279406,6.5e-06,63.904594
2000,3,27,51630,0.2789115,6.7e-06,63.9050885
2000,3,28,51631,0.2784938,6.9e-06,63.9055062
2000,3,29,51632,0.278098,7e-06,63.905902
2000,3,30,51633,0.277668,7e-06,63.906332
2000,3,31,51634,0.2771439,7e-06,63.9068561
2000,4,1,51635,0.276467,7e-06,63.907533
2000,4,2,51636,0.2755942,7e-06,63.9084058
2000,4,3,51637,0.2745167,6.9e-06,63.9094833
2000,4,4,51638,0.2732725,7e-06,63.9107275
2000,4,5,51639,0.2719409,7e-06,63.9120591
2000,4,6,51640,0.2706196,6.9e-06,63.9133804
2000,4,7,51641,0.2693951,6.7e-06,63.9146049
2000,4,8,51642,0.2683169,6.6e-06,63.9156831
2000,4,9,51643,0.2673871,6.5e-06,63.9166129
2000,4,10,51644,0.2665652,6.4e-06,63.9174348
2000,4,11,51645,0.2657829,6.2e-06,63.9182171
2000,4,12,51646,0.2649628,6.1e-06,63.9190372
2000,4,13,51647,0.2640363,6e-06,63.9199637
2000,4,14,51648,0.262958,5.8e-06,63.921042
2000,4,15,51649,0.2617174,5.7e-06,63.9222826
2000,4,16,51650,0.2603424,5.5e-06,63.9236576
2000,4,17,51651,0.2588922,5.4e-06,63.9251078
2000,4,18,51652,0.2574393,5.3e-06,63.9265607
2000,4,19,51653,0.256047,5.2e-06,63.927953
2000,4,20,51654,0.2547559,5.3e-06,63.9292441
2000,4,21,51655,0.2535866,5.4e-06,63.9304134
2000,4,22,51656,0.2525495,5.6e-06,63.9314505
2000,4,23,51657,0.2516504,5.8e-06,63.9323496
2000,4,24,51658,0.2508851,6.1e-06,63.9331149
2000,4,25,51659,0.2502271,6.3e-06,63.9337729
2000,4,26,51660,0.2496183,6.4e-06,63.9343817
2000,4,27,51661,0.24897,6.6e-06,63.93503
2000,4,28,51662,0.2482007,6.8e-06,63.9357993
2000,4,29,51663,0.2472555,7e-06,63.9367445
2000,4,30,51664,0.2461111,7.2e-06,63.9378889
2000,5,1,51665,0.2447782,7.5e-06,63.9392218
2000,5,2,51666,0.2433017,7.8e-06,63.9406983
2000,5,3,51667,0.2417589,8.1e-06,63.9422411
2000,5,4,51668,0.2402473,8.3e-06,63.9437527
2000,5,5,51669,0.2388613,8.5e-06,63.9451387
2000,5,6,51670,0.2376611,8.7e-06,63.9463389
2000,5,7,51671,0.2366505,8.9e-06,63.9473495
2000,5,8,51672,0.2357744,9.1e-06,63.9482256
2000,5,9,51673,0.2349414,9.3e-06,63.9490586
2000,5,10,51674,0.234056,9.5e-06,63.949944
2000,5,11,51675,0.233038,9.7e-06,63.950962
2000,5,12,51676,0.2319062,9.9e-06,63.9520938
2000,5,13,51677,0.2307042,1.01e-05,63.9532958
2000,5,14,51678,0.2294669,1.03e-05,63.9545331
2000,5,15,51679,0.2282315,1.05e-05,63.9557685
2000,5,16,51680,0.2270331,1.08e-05,63.9569669
2000,5,17,51681,0.2259072,1.08e-05,63.9580928
2000,5,18,51682,0.2248992,1.09e-05,63.9591008
2000,5,19,51683,0.2240329,1.04e-05,63.9599671
2000,5,20,51684,0.2233055,1.04e-05,63.9606945
2000,5,21,51685,0.2226928,1.04e-05,63.9613072
2000,5,22,51686,0.2221532,1.04e-05,63.9618468
2000,5,23,51687,0.2216394,1.04e-05,63.9623606
2000,5,24,51688,0.2211121,1.02e-05,63.9628879
2000,5,25,51689,0.2205518,1.01e-05,63.9634482
2000,5,26,51690,0.21994,1e-05,63.96406
2000,5,27,51691,0.2192554,9.9e-06,63.9647446
2000,5,28,51692,0.2184833,9.7e-06,63.9655167
2000,5,29,51693,0.2176264,9.6e-06,63.9663736
2000,5,30,51694,0.216713,9.5e-06,63.967287
2000,5,31,51695,0.2157967,9.4e-06,63.9682033
2000,6,1,51696,0.2149431,9.1e-06,63.9690569
2000,6,2,51697,0.2142079,8.9e-06,63.9697921
2000,6,3,51698,0.2136116,8.6e-06,63.9703884
2000,6,4,51699,0.2131265,8.4e-06,63.9708735
2000,6,5,51700,0.2126835,8.2e-06,63.9713165
2000,6,6,51701,0.2121967,8e-06,63.9718033
2000,6,7,51702,0.211594,7.8e-06,63.972406
2000,6,8,51703,0.2108447,7.7e-06,63.9731553
2000,6,9,51704,0.2099689,7.6e-06,63.9740311
2000,6,10,51705,0.2090292,7.3e-06,63.9749708
2000,6,11,51706,0.20811,7e-06,63.97589
2000,6,12,51707,0.207296,6.8e-06,63.976704
2000,6,13,51708,0.2066554,6.6e-06,63.9773446
2000,6,14,51709,0.2062272,6.4e-06,63.9777728
2000,6,15,51710,0.2060128,6.1e-06,63.9779872
2000,6,16,51711,0.2059791,5.8e-06,63.9780209
2000,6,17,51712,0.2060743,5.6e-06,63.9779257
2000,6,18,51713,0.2062439,5.4e-06,63.9777561
2000,6,19,51714,0.2064374,5.2e-06,63.9775626
2000,6,20,51715,0.2066069,5e-06,63.9773931
2000,6,21,51716,0.2067113,4.8e-06,63.9772887
2000,6,22,51717,0.2067231,4.6e-06,63.9772769
2000,6,23,51718,0.2066303,4.3e-06,63.9773697
2000,6,24,51719,0.2064303,4.1e-06,63.9775697
2000,6,25,51720,0.206126,3.9e-06,63.977874
2000,6,26,51721,0.2057326,3.7e-06,63.9782674
2000,6,27,51722,0.2052872,3.6e-06,63.9787128
2000,6,28,51723,0.2048504,3.5e-06,63.9791496
2000,6,29,51724,0.2044926,3.3e-06,63.9795074
2000,6,30,51725,0.2042651,3.2e-06,63.9797349
2000,7,1,51726,0.2041734,3.1e-06,63.9798266
2000,7,2,51727,0.2041658,3e-06,63.9798342
2000,7,3,51728,0.2041475,2.9e-06,63.9798525
2000,7,4,51729,0.2040169,2.9e-06,63.9799831
2000,7,5,51730,0.203707,2.8e-06,63.980293
2000,7,6,51731,0.203211,2.7e-06,63.980789
2000,7,7,51732,0.2025812,2.7e-06,63.9814188
2000,7,8,51733,0.2019157,2.7e-06,63.9820843
2000,7,9,51734,0.2012888,2.8e-06,63.9827112
2000,7,10,51735,0.2007351,3e-06,63.9832649
2000,7,11,51736,0.2002704,3.1e-06,63.9837296
2000,7,12,51737,0.1999101,3.3e-06,63.9840899
2000,7,13,51738,0.1997019,3.4e-06,63.9842981
2000,7,14,51739,0.1996479,3.5e-06,63.9843521
2000,7,15,51740,0.199712,3.6e-06,63.984288
2000,7,16,51741,0.199846,3.7e-06,63.984154
2000,7,17,51742,0.2000038,3.8e-06,63.9839962
2000,7,18,51743,0.2001601,3.9e-06,63.9838399
2000,7,19,51744,0.200311,4.1e-06,63.983689
2000,7,20,51745,0.2004541,4.2e-06,63.9835459
2000,7,21,51746,0.2005707,4.3e-06,63.9834293
2000,7,22,51747,0.2006286,4.5e-06,63.9833714
2000,7,23,51748,0.2006047,4.6e-06,63.9833953
2000,7,24,51749,0.200507,4.8e-06,63.983493
2000,7,25,51750,0.2003806,5e-06,63.9836194
2000,7,26,51751,0.2002919,5.2e-06,63.9837081
2000,7,27,51752,0.200302,5.3e-06,63.983698
2000,7,28,51753,0.2004257,5.5e-06,63.9835743
2000,7,29,51754,0.2006198,5.7e-06,63.9833802
2000,7,30,51755,0.2007975,5.9e-06,63.9832025
2000,7,31,51756,0.2008644,6.1e-06,63.9831356
2000,8,1,51757,0.2007611,6.4e-06,63.9832389
2000,8,2,51758,0.2004876,6.6e-06,63.9835124
2000,8,3,51759,0.2000914,6.8e-06,63.9839086
2000,8,4,51760,0.199644,7e-06,63.984356
2000,8,5,51761,0.199222,7.2e-06,63.984778
2000,8,6,51762,0.198898,7.5e-06,63.985102
2000,8,7,51763,0.1987292,7.7e-06,63.9852708
2000,8,8,51764,0.19874,7.9e-06,63.98526
2000,8,9,51765,0.1988965,8e-06,63.9851035
2000,8,10,51766,0.199081,8.1e-06,63.984919
2000,8,11,51767,0.1992827,8.2e-06,63.9847173
2000,8,12,51768,0.1995176,8.2e-06,63.9844824
2000,8,13,51769,0.1997452,8.2e-06,63.9842548
2000,8,14,51770,0.1999181,8.2e-06,63.9840819
2000,8,15,51771,0.1999883,8.2e-06,63.9840117
2000,8,16,51772,0.1999123,8.1e-06,63.9840877
2000,8,17,51773,0.1996633,7.9e-06,63.9843367
2000,8,18,51774,0.1992481,7.8e-06,63.9847519
2000,8,19,51775,0.1987005,7.5e-06,63.9852995
2000,8,20,51776,0.1980609,7.3e-06,63.9859391
2000,8,21,51777,0.1973742,7.1e-06,63.9866258
2000,8,22,51778,0.196692,6.9e-06,63.987308
2000,8,23,51779,0.1960641,6.8e-06,63.9879359
2000,8,24,51780,0.1955116,6.7e-06,63.9884884
2000,8,25,51781,0.1950692,6.7e-06,63.9889308
2000,8,26,51782,0.1946987,6.8e-06,63.9893013
2000,8,27,51783,0.1942875,7e-06,63.9897125
2000,8,28,51784,0.1937295,7.1e-06,63.9902705
2000,8,29,51785,0.1929847,7.2e-06,63.9910153
2000,8,30,51786,0.1920966,7.3e-06,63.9919034
2000,8,31,51787,0.191158,7.4e-06,63.992842
2000,9,1,51788,0.1902626,7.4e-06,63.9937374
2000,9,2,51789,0.1894557,7.5e-06,63.9945443
2000,9,3,51790,0.1887446,7.5e-06,63.9952554
2000,9,4,51791,0.1881415,7.5e-06,63.9958585
2000,9,5,51792,0.1876793,7.5e-06,63.9963207
2000,9,6,51793,0.1873933,7.4e-06,63.9966067
2000,9,7,51794,0.187292,7.3e-06,63.996708
2000,9,8,51795,0.1873315,7.2e-06,63.9966685
2000,9,9,51796,0.1874315,7.1e-06,63.9965685
2000,9,10,51797,0.1875074,7e-06,63.9964926
2000,9,11,51798,0.1874937,6.9e-06,63.9965063
2000,9,12,51799,0.1873515,6.7e-06,63.9966485
2000,9,13,51800,0.1870646,6.7e-06,63.9969354
2000,9,14,51801,0.1866329,6.5e-06,63.9973671
2000,9,15,51802,0.1860662,6.4e-06,63.9979338
2000,9,16,51803,0.1853926,6.4e-06,63.9986074
2000,9,17,51804,0.1846719,6.3e-06,63.9993281
2000,9,18,51805,0.1839782,6.2e-06,64.0000218
2000,9,19,51806,0.1833766,6.2e-06,64.0006234
2000,9,20,51807,0.1828971,6.1e-06,64.00110289999999
2000,9,21,51808,0.182502,6.1e-06,64.001498
2000,9,22,51809,0.1821525,6.1e-06,64.0018475
2000,9,23,51810,0.1817869,6.1e-06,64.00221309999999
2000,9,24,51811,0.1813221,6.1e-06,64.0026779
2000,9,25,51812,0.1806923,6.2e-06,64.0033077
2000,9,26,51813,0.179873,6.2e-06,64.004127
2000,9,27,51814,0.1788876,6.2e-06,64.0051124
2000,9,28,51815,0.1777964,6.2e-06,64.00620359999999
2000,9,29,51816,0.1766778,6.2e-06,64.0073222
2000,9,30,51817,0.1756108,6.2e-06,64.0083892
2000,10,1,51818,0.1746681,6.2e-06,64.00933189999999
2000,10,2,51819,0.1739112,6.1e-06,64.01008879999999
2000,10,3,51820,0.1733755,6.1e-06,64.01062449999999
2000,10,4,51821,0.1730472,6.1e-06,64.0109528
2000,10,5,51822,0.1728452,6.1e-06,64.0111548
2000,10,6,51823,0.17266,6.1e-06,64.01134
2000,10,7,51824,0.1723885,6.1e-06,64.0116115
2000,10,8,51825,0.1719595,6e-06,64.0120405
2000,10,9,51826,0.1713449,6e-06,64.0126551
2000,10,10,51827,0.1705503,6e-06,64.0134497
2000,10,11,51828,0.169592,5.9e-06,64.014408
2000,10,12,51829,0.1684745,5.8e-06,64.0155255
2000,10,13,51830,0.1672389,5.7e-06,64.0167611
2000,10,14,51831,0.1659385,5.6e-06,64.0180615
2000,10,15,51832,0.1646281,5.4e-06,64.0193719
2000,10,16,51833,0.163369,5.3e-06,64.020631
2000,10,17,51834,0.162213,5.2e-06,64.021787
2000,10,18,51835,0.1611779,5.1e-06,64.0228221
2000,10,19,51836,0.1602205,5e-06,64.0237795
2000,10,20,51837,0.1593034,4.9e-06,64.0246966
2000,10,21,51838,0.1583532,4.8e-06,64.0256468
2000,10,22,51839,0.1572767,4.8e-06,64.0267233
2000,10,23,51840,0.1560214,4.7e-06,64.0279786
2000,10,24,51841,0.1545945,4.6e-06,64.0294055
2000,10,25,51842,0.1530521,4.5e-06,64.0309479
2000,10,26,51843,0.1514776,4.4e-06,64.03252239999999
2000,10,27,51844,0.1499417,4.2e-06,64.0340583
2000,10,28,51845,0.1484955,4.1e-06,64.0355045
2000,10,29,51846,0.1471746,3.9e-06,64.0368254
2000,10,30,51847,0.1459963,3.8e-06,64.0380037
2000,10,31,51848,0.1449566,3.7e-06,64.0390434
2000,11,1,51849,0.1440357,3.6e-06,64.0399643
2000,11,2,51850,0.143223,3.5e-06,64.04077699999999
2000,11,3,51851,0.1424216,3.5e-06,64.04157839999999
2000,11,4,51852,0.141589,3.6e-06,64.042411
2000,11,5,51853,0.1407066,3.6e-06,64.0432934
2000,11,6,51854,0.1397382,3.6e-06,64.0442618
2000,11,7,51855,0.1386587,3.6e-06,64.0453413
2000,11,8,51856,0.137462,3.7e-06,64.046538
2000,11,9,51857,0.1361687,3.7e-06,64.0478313
2000,11,10,51858,0.1348289,3.8e-06,64.0491711
2000,11,11,51859,0.133514,3.9e-06,64.05048599999999
2000,11,12,51860,0.1323002,4e-06,64.0516998
2000,11,13,51861,0.1312481,4.1e-06,64.0527519
2000,11,14,51862,0.1303835,4.2e-06,64.0536165
2000,11,15,51863,0.1296866,4.3e-06,64.0543134
2000,11,16,51864,0.129096,4.3e-06,64.054904
2000,11,17,51865,0.1285214,4.4e-06,64.0554786
2000,11,18,51866,0.1278694,4.4e-06,64.0561306
2000,11,19,51867,0.1270691,4.5e-06,64.0569309
2000,11,20,51868,0.12609,4.6e-06,64.05790999999999
2000,11,21,51869,0.1249523,4.6e-06,64.0590477
2000,11,22,51870,0.1237261,4.7e-06,64.0602739
2000,11,23,51871,0.1225119,4.7e-06,64.06148809999999
2000,11,24,51872,0.1214054,4.8e-06,64.0625946
2000,11,25,51873,0.1204654,4.8e-06,64.0635346
2000,11,26,51874,0.119701,4.8e-06,64.06429899999999
2000,11,27,51875,0.1190804,4.8e-06,64.0649196
2000,11,28,51876,0.1185513,4.8e-06,64.0654487
2000,11,29,51877,0.1180576,5e-06,64.0659424
2000,11,30,51878,0.1175457,5.1e-06,64.0664543
2000,12,1,51879,0.1169646,5.1e-06,64.0670354
2000,12,2,51880,0.1162719,5.2e-06,64.0677281
2000,12,3,51881,0.1154447,5.3e-06,64.0685553
2000,12,4,51882,0.1144847,5.4e-06,64.06951529999999
2000,12,5,51883,0.1134096,5.5e-06,64.0705904
2000,12,6,51884,0.1122306,5.5e-06,64.0717694
2000,12,7,51885,0.1109226,5.5e-06,64.0730774
2000,12,8,51886,0.1095622,5.5e-06,64.0744378
2000,12,9,51887,0.1082772,5.4e-06,64.0757228
2000,12,10,51888,0.10713,5.4e-06,64.07687
2000,12,11,51889,0.106143,5.3e-06,64.077857
2000,12,12,51890,0.1053078,5.3e-06,64.07869219999999
2000,12,13,51891,0.1045849,5.2e-06,64.07941509999999
2000,12,14,51892,0.1039333,5.2e-06,64.0800667
2000,12,15,51893,0.1032769,5.2e-06,64.0807231
2000,12,16,51894,0.1025403,5.3e-06,64.0814597
2000,12,17,51895,0.1016895,5.4e-06,64.08231049999999
2000,12,18,51896,0.1007403,5.5e-06,64.0832597
2000,12,19,51897,0.0997502,5.6e-06,64.0842498
2000,12,20,51898,0.098794,5.7e-06,64.085206
2000,12,21,51899,0.0979405,5.7e-06,64.08605949999999
2000,12,22,51900,0.0972146,5.7e-06,64.0867854
2000,12,23,51901,0.0966033,5.7e-06,64.0873967
2000,12,24,51902,0.0960862,5.7e-06,64.0879138
2000,12,25,51903,0.0956568,5.7e-06,64.0883432
2000,12,26,51904,0.0953214,5.6e-06,64.0886786
2000,12,27,51905,0.0950764,5.6e-06,64.0889236
2000,12,28,51906,0.094884,5.6e-06,64.089116
2000,12,29,51907,0.0946691,5.6e-06,64.0893309
2000,12,30,51908,0.0943475,5.5e-06,64.0896525
2000,12,31,51909,0.0938654,5.4e-06,64.0901346
2001,1,1,51910,0.0932081,6.1e-06,64.0907919
2001,1,2,51911,0.0924659,6.2e-06,64.0915341
2001,1,3,51912,0.0916559,6.2e-06,64.09234409999999
2001,1,4,51913,0.0908158,6.2e-06,64.0931842
2001,1,5,51914,0.089973,6.2e-06,64.094027
2001,1,6,51915,0.0891586,6.2e-06,64.09484139999999
2001,1,7,51916,0.0884135,6.1e-06,64.0955865
2001,1,8,51917,0.0877737,6.1e-06,64.0962263
2001,1,9,51918,0.0872474,6.1e-06,64.0967526
2001,1,10,51919,0.0868036,6e-06,64.0971964
2001,1,11,51920,0.0863884,5.9e-06,64.0976116
2001,1,12,51921,0.0858968,5.6e-06,64.0981032
2001,1,13,51922,0.0852416,5.4e-06,64.0987584
2001,1,14,51923,0.0844052,5.2e-06,64.09959479999999
2001,1,15,51924,0.083448,5.1e-06,64.100552
2001,1,16,51925,0.0824877,4.9e-06,64.1015123
2001,1,17,51926,0.0816465,4.8e-06,64.10235349999999
2001,1,18,51927,0.080998,4.6e-06,64.103002
2001,1,19,51928,0.0805324,4.5e-06,64.1034676
2001,1,20,51929,0.0802209,4.3e-06,64.1037791
2001,1,21,51930,0.0800462,4.1e-06,64.1039538
2001,1,22,51931,0.0799912,4e-06,64.1040088
2001,1,23,51932,0.080029,3.8e-06,64.103971
2001,1,24,51933,0.080107,3.7e-06,64.103893
2001,1,25,51934,0.0801157,3.6e-06,64.1038843
2001,1,26,51935,0.0800135,3.5e-06,64.10398649999999
2001,1,27,51936,0.0797774,3.3e-06,64.1042226
2001,1,28,51937,0.0793887,3.2e-06,64.1046113
2001,1,29,51938,0.0788694,3.1e-06,64.1051306
2001,1,30,51939,0.0782798,3e-06,64.1057202
2001,1,31,51940,0.0776961,3.1e-06,64.1063039
2001,2,1,51941,0.0771875,3.2e-06,64.1068125
2001,2,2,51942,0.0767931,3.3e-06,64.1072069
2001,2,3,51943,0.0765252,3.5e-06,64.10747479999999
2001,2,4,51944,0.0763791,3.6e-06,64.1076209
2001,2,5,51945,0.0763264,3.8e-06,64.1076736
2001,2,6,51946,0.0762998,4e-06,64.1077002
2001,2,7,51947,0.0761895,4.2e-06,64.1078105
2001,2,8,51948,0.0758406,4.3e-06,64.10815939999999
2001,2,9,51949,0.0752343,4.5e-06,64.10876569999999
2001,2,10,51950,0.0743987,4.6e-06,64.1096013
2001,2,11,51951,0.0733718,4.8e-06,64.1106282
2001,2,12,51952,0.072226,5e-06,64.111774
2001,2,13,51953,0.0710488,5.2e-06,64.1129512
2001,2,14,51954,0.0699301,5.3e-06,64.1140699
2001,2,15,51955,0.0689765,5.5e-06,64.11502349999999
2001,2,16,51956,0.0681848,5.6e-06,64.1158152
2001,2,17,51957,0.067502,5.6e-06,64.11649799999999
2001,2,18,51958,0.0668759,5.7e-06,64.1171241
2001,2,19,51959,0.0662608,5.8e-06,64.1177392
2001,2,20,51960,0.0656277,5.8e-06,64.1183723
2001,2,21,51961,0.0649635,5.8e-06,64.11903649999999
2001,2,22,51962,0.0642685,5.8e-06,64.1197315
2001,2,23,51963,0.0634961,5.7e-06,64.1205039
2001,2,24,51964,0.0625804,5.6e-06,64.1214196
2001,2,25,51965,0.061474,5.5e-06,64.122526
2001,2,26,51966,0.0601717,5.5e-06,64.1238283
2001,2,27,51967,0.0587235,5.4e-06,64.1252765
2001,2,28,51968,0.0572203,5.2e-06,64.1267797
2001,3,1,51969,0.0557656,5.1e-06,64.1282344
2001,3,2,51970,0.0544319,4.9e-06,64.1295681
2001,3,3,51971,0.0532491999999999,4.7e-06,64.1307508
2001,3,4,51972,0.0522104,4.6e-06,64.13178959999999
2001,3,5,51973,0.0512716,4.4e-06,64.13272839999999
2001,3,6,51974,0.050353,4.3e-06,64.133647
2001,3,7,51975,0.0493478,4.2e-06,64.13465219999999
2001,3,8,51976,0.0481286,4.1e-06,64.1358714
2001,3,9,51977,0.0467037,3.9e-06,64.1372963
2001,3,10,51978,0.045135,3.8e-06,64.138865
2001,3,11,51979,0.0434997,3.6e-06,64.1405003
2001,3,12,51980,0.0419035,3.5e-06,64.1420965
2001,3,13,51981,0.0404521,3.4e-06,64.1435479
2001,3,14,51982,0.0392234,3.5e-06,64.1447766
2001,3,15,51983,0.0382584,3.6e-06,64.1457416
2001,3,16,51984,0.0375305,3.7e-06,64.1464695
2001,3,17,51985,0.0369715,3.8e-06,64.14702849999999
2001,3,18,51986,0.0365108,4e-06,64.1474892
2001,3,19,51987,0.0360887,4.1e-06,64.1479113
2001,3,20,51988,0.0356553,4.2e-06,64.1483447
2001,3,21,51989,0.0351653,4.4e-06,64.1488347
2001,3,22,51990,0.0345748,4.4e-06,64.1494252
2001,3,23,51991,0.0338809,4.5e-06,64.1501191
2001,3,24,51992,0.0330776,4.5e-06,64.1509224
2001,3,25,51993,0.0321542,4.6e-06,64.1518458
2001,3,26,51994,0.0311259,4.6e-06,64.15287409999999
2001,3,27,51995,0.0300389,4.7e-06,64.1539611
2001,3,28,51996,0.0289582,4.7e-06,64.15504179999999
2001,3,29,51997,0.0279488,4.7e-06,64.1560512
2001,3,30,51998,0.0270543,4.6e-06,64.1569457
2001,3,31,51999,0.0262788,4.5e-06,64.1577212
2001,4,1,52000,0.0255875,4.5e-06,64.1584125
2001,4,2,52001,0.0249198,4.4e-06,64.15908019999999
2001,4,3,52002,0.0242013,4.3e-06,64.1597987
2001,4,4,52003,0.0233524,4.2e-06,64.1606476
2001,4,5,52004,0.0222958,4.1e-06,64.1617042
2001,4,6,52005,0.0210336,3.9e-06,64.1629664
2001,4,7,52006,0.0196198,3.7e-06,64.1643802
2001,4,8,52007,0.0181455,3.6e-06,64.1658545
2001,4,9,52008,0.0167349,3.5e-06,64.1672651
2001,4,10,52009,0.0155104,3.3e-06,64.1684896
2001,4,11,52010,0.0145499,3.4e-06,64.16945009999999
2001,4,12,52011,0.0138607,3.5e-06,64.1701393
2001,4,13,52012,0.0133875,3.5e-06,64.1706125
2001,4,14,52013,0.0130388,3.6e-06,64.1709612
2001,4,15,52014,0.0127169,3.7e-06,64.1712831
2001,4,16,52015,0.0123407,3.8e-06,64.1716593
2001,4,17,52016,0.0118561,3.9e-06,64.1721439
2001,4,18,52017,0.0112323,4.1e-06,64.1727677
2001,4,19,52018,0.0104323,4.1e-06,64.17356769999999
2001,4,20,52019,0.0095148,4.2e-06,64.17448519999999
2001,4,21,52020,0.008545,4.3e-06,64.175455
2001,4,22,52021,0.0075567,4.3e-06,64.1764433
2001,4,23,52022,0.006584,4.4e-06,64.177416
2001,4,24,52023,0.0056663,4.5e-06,64.1783337
2001,4,25,52024,0.0048403,4.6e-06,64.1791597
2001,4,26,52025,0.0041228,4.6e-06,64.17987719999999
2001,4,27,52026,0.003499,4.7e-06,64.18050099999999
2001,4,28,52027,0.0029203,4.7e-06,64.1810797
2001,4,29,52028,0.0023148,4.7e-06,64.1816852
2001,4,30,52029,0.0016073,4.8e-06,64.1823927
2001,5,1,52030,0.0007371,4.8e-06,64.1832629
2001,5,2,52031,-0.0003281,4.8e-06,64.1843281
2001,5,3,52032,-0.0015873,4.8e-06,64.1855873
2001,5,4,52033,-0.0030098,4.7e-06,64.1870098
2001,5,5,52034,-0.0045301,4.7e-06,64.1885301
2001,5,6,52035,-0.0060547,4.6e-06,64.1900547
2001,5,7,52036,-0.0074817,4.5e-06,64.1914817
2001,5,8,52037,-0.0087258,4.5e-06,64.19272579999999
2001,5,9,52038,-0.0097417,4.4e-06,64.1937417
2001,5,10,52039,-0.0105391,4.3e-06,64.1945391
2001,5,11,52040,-0.0111681,4.3e-06,64.1951681
2001,5,12,52041,-0.0117146,4.5e-06,64.1957146
2001,5,13,52042,-0.0122746,4.6e-06,64.1962746
2001,5,14,52043,-0.0129203,4.8e-06,64.1969203
2001,5,15,52044,-0.0136868,5e-06,64.1976868
2001,5,16,52045,-0.0145733,5.2e-06,64.19857329999999
2001,5,17,52046,-0.0155378,5.3e-06,64.1995378
2001,5,18,52047,-0.0166153,5.5e-06,64.2006153
2001,5,19,52048,-0.017773,5.6e-06,64.201773
2001,5,20,52049,-0.0189097,5.7e-06,64.20290969999999
2001,5,21,52050,-0.0199677,5.9e-06,64.20396769999999
2001,5,22,52051,-0.0209059,6.1e-06,64.2049059
2001,5,23,52052,-0.0216848,6.2e-06,64.2056848
2001,5,24,52053,-0.0222465,6.3e-06,64.20624649999999
2001,5,25,52054,-0.0226004,6.4e-06,64.2066004
2001,5,26,52055,-0.0228262,6.5e-06,64.2068262
2001,5,27,52056,-0.0230198,6.5e-06,64.2070198
2001,5,28,52057,-0.0232711,6.6e-06,64.2072711
2001,5,29,52058,-0.0236404,6.6e-06,64.2076404
2001,5,30,52059,-0.0241437,6.7e-06,64.2081437
2001,5,31,52060,-0.0247526,6.8e-06,64.2087526
2001,6,1,52061,-0.0254074,6.8e-06,64.2094074
2001,6,2,52062,-0.0260266,7e-06,64.21002659999999
2001,6,3,52063,-0.0265247,7.1e-06,64.2105247
2001,6,4,52064,-0.0268319,7.3e-06,64.2108319
2001,6,5,52065,-0.0269095,7.4e-06,64.2109095
2001,6,6,52066,-0.0267587,7.5e-06,64.2107587
2001,6,7,52067,-0.0264257,7.6e-06,64.2104257
2001,6,8,52068,-0.0259668,7.6e-06,64.2099668
2001,6,9,52069,-0.0254677,7.6e-06,64.20946769999999
2001,6,10,52070,-0.0250236,7.6e-06,64.2090236
2001,6,11,52071,-0.0247018,7.6e-06,64.2087018
2001,6,12,52072,-0.0245296,7.6e-06,64.20852959999999
2001,6,13,52073,-0.0245007,7.6e-06,64.2085007
2001,6,14,52074,-0.0245849,7.4e-06,64.20858489999999
2001,6,15,52075,-0.0247449,7.3e-06,64.2087449
2001,6,16,52076,-0.0249501,7.1e-06,64.2089501
2001,6,17,52077,-0.0251697,7e-06,64.2091697
2001,6,18,52078,-0.0253586,6.9e-06,64.2093586
2001,6,19,52079,-0.02546,6.8e-06,64.20945999999999
2001,6,20,52080,-0.0254383,6.8e-06,64.2094383
2001,6,21,52081,-0.0253222,6.8e-06,64.2093222
2001,6,22,52082,-0.0251274,6.7e-06,64.2091274
2001,6,23,52083,-0.024917,6.6e-06,64.208917
2001,6,24,52084,-0.024797,6.6e-06,64.208797
2001,6,25,52085,-0.0248573,6.5e-06,64.20885729999999
2001,6,26,52086,-0.0251367,6.4e-06,64.2091367
2001,6,27,52087,-0.0256135,6.3e-06,64.2096135
2001,6,28,52088,-0.0262298,6.2e-06,64.2102298
2001,6,29,52089,-0.0268502,6e-06,64.2108502
2001,6,30,52090,-0.0273566,5.9e-06,64.2113566
2001,7,1,52091,-0.0276885,5.7e-06,64.2116885
2001,7,2,52092,-0.0278243,5.6e-06,64.2118243
2001,7,3,52093,-0.027776,5.5e-06,64.211776
2001,7,4,52094,-0.0275838,5.3e-06,64.2115838
2001,7,5,52095,-0.0273091,5.1e-06,64.2113091
2001,7,6,52096,-0.0270068,4.9e-06,64.21100679999999
2001,7,7,52097,-0.0267207,5e-06,64.2107207
2001,7,8,52098,-0.0264916,5.2e-06,64.2104916
2001,7,9,52099,-0.0263459,5.4e-06,64.2103459
2001,7,10,52100,-0.0262882,5.6e-06,64.2102882
2001,7,11,52101,-0.0263023,5.8e-06,64.2103023
2001,7,12,52102,-0.0263457,6e-06,64.21034569999999
2001,7,13,52103,-0.0264104,6.2e-06,64.2104104
2001,7,14,52104,-0.0264979,6.4e-06,64.2104979
2001,7,15,52105,-0.0265906,6.6e-06,64.2105906
2001,7,16,52106,-0.0266447,6.8e-06,64.2106447
2001,7,17,52107,-0.0265949,7.1e-06,64.2105949
2001,7,18,52108,-0.0263837,7.3e-06,64.2103837
2001,7,19,52109,-0.0260006,7.4e-06,64.2100006
2001,7,20,52110,-0.0254916,7.6e-06,64.20949159999999
2001,7,21,52111,-0.0249678,7.8e-06,64.2089678
2001,7,22,52112,-0.0245637,8e-06,64.2085637
2001,7,23,52113,-0.0243744,8.3e-06,64.2083744
2001,7,24,52114,-0.0244154,8.5e-06,64.20841539999999
2001,7,25,52115,-0.0246179,8.7e-06,64.2086179
2001,7,26,52116,-0.0248515,8.8e-06,64.2088515
2001,7,27,52117,-0.0250085,8.9e-06,64.2090085
2001,7,28,52118,-0.0250188,9e-06,64.2090188
2001,7,29,52119,-0.0248481,9.1e-06,64.2088481
2001,7,30,52120,-0.0244931,9.2e-06,64.2084931
2001,7,31,52121,-0.02397,9.2e-06,64.20797
2001,8,1,52122,-0.0233149,9.3e-06,64.2073149
2001,8,2,52123,-0.0225914,9.3e-06,64.2065914
2001,8,3,52124,-0.0219031,9.4e-06,64.2059031
2001,8,4,52125,-0.0213345,9.5e-06,64.20533449999999
2001,8,5,52126,-0.0209281,9.7e-06,64.2049281
2001,8,6,52127,-0.0206907,9.8e-06,64.2046907
2001,8,7,52128,-0.020603,9.9e-06,64.20460299999999
2001,8,8,52129,-0.0206438,9.9e-06,64.2046438
2001,8,9,52130,-0.0208204,9.9e-06,64.2048204
2001,8,10,52131,-0.0211071,9.9e-06,64.20510709999999
2001,8,11,52132,-0.0214599,9.8e-06,64.2054599
2001,8,12,52133,-0.0218281,9.8e-06,64.20582809999999
2001,8,13,52134,-0.0221507,9.7e-06,64.2061507
2001,8,14,52135,-0.0223726,9.7e-06,64.2063726
2001,8,15,52136,-0.0224724,9.6e-06,64.2064724
2001,8,16,52137,-0.0224919,9.4e-06,64.2064919
2001,8,17,52138,-0.0225216,9.3e-06,64.2065216
2001,8,18,52139,-0.0226843,9.2e-06,64.20668429999999
2001,8,19,52140,-0.023087,9e-06,64.207087
2001,8,20,52141,-0.0237641,8.9e-06,64.20776409999999
2001,8,21,52142,-0.0246564,8.8e-06,64.2086564
2001,8,22,52143,-0.0256373,8.8e-06,64.2096373
2001,8,23,52144,-0.026569,8.9e-06,64.21056899999999
2001,8,24,52145,-0.0273315,8.9e-06,64.2113315
2001,8,25,52146,-0.0278611,8.9e-06,64.2118611
2001,8,26,52147,-0.0281533,9e-06,64.2121533
2001,8,27,52148,-0.0282388,9.1e-06,64.2122388
2001,8,28,52149,-0.0281652,9e-06,64.2121652
2001,8,29,52150,-0.0279891,9e-06,64.2119891
2001,8,30,52151,-0.0277675,8.9e-06,64.2117675
2001,8,31,52152,-0.0276017,8.8e-06,64.2116017
2001,9,1,52153,-0.027567,8.7e-06,64.211567
2001,9,2,52154,-0.0276861,8.6e-06,64.2116861
2001,9,3,52155,-0.0279405,8.5e-06,64.2119405
2001,9,4,52156,-0.0282843,8.4e-06,64.2122843
2001,9,5,52157,-0.0286918,8.4e-06,64.2126918
2001,9,6,52158,-0.0292193,8.4e-06,64.21321929999999
2001,9,7,52159,-0.0297422,8.3e-06,64.2137422
2001,9,8,52160,-0.0301502,8.2e-06,64.21415019999999
2001,9,9,52161,-0.030419,8.1e-06,64.21441899999999
2001,9,10,52162,-0.0305492,8e-06,64.2145492
2001,9,11,52163,-0.0305604,7.8e-06,64.2145604
2001,9,12,52164,-0.0304926,7.7e-06,64.2144926
2001,9,13,52165,-0.0303914,7.6e-06,64.2143914
2001,9,14,52166,-0.0303622,7.4e-06,64.2143622
2001,9,15,52167,-0.0305317,7.3e-06,64.2145317
2001,9,16,52168,-0.0309869,7.1e-06,64.2149869
2001,9,17,52169,-0.0317346,7e-06,64.21573459999999
2001,9,18,52170,-0.0326851,6.8e-06,64.21668509999999
2001,9,19,52171,-0.0336841,6.7e-06,64.2176841
2001,9,20,52172,-0.03458,6.5e-06,64.21858
2001,9,21,52173,-0.0352938,6.5e-06,64.2192938
2001,9,22,52174,-0.0358107,6.6e-06,64.2198107
2001,9,23,52175,-0.0361559,6.6e-06,64.2201559
2001,9,24,52176,-0.036371,6.7e-06,64.220371
2001,9,25,52177,-0.0364956,6.7e-06,64.22049559999999
2001,9,26,52178,-0.0365727,6.8e-06,64.22057269999999
2001,9,27,52179,-0.0366623,6.7e-06,64.2206623
2001,9,28,52180,-0.0368301,6.7e-06,64.2208301
2001,9,29,52181,-0.0371315,6.7e-06,64.2211315
2001,9,30,52182,-0.0375998,6.6e-06,64.22159979999999
2001,10,1,52183,-0.0382382,6.6e-06,64.22223819999999
2001,10,2,52184,-0.0390182,6.6e-06,64.2230182
2001,10,3,52185,-0.0398852,6.5e-06,64.2238852
2001,10,4,52186,-0.0407655,6.3e-06,64.2247655
2001,10,5,52187,-0.041611,6.2e-06,64.225611
2001,10,6,52188,-0.0423913,6.1e-06,64.2263913
2001,10,7,52189,-0.0430888,5.9e-06,64.2270888
2001,10,8,52190,-0.043704,5.8e-06,64.227704
2001,10,9,52191,-0.0442565,5.7e-06,64.2282565
2001,10,10,52192,-0.0447866,5.6e-06,64.22878659999999
2001,10,11,52193,-0.0453566,5.4e-06,64.2293566
2001,10,12,52194,-0.0460383,5.3e-06,64.2300383
2001,10,13,52195,-0.0469205,5.2e-06,64.2309205
2001,10,14,52196,-0.0480701,5.1e-06,64.2320701
2001,10,15,52197,-0.0494814,5e-06,64.2334814
2001,10,16,52198,-0.0510651,4.9e-06,64.2350651
2001,10,17,52199,-0.0526742,5e-06,64.2366742
2001,10,18,52200,-0.0541429,5.1e-06,64.2381429
2001,10,19,52201,-0.0553696,5.2e-06,64.2393696
2001,10,20,52202,-0.056316,5.2e-06,64.24031599999999
2001,10,21,52203,-0.0570213,5.2e-06,64.2410213
2001,10,22,52204,-0.0575774,5.1e-06,64.2415774
2001,10,23,52205,-0.0580815,5.1e-06,64.2420815
2001,10,24,52206,-0.0586052,5.1e-06,64.2426052
2001,10,25,52207,-0.0591487,5e-06,64.24314869999999
2001,10,26,52208,-0.0597904,4.9e-06,64.2437904
2001,10,27,52209,-0.0605956,4.7e-06,64.2445956
2001,10,28,52210,-0.0615642,4.6e-06,64.2455642
2001,10,29,52211,-0.0626537,4.5e-06,64.2466537
2001,10,30,52212,-0.0637899,4.3e-06,64.2477899
2001,10,31,52213,-0.0649008,4.5e-06,64.2489008
2001,11,1,52214,-0.0659671,4.7e-06,64.24996709999999
2001,11,2,52215,-0.0669154,4.8e-06,64.2509154
2001,11,3,52216,-0.0677014,5e-06,64.2517014
2001,11,4,52217,-0.068338,5.1e-06,64.252338
2001,11,5,52218,-0.0688625,5.3e-06,64.25286249999999
2001,11,6,52219,-0.06933,5.5e-06,64.25332999999999
2001,11,7,52220,-0.0698141,5.7e-06,64.2538141
2001,11,8,52221,-0.0703946,5.9e-06,64.2543946
2001,11,9,52222,-0.0711692,6e-06,64.2551692
2001,11,10,52223,-0.0722175,6.1e-06,64.25621749999999
2001,11,11,52224,-0.0735576,6.2e-06,64.2575576
2001,11,12,52225,-0.0751256,6.4e-06,64.2591256
2001,11,13,52226,-0.0767846,6.5e-06,64.2607846
2001,11,14,52227,-0.0783607,6.6e-06,64.2623607
2001,11,15,52228,-0.0796841,6.6e-06,64.26368409999999
2001,11,16,52229,-0.0807077,6.7e-06,64.2647077
2001,11,17,52230,-0.0814793,6.8e-06,64.2654793
2001,11,18,52231,-0.0820922,6.8e-06,64.2660922
2001,11,19,52232,-0.0826487,6.9e-06,64.26664869999999
2001,11,20,52233,-0.0832229,7e-06,64.2672229
2001,11,21,52234,-0.0838498,7.1e-06,64.2678498
2001,11,22,52235,-0.0845375,7.1e-06,64.2685375
2001,11,23,52236,-0.085285,7.1e-06,64.269285
2001,11,24,52237,-0.0860927,7.1e-06,64.27009269999999
2001,11,25,52238,-0.0869612,7.1e-06,64.2709612
2001,11,26,52239,-0.0878843,7.1e-06,64.2718843
2001,11,27,52240,-0.0888406,7.1e-06,64.2728406
2001,11,28,52241,-0.0897908,7e-06,64.2737908
2001,11,29,52242,-0.0906822,6.9e-06,64.2746822
2001,11,30,52243,-0.0914558,6.8e-06,64.2754558
2001,12,1,52244,-0.0920711,6.7e-06,64.2760711
2001,12,2,52245,-0.0925234,6.6e-06,64.2765234
2001,12,3,52246,-0.0928464,6.5e-06,64.2768464
2001,12,4,52247,-0.0931092,6.5e-06,64.2771092
2001,12,5,52248,-0.0934053,6.5e-06,64.2774053
2001,12,6,52249,-0.0938409,6.7e-06,64.2778409
2001,12,7,52250,-0.0944814,6.7e-06,64.2784814
2001,12,8,52251,-0.0953469,6.8e-06,64.2793469
2001,12,9,52252,-0.0964081,6.9e-06,64.2804081
2001,12,10,52253,-0.0975818,7e-06,64.2815818
2001,12,11,52254,-0.0987523,7.1e-06,64.2827523
2001,12,12,52255,-0.0998127,7.2e-06,64.2838127
2001,12,13,52256,-0.1007082,7.3e-06,64.2847082
2001,12,14,52257,-0.1014025,7.4e-06,64.2854025
2001,12,15,52258,-0.1018971,7.4e-06,64.2858971
2001,12,16,52259,-0.1022548,7.4e-06,64.2862548
2001,12,17,52260,-0.1025668,7.4e-06,64.2865668
2001,12,18,52261,-0.1029174,7.4e-06,64.2869174
2001,12,19,52262,-0.1033665,7.4e-06,64.2873665
2001,12,20,52263,-0.1039491,7.4e-06,64.28794909999999
2001,12,21,52264,-0.1046832,7.3e-06,64.2886832
2001,12,22,52265,-0.1055693,7.2e-06,64.2895693
2001,12,23,52266,-0.1065917,7.1e-06,64.2905917
2001,12,24,52267,-0.1077253,7e-06,64.2917253
2001,12,25,52268,-0.1089366,6.9e-06,64.2929366
2001,12,26,52269,-0.1101803,6.7e-06,64.2941803
2001,12,27,52270,-0.1113954,6.6e-06,64.2953954
2001,12,28,52271,-0.1125126,6.5e-06,64.2965126
2001,12,29,52272,-0.1134792,6.4e-06,64.2974792
2001,12,30,52273,-0.1142894,6.2e-06,64.2982894
2001,12,31,52274,-0.1150005,6.1e-06,64.29900049999999
2002,1,1,52275,-0.1157189,5.9e-06,64.2997189
2002,1,2,52276,-0.1165697,5.8e-06,64.3005697
2002,1,3,52277,-0.1176247,5.7e-06,64.30162469999999
2002,1,4,52278,-0.1188848,5.6e-06,64.3028848
2002,1,5,52279,-0.1202717,5.4e-06,64.3042717
2002,1,6,52280,-0.121658,5.3e-06,64.305658
2002,1,7,52281,-0.122918,5.1e-06,64.306918
2002,1,8,52282,-0.1239705,5e-06,64.3079705
2002,1,9,52283,-0.1247921,4.9e-06,64.30879209999999
2002,1,10,52284,-0.1253943,4.7e-06,64.3093943
2002,1,11,52285,-0.125796,4.6e-06,64.30979599999999
2002,1,12,52286,-0.1260142,4.5e-06,64.3100142
2002,1,13,52287,-0.1260838,4.3e-06,64.3100838
2002,1,14,52288,-0.1260691,4.2e-06,64.31006909999999
2002,1,15,52289,-0.1260551,4.1e-06,64.3100551
2002,1,16,52290,-0.1261203,4e-06,64.3101203
2002,1,17,52291,-0.1262972,3.9e-06,64.3102972
2002,1,18,52292,-0.126583,3.9e-06,64.310583
2002,1,19,52293,-0.1269834,4e-06,64.3109834
2002,1,20,52294,-0.1274893,4e-06,64.31148929999999
2002,1,21,52295,-0.1280715,4.1e-06,64.3120715
2002,1,22,52296,-0.1286897,4.1e-06,64.31268969999999
2002,1,23,52297,-0.1292954,4.2e-06,64.3132954
2002,1,24,52298,-0.1298397,4.3e-06,64.3138397
2002,1,25,52299,-0.130287,4.4e-06,64.314287
2002,1,26,52300,-0.1306379,4.5e-06,64.3146379
2002,1,27,52301,-0.1309502,4.6e-06,64.3149502
2002,1,28,52302,-0.131329,4.7e-06,64.31532899999999
2002,1,29,52303,-0.1318927,4.8e-06,64.31589269999999
2002,1,30,52304,-0.1327273,5e-06,64.3167273
2002,1,31,52305,-0.1338367,5.1e-06,64.3178367
2002,2,1,52306,-0.1351709,5.2e-06,64.3191709
2002,2,2,52307,-0.1366396,5.4e-06,64.32063959999999
2002,2,3,52308,-0.1381241,5.5e-06,64.3221241
2002,2,4,52309,-0.1395107,5.6e-06,64.3235107
2002,2,5,52310,-0.1407169,5.7e-06,64.3247169
2002,2,6,52311,-0.1417007,5.7e-06,64.3257007
2002,2,7,52312,-0.1424571,5.8e-06,64.3264571
2002,2,8,52313,-0.1430182,5.8e-06,64.3270182
2002,2,9,52314,-0.143458,5.8e-06,64.327458
2002,2,10,52315,-0.1438577,5.7e-06,64.3278577
2002,2,11,52316,-0.1442857,5.6e-06,64.3282857
2002,2,12,52317,-0.1447925,5.6e-06,64.32879249999999
2002,2,13,52318,-0.1454068,5.5e-06,64.3294068
2002,2,14,52319,-0.1461346,5.4e-06,64.3301346
2002,2,15,52320,-0.1469717,5.2e-06,64.33097169999999
2002,2,16,52321,-0.1479058,5e-06,64.3319058
2002,2,17,52322,-0.1489141,4.9e-06,64.3329141
2002,2,18,52323,-0.1499627,4.7e-06,64.3339627
2002,2,19,52324,-0.1510062,4.5e-06,64.3350062
2002,2,20,52325,-0.1519925,4.4e-06,64.3359925
2002,2,21,52326,-0.1528778,4.3e-06,64.3368778
2002,2,22,52327,-0.1536492,4.2e-06,64.3376492
2002,2,23,52328,-0.1543374,4.1e-06,64.3383374
2002,2,24,52329,-0.1550121,4e-06,64.33901209999999
2002,2,25,52330,-0.1557714,3.9e-06,64.3397714
2002,2,26,52331,-0.1567166,3.8e-06,64.3407166
2002,2,27,52332,-0.1579144,3.7e-06,64.3419144
2002,2,28,52333,-0.1593666,3.7e-06,64.3433666
2002,3,1,52334,-0.1609982,3.6e-06,64.34499819999999
2002,3,2,52335,-0.1626781,3.5e-06,64.34667809999999
2002,3,3,52336,-0.1642635,3.4e-06,64.3482635
2002,3,4,52337,-0.1656475,3.4e-06,64.3496475
2002,3,5,52338,-0.1667847,3.3e-06,64.35078469999999
2002,3,6,52339,-0.1676881,3.3e-06,64.3516881
2002,3,7,52340,-0.1684141999999999,3.3e-06,64.3524142
2002,3,8,52341,-0.1690289,3.4e-06,64.3530289
2002,3,9,52342,-0.1695724,3.5e-06,64.3535724
2002,3,10,52343,-0.1701095,3.5e-06,64.35410949999999
2002,3,11,52344,-0.1707216,3.6e-06,64.35472159999999
2002,3,12,52345,-0.1714698,3.7e-06,64.3554698
2002,3,13,52346,-0.172368,3.8e-06,64.356368
2002,3,14,52347,-0.17334,4e-06,64.35734
2002,3,15,52348,-0.1743433,4.1e-06,64.3583433
2002,3,16,52349,-0.175341,4.2e-06,64.359341
2002,3,17,52350,-0.1762749,4.3e-06,64.3602749
2002,3,18,52351,-0.1770959,4.4e-06,64.3610959
2002,3,19,52352,-0.1777774,4.5e-06,64.3617774
2002,3,20,52353,-0.178328,4.7e-06,64.36232799999999
2002,3,21,52354,-0.1788417,4.8e-06,64.3628417
2002,3,22,52355,-0.1792295,4.9e-06,64.3632295
2002,3,23,52356,-0.1795689,4.9e-06,64.3635689
2002,3,24,52357,-0.1800022,5e-06,64.3640022
2002,3,25,52358,-0.1806231,5e-06,64.3646231
2002,3,26,52359,-0.1815023,5.1e-06,64.3655023
2002,3,27,52360,-0.1826615,5.2e-06,64.36666149999999
2002,3,28,52361,-0.1840939,5.2e-06,64.36809389999999
2002,3,29,52362,-0.1856498,5.3e-06,64.36964979999999
2002,3,30,52363,-0.187144,5.3e-06,64.371144
2002,3,31,52364,-0.1884463,5.3e-06,64.3724463
2002,4,1,52365,-0.1894919,5.3e-06,64.37349189999999
2002,4,2,52366,-0.1902804,5.3e-06,64.3742804
2002,4,3,52367,-0.1908568,5.4e-06,64.3748568
2002,4,4,52368,-0.1912924,5.4e-06,64.37529239999999
2002,4,5,52369,-0.1916691,5.5e-06,64.3756691
2002,4,6,52370,-0.1920691,5.5e-06,64.3760691
2002,4,7,52371,-0.1925483,5.5e-06,64.3765483
2002,4,8,52372,-0.1931337,5.6e-06,64.3771337
2002,4,9,52373,-0.1938309,5.7e-06,64.37783089999999
2002,4,10,52374,-0.1946334,5.7e-06,64.3786334
2002,4,11,52375,-0.1955605,5.7e-06,64.3795605
2002,4,12,52376,-0.1965228,5.8e-06,64.3805228
2002,4,13,52377,-0.1973822,5.8e-06,64.3813822
2002,4,14,52378,-0.1981217,5.8e-06,64.3821217
2002,4,15,52379,-0.198807,5.7e-06,64.382807
2002,4,16,52380,-0.1995024,5.7e-06,64.3835024
2002,4,17,52381,-0.2002002,5.8e-06,64.3842002
2002,4,18,52382,-0.2006307,5.8e-06,64.3846307
2002,4,19,52383,-0.2005665,5.8e-06,64.38456649999999
2002,4,20,52384,-0.2004752,5.8e-06,64.3844752
2002,4,21,52385,-0.2007134,5.7e-06,64.3847134
2002,4,22,52386,-0.2013164,5.7e-06,64.3853164
2002,4,23,52387,-0.2022298,5.6e-06,64.3862298
2002,4,24,52388,-0.2033536,5.6e-06,64.3873536
2002,4,25,52389,-0.2046311,5.7e-06,64.3886311
2002,4,26,52390,-0.2059976,5.7e-06,64.3899976
2002,4,27,52391,-0.2073432,5.7e-06,64.3913432
2002,4,28,52392,-0.2085188,5.6e-06,64.39251879999999
2002,4,29,52393,-0.2094101,5.6e-06,64.3934101
2002,4,30,52394,-0.2099943,5.6e-06,64.3939943
2002,5,1,52395,-0.2103347,5.5e-06,64.3943347
2002,5,2,52396,-0.2105468,5.5e-06,64.3945468
2002,5,3,52397,-0.2107438,5.5e-06,64.3947438
2002,5,4,52398,-0.2110067,5.4e-06,64.3950067
2002,5,5,52399,-0.2113865,5.4e-06,64.3953865
2002,5,6,52400,-0.2119147,5.3e-06,64.39591469999999
2002,5,7,52401,-0.2126041,5.3e-06,64.39660409999999
2002,5,8,52402,-0.2134395,5.2e-06,64.3974395
2002,5,9,52403,-0.2143553,5.1e-06,64.39835529999999
2002,5,10,52404,-0.2153227,5.2e-06,64.3993227
2002,5,11,52405,-0.2162862,5.4e-06,64.4002862
2002,5,12,52406,-0.2171906,5.6e-06,64.40119059999999
2002,5,13,52407,-0.2180062,5.8e-06,64.4020062
2002,5,14,52408,-0.2187202,6e-06,64.4027202
2002,5,15,52409,-0.2193368,6.2e-06,64.40333679999999
2002,5,16,52410,-0.2198652,6.3e-06,64.4038652
2002,5,17,52411,-0.2203438,6.4e-06,64.40434379999999
2002,5,18,52412,-0.2209026,6.5e-06,64.4049026
2002,5,19,52413,-0.2216306,6.5e-06,64.4056306
2002,5,20,52414,-0.2225478,6.6e-06,64.4065478
2002,5,21,52415,-0.2236416,6.7e-06,64.40764159999999
2002,5,22,52416,-0.2248807,6.8e-06,64.4088807
2002,5,23,52417,-0.2262576,6.9e-06,64.4102576
2002,5,24,52418,-0.2277397,7.1e-06,64.4117397
2002,5,25,52419,-0.2292159,7.2e-06,64.4132159
2002,5,26,52420,-0.2304504,7.3e-06,64.41445039999999
2002,5,27,52421,-0.2312013,7.4e-06,64.41520129999999
2002,5,28,52422,-0.2313741,7.5e-06,64.4153741
2002,5,29,52423,-0.2310769,7.7e-06,64.4150769
2002,5,30,52424,-0.230645,7.8e-06,64.414645
2002,5,31,52425,-0.2309167,7.9e-06,64.41491669999999
2002,6,1,52426,-0.2314026,8e-06,64.4154026
2002,6,2,52427,-0.2316132,8e-06,64.4156132
2002,6,3,52428,-0.2316221,8.1e-06,64.4156221
2002,6,4,52429,-0.2316273,8.1e-06,64.4156273
2002,6,5,52430,-0.2318046,8.3e-06,64.4158046
2002,6,6,52431,-0.2319556,8.5e-06,64.4159556
2002,6,7,52432,-0.2319679,8.6e-06,64.4159679
2002,6,8,52433,-0.2318619,8.7e-06,64.4158619
2002,6,9,52434,-0.2316256,8.8e-06,64.4156256
2002,6,10,52435,-0.231242,8.8e-06,64.41524199999999
2002,6,11,52436,-0.2307195,8.9e-06,64.4147195
2002,6,12,52437,-0.23009,9e-06,64.41409
2002,6,13,52438,-0.2293969,9.1e-06,64.4133969
2002,6,14,52439,-0.22871,9.2e-06,64.41271
2002,6,15,52440,-0.2281552,9.2e-06,64.4121552
2002,6,16,52441,-0.227844,9.3e-06,64.411844
2002,6,17,52442,-0.2278209,9.3e-06,64.4118209
2002,6,18,52443,-0.2280527,9.3e-06,64.4120527
2002,6,19,52444,-0.228427,9.4e-06,64.412427
2002,6,20,52445,-0.2287093,9.4e-06,64.4127093
2002,6,21,52446,-0.2289793,9.3e-06,64.4129793
2002,6,22,52447,-0.2292002,9.1e-06,64.41320019999999
2002,6,23,52448,-0.2292852,8.9e-06,64.4132852
2002,6,24,52449,-0.229239,8.7e-06,64.413239
2002,6,25,52450,-0.2291068,8.6e-06,64.4131068
2002,6,26,52451,-0.2289546,8.4e-06,64.41295459999999
2002,6,27,52452,-0.2288388,8.3e-06,64.4128388
2002,6,28,52453,-0.2287875,8.2e-06,64.4127875
2002,6,29,52454,-0.2288136,8.1e-06,64.41281359999999
2002,6,30,52455,-0.2289405,7.9e-06,64.41294049999999
2002,7,1,52456,-0.2291896,7.8e-06,64.4131896
2002,7,2,52457,-0.2295578,7.6e-06,64.41355779999999
2002,7,3,52458,-0.2300045,7.6e-06,64.4140045
2002,7,4,52459,-0.2304369,7.5e-06,64.4144369
2002,7,5,52460,-0.2307827,7.4e-06,64.4147827
2002,7,6,52461,-0.2310105,7.3e-06,64.4150105
2002,7,7,52462,-0.2311096,7.2e-06,64.4151096
2002,7,8,52463,-0.2310768,7.1e-06,64.4150768
2002,7,9,52464,-0.2309182,7e-06,64.4149182
2002,7,10,52465,-0.2306677,7e-06,64.4146677
2002,7,11,52466,-0.2303914,7e-06,64.4143914
2002,7,12,52467,-0.2301796,7e-06,64.4141796
2002,7,13,52468,-0.2301673,7e-06,64.4141673
2002,7,14,52469,-0.2304173,6.9e-06,64.4144173
2002,7,15,52470,-0.2308876,6.9e-06,64.4148876
2002,7,16,52471,-0.2314715,6.9e-06,64.4154715
2002,7,17,52472,-0.2320394,6.8e-06,64.4160394
2002,7,18,52473,-0.232503,6.7e-06,64.41650299999999
2002,7,19,52474,-0.2328032,6.6e-06,64.4168032
2002,7,20,52475,-0.2328485,6.4e-06,64.4168485
2002,7,21,52476,-0.2325985,6.3e-06,64.41659849999999
2002,7,22,52477,-0.2320905,6.1e-06,64.4160905
2002,7,23,52478,-0.2314113,5.9e-06,64.4154113
2002,7,24,52479,-0.2306731,5.9e-06,64.4146731
2002,7,25,52480,-0.2299792,5.9e-06,64.4139792
2002,7,26,52481,-0.229402,6e-06,64.41340199999999
2002,7,27,52482,-0.2289798,6.2e-06,64.4129798
2002,7,28,52483,-0.2286943,6.3e-06,64.4126943
2002,7,29,52484,-0.2284878,6.5e-06,64.4124878
2002,7,30,52485,-0.2282997,6.7e-06,64.41229969999999
2002,7,31,52486,-0.2280876,6.8e-06,64.41208759999999
2002,8,1,52487,-0.2278303,7e-06,64.41183029999999
2002,8,2,52488,-0.2275087,7.1e-06,64.4115087
2002,8,3,52489,-0.2270933,7.3e-06,64.4110933
2002,8,4,52490,-0.2265556,7.4e-06,64.4105556
2002,8,5,52491,-0.2258953,7.5e-06,64.4098953
2002,8,6,52492,-0.2251594,7.6e-06,64.4091594
2002,8,7,52493,-0.2244401,7.7e-06,64.40844009999999
2002,8,8,52494,-0.2238529,7.8e-06,64.4078529
2002,8,9,52495,-0.223507,7.9e-06,64.407507
2002,8,10,52496,-0.2234681,7.9e-06,64.4074681
2002,8,11,52497,-0.2237301,8e-06,64.4077301
2002,8,12,52498,-0.2242131,8e-06,64.4082131
2002,8,13,52499,-0.2247881,8e-06,64.4087881
2002,8,14,52500,-0.225317,8.1e-06,64.409317
2002,8,15,52501,-0.2256924,8.2e-06,64.4096924
2002,8,16,52502,-0.2258557,8.2e-06,64.4098557
2002,8,17,52503,-0.2257904,8.2e-06,64.40979039999999
2002,8,18,52504,-0.2255316,8.1e-06,64.4095316
2002,8,19,52505,-0.2251565,8e-06,64.4091565
2002,8,20,52506,-0.2247643,7.9e-06,64.4087643
2002,8,21,52507,-0.2244519,7.8e-06,64.4084519
2002,8,22,52508,-0.2242801,7.7e-06,64.4082801
2002,8,23,52509,-0.2242605,7.7e-06,64.4082605
2002,8,24,52510,-0.2243679,7.6e-06,64.4083679
2002,8,25,52511,-0.2245701,7.6e-06,64.40857009999999
2002,8,26,52512,-0.2248398,7.6e-06,64.4088398
2002,8,27,52513,-0.2251521,7.5e-06,64.4091521
2002,8,28,52514,-0.2254762,7.6e-06,64.4094762
2002,8,29,52515,-0.2257265,7.7e-06,64.40972649999999
2002,8,30,52516,-0.225819,7.7e-06,64.409819
2002,8,31,52517,-0.2257778,7.7e-06,64.4097778
2002,9,1,52518,-0.225639,7.7e-06,64.409639
2002,9,2,52519,-0.225425,7.7e-06,64.409425
2002,9,3,52520,-0.2251797,7.7e-06,64.4091797
2002,9,4,52521,-0.224978,7.6e-06,64.40897799999999
2002,9,5,52522,-0.2249285,7.6e-06,64.4089285
2002,9,6,52523,-0.2251524,7.6e-06,64.4091524
2002,9,7,52524,-0.2256833,7.5e-06,64.4096833
2002,9,8,52525,-0.226502,7.4e-06,64.410502
2002,9,9,52526,-0.2275294,7.4e-06,64.41152939999999
2002,9,10,52527,-0.2285782,7.2e-06,64.4125782
2002,9,11,52528,-0.2293956,7e-06,64.4133956
2002,9,12,52529,-0.229933,6.9e-06,64.413933
2002,9,13,52530,-0.2302776,6.7e-06,64.41427759999999
2002,9,14,52531,-0.2304437,6.4e-06,64.41444369999999
2002,9,15,52532,-0.2304658,6.2e-06,64.4144658
2002,9,16,52533,-0.2304189,6e-06,64.4144189
2002,9,17,52534,-0.2303743,5.8e-06,64.41437429999999
2002,9,18,52535,-0.2303923,5.7e-06,64.4143923
2002,9,19,52536,-0.2305115,5.5e-06,64.4145115
2002,9,20,52537,-0.2307468,5.3e-06,64.4147468
2002,9,21,52538,-0.2310892,5.1e-06,64.4150892
2002,9,22,52539,-0.2315088,5e-06,64.4155088
2002,9,23,52540,-0.2319597,4.8e-06,64.4159597
2002,9,24,52541,-0.2323884,4.7e-06,64.4163884
2002,9,25,52542,-0.2327453,4.6e-06,64.4167453
2002,9,26,52543,-0.2329931,4.5e-06,64.4169931
2002,9,27,52544,-0.2331148,4.5e-06,64.4171148
2002,9,28,52545,-0.233121,4.5e-06,64.417121
2002,9,29,52546,-0.2330369,4.6e-06,64.4170369
2002,9,30,52547,-0.2329027,4.6e-06,64.4169027
2002,10,1,52548,-0.232783,4.7e-06,64.416783
2002,10,2,52549,-0.2327674,4.7e-06,64.4167674
2002,10,3,52550,-0.2329608,4.7e-06,64.4169608
2002,10,4,52551,-0.2334475,4.7e-06,64.4174475
2002,10,5,52552,-0.2342496,4.7e-06,64.4182496
2002,10,6,52553,-0.2352985,4.7e-06,64.4192985
2002,10,7,52554,-0.2364489,4.7e-06,64.4204489
2002,10,8,52555,-0.2375274,4.7e-06,64.4215274
2002,10,9,52556,-0.238396,4.6e-06,64.42239599999999
2002,10,10,52557,-0.2390062,4.6e-06,64.4230062
2002,10,11,52558,-0.2393596,4.5e-06,64.4233596
2002,10,12,52559,-0.2395446,4.4e-06,64.4235446
2002,10,13,52560,-0.2396738,4.3e-06,64.4236738
2002,10,14,52561,-0.2398357,4.2e-06,64.4238357
2002,10,15,52562,-0.2400917,4.2e-06,64.42409169999999
2002,10,16,52563,-0.2404751,4.1e-06,64.4244751
2002,10,17,52564,-0.241012,4e-06,64.425012
2002,10,18,52565,-0.2416976,3.9e-06,64.42569759999999
2002,10,19,52566,-0.2424303,3.8e-06,64.42643029999999
2002,10,20,52567,-0.2431869,3.8e-06,64.4271869
2002,10,21,52568,-0.2439385,3.7e-06,64.4279385
2002,10,22,52569,-0.2446717,3.7e-06,64.4286717
2002,10,23,52570,-0.2453446,3.7e-06,64.4293446
2002,10,24,52571,-0.2459076,3.7e-06,64.42990759999999
2002,10,25,52572,-0.2463353,3.7e-06,64.4303353
2002,10,26,52573,-0.2466304,3.7e-06,64.4306304
2002,10,27,52574,-0.2468483,3.7e-06,64.4308483
2002,10,28,52575,-0.2470326,3.7e-06,64.4310326
2002,10,29,52576,-0.2472041,3.7e-06,64.4312041
2002,10,30,52577,-0.2475148,3.7e-06,64.4315148
2002,10,31,52578,-0.2480802,3.8e-06,64.4320802
2002,11,1,52579,-0.2489205,3.8e-06,64.4329205
2002,11,2,52580,-0.2500146,3.9e-06,64.4340146
2002,11,3,52581,-0.2512623,3.9e-06,64.43526229999999
2002,11,4,52582,-0.2525046,4e-06,64.43650459999999
2002,11,5,52583,-0.2535858,4.1e-06,64.4375858
2002,11,6,52584,-0.2544079,4.2e-06,64.4384079
2002,11,7,52585,-0.2549773,4.3e-06,64.43897729999999
2002,11,8,52586,-0.2553376,4.4e-06,64.4393376
2002,11,9,52587,-0.2555232,4.5e-06,64.4395232
2002,11,10,52588,-0.255613,4.5e-06,64.439613
2002,11,11,52589,-0.2557115,4.6e-06,64.4397115
2002,11,12,52590,-0.2559076,4.7e-06,64.4399076
2002,11,13,52591,-0.2562554,4.8e-06,64.4402554
2002,11,14,52592,-0.2567515,4.9e-06,64.4407515
2002,11,15,52593,-0.2573353,4.9e-06,64.44133529999999
2002,11,16,52594,-0.2579783,4.9e-06,64.4419783
2002,11,17,52595,-0.2586388,4.9e-06,64.4426388
2002,11,18,52596,-0.259252,4.9e-06,64.443252
2002,11,19,52597,-0.2597622,4.8e-06,64.4437622
2002,11,20,52598,-0.2601375,4.9e-06,64.4441375
2002,11,21,52599,-0.2603809,4.9e-06,64.4443809
2002,11,22,52600,-0.260566,4.8e-06,64.444566
2002,11,23,52601,-0.2607216,4.7e-06,64.4447216
2002,11,24,52602,-0.260887,4.6e-06,64.444887
2002,11,25,52603,-0.261138,4.6e-06,64.445138
2002,11,26,52604,-0.2615553,4.5e-06,64.4455553
2002,11,27,52605,-0.2622081,4.4e-06,64.44620809999999
2002,11,28,52606,-0.263127,4.4e-06,64.447127
2002,11,29,52607,-0.2642984,4.3e-06,64.4482984
2002,11,30,52608,-0.2656558,4.2e-06,64.4496558
2002,12,1,52609,-0.2670803,4.1e-06,64.4510803
2002,12,2,52610,-0.2684262,4.1e-06,64.45242619999999
2002,12,3,52611,-0.2695634,4e-06,64.4535634
2002,12,4,52612,-0.2704246,4e-06,64.4544246
2002,12,5,52613,-0.2710518,4e-06,64.45505179999999
2002,12,6,52614,-0.2714243,4e-06,64.4554243
2002,12,7,52615,-0.2717,3.9e-06,64.4557
2002,12,8,52616,-0.2720613,3.9e-06,64.4560613
2002,12,9,52617,-0.2725947,3.9e-06,64.4565947
2002,12,10,52618,-0.2733208,3.8e-06,64.45732079999999
2002,12,11,52619,-0.2742051,3.9e-06,64.4582051
2002,12,12,52620,-0.2751891,3.9e-06,64.4591891
2002,12,13,52621,-0.2762083,4e-06,64.46020829999999
2002,12,14,52622,-0.2772246,4.1e-06,64.4612246
2002,12,15,52623,-0.2782017,4.1e-06,64.4622017
2002,12,16,52624,-0.2790935,4.2e-06,64.4630935
2002,12,17,52625,-0.2798523,4.2e-06,64.4638523
2002,12,18,52626,-0.2804373,4.3e-06,64.4644373
2002,12,19,52627,-0.2808227,4.4e-06,64.4648227
2002,12,20,52628,-0.2810401,4.4e-06,64.4650401
2002,12,21,52629,-0.2811738,4.5e-06,64.4651738
2002,12,22,52630,-0.2813281,4.5e-06,64.4653281
2002,12,23,52631,-0.2816079,4.5e-06,64.4656079
2002,12,24,52632,-0.2820969,4.6e-06,64.4660969
2002,12,25,52633,-0.282835,4.6e-06,64.466835
2002,12,26,52634,-0.2838048,4.7e-06,64.4678048
2002,12,27,52635,-0.2849322,4.7e-06,64.4689322
2002,12,28,52636,-0.2861057,4.7e-06,64.47010569999999
2002,12,29,52637,-0.2872102,4.7e-06,64.4712102
2002,12,30,52638,-0.2881553,4.7e-06,64.4721553
2002,12,31,52639,-0.2888954,4.7e-06,64.4728954
2003,1,1,52640,-0.2894375,3.8e-06,64.4734375
2003,1,2,52641,-0.2898185,3.7e-06,64.4738185
2003,1,3,52642,-0.2901076,3.7e-06,64.4741076
2003,1,4,52643,-0.2903925,3.6e-06,64.4743925
2003,1,5,52644,-0.2907666,3.5e-06,64.4747666
2003,1,6,52645,-0.291299,3.4e-06,64.47529899999999
2003,1,7,52646,-0.2920101,3.4e-06,64.4760101
2003,1,8,52647,-0.2928683,3.4e-06,64.47686829999999
2003,1,9,52648,-0.2937756,3.5e-06,64.4777756
2003,1,10,52649,-0.2946397,3.6e-06,64.4786397
2003,1,11,52650,-0.2954999,3.6e-06,64.4794999
2003,1,12,52651,-0.2963691,3.6e-06,64.4803691
2003,1,13,52652,-0.2971916,3.7e-06,64.4811916
2003,1,14,52653,-0.297895,3.7e-06,64.481895
2003,1,15,52654,-0.29842,3.7e-06,64.48241999999999
2003,1,16,52655,-0.2987662,3.7e-06,64.4827662
2003,1,17,52656,-0.2989935,3.7e-06,64.48299349999999
2003,1,18,52657,-0.2992079,3.7e-06,64.4832079
2003,1,19,52658,-0.2994971,3.8e-06,64.4834971
2003,1,20,52659,-0.2999115,3.8e-06,64.48391149999999
2003,1,21,52660,-0.3004687,3.8e-06,64.4844687
2003,1,22,52661,-0.3011585,3.8e-06,64.4851585
2003,1,23,52662,-0.3019652,3.9e-06,64.4859652
2003,1,24,52663,-0.302853,3.9e-06,64.486853
2003,1,25,52664,-0.303728,3.9e-06,64.487728
2003,1,26,52665,-0.3044785,3.8e-06,64.4884785
2003,1,27,52666,-0.3050187,3.8e-06,64.4890187
2003,1,28,52667,-0.3053138,3.8e-06,64.48931379999999
2003,1,29,52668,-0.3053965,3.9e-06,64.4893965
2003,1,30,52669,-0.3053898,3.9e-06,64.4893898
2003,1,31,52670,-0.3053564,3.9e-06,64.48935639999999
2003,2,1,52671,-0.3053433,3.9e-06,64.4893433
2003,2,2,52672,-0.3054295,3.9e-06,64.4894295
2003,2,3,52673,-0.3056909,3.9e-06,64.4896909
2003,2,4,52674,-0.3061688,3.8e-06,64.49016879999999
2003,2,5,52675,-0.3068527,3.9e-06,64.49085269999999
2003,2,6,52676,-0.3076709,3.9e-06,64.4916709
2003,2,7,52677,-0.3084375,3.8e-06,64.4924375
2003,2,8,52678,-0.3091229,3.8e-06,64.4931229
2003,2,9,52679,-0.3097263,3.7e-06,64.49372629999999
2003,2,10,52680,-0.310216,3.7e-06,64.494216
2003,2,11,52681,-0.3105819,3.6e-06,64.4945819
2003,2,12,52682,-0.310842,3.6e-06,64.49484199999999
2003,2,13,52683,-0.3110766,3.5e-06,64.4950766
2003,2,14,52684,-0.311378,3.5e-06,64.495378
2003,2,15,52685,-0.3117445,3.5e-06,64.4957445
2003,2,16,52686,-0.3122153,3.5e-06,64.4962153
2003,2,17,52687,-0.3128797,3.5e-06,64.4968797
2003,2,18,52688,-0.3137928,3.5e-06,64.4977928
2003,2,19,52689,-0.3149331,3.5e-06,64.4989331
2003,2,20,52690,-0.3161984,3.5e-06,64.5001984
2003,2,21,52691,-0.3174325,3.5e-06,64.50143249999999
2003,2,22,52692,-0.3184951,3.5e-06,64.5024951
2003,2,23,52693,-0.3193219,3.5e-06,64.5033219
2003,2,24,52694,-0.3199196,3.5e-06,64.5039196
2003,2,25,52695,-0.3203364,3.5e-06,64.5043364
2003,2,26,52696,-0.3206363,3.5e-06,64.5046363
2003,2,27,52697,-0.3208648,3.5e-06,64.5048648
2003,2,28,52698,-0.3210671,3.5e-06,64.50506709999999
2003,3,1,52699,-0.3213403,3.5e-06,64.5053403
2003,3,2,52700,-0.321746,3.4e-06,64.505746
2003,3,3,52701,-0.322285,3.3e-06,64.50628499999999
2003,3,4,52702,-0.3229242,3.3e-06,64.5069242
2003,3,5,52703,-0.3236136,3.2e-06,64.5076136
2003,3,6,52704,-0.3243109,3.2e-06,64.5083109
2003,3,7,52705,-0.3249862,3.2e-06,64.5089862
2003,3,8,52706,-0.3256189,3.1e-06,64.50961889999999
2003,3,9,52707,-0.326191,3e-06,64.51019099999999
2003,3,10,52708,-0.3266881,3e-06,64.5106881
2003,3,11,52709,-0.3271049,2.9e-06,64.51110489999999
2003,3,12,52710,-0.3274519,2.9e-06,64.5114519
2003,3,13,52711,-0.3277662,2.9e-06,64.5117662
2003,3,14,52712,-0.3281182,3e-06,64.5121182
2003,3,15,52713,-0.3286092,3e-06,64.5126092
2003,3,16,52714,-0.329341,3e-06,64.513341
2003,3,17,52715,-0.3303759,3.1e-06,64.5143759
2003,3,18,52716,-0.3317018,3.1e-06,64.5157018
2003,3,19,52717,-0.3332199,3.2e-06,64.5172199
2003,3,20,52718,-0.334762,3.2e-06,64.518762
2003,3,21,52719,-0.3361562,3.3e-06,64.5201562
2003,3,22,52720,-0.3372813,3.3e-06,64.5212813
2003,3,23,52721,-0.3380952,3.4e-06,64.5220952
2003,3,24,52722,-0.338635,3.5e-06,64.522635
2003,3,25,52723,-0.3389921,3.5e-06,64.5229921
2003,3,26,52724,-0.3392714,3.6e-06,64.5232714
2003,3,27,52725,-0.339536,3.7e-06,64.523536
2003,3,28,52726,-0.3399275,3.7e-06,64.5239275
2003,3,29,52727,-0.3404851,3.7e-06,64.52448509999999
2003,3,30,52728,-0.3411861,3.7e-06,64.5251861
2003,3,31,52729,-0.3420068,3.7e-06,64.52600679999999
2003,4,1,52730,-0.3429139,3.7e-06,64.5269139
2003,4,2,52731,-0.3438716,3.7e-06,64.5278716
2003,4,3,52732,-0.3448398,3.7e-06,64.5288398
2003,4,4,52733,-0.3457718,3.7e-06,64.52977179999999
2003,4,5,52734,-0.3466187,3.7e-06,64.53061869999999
2003,4,6,52735,-0.3473405,3.7e-06,64.5313405
2003,4,7,52736,-0.3479181,3.7e-06,64.5319181
2003,4,8,52737,-0.3483606,3.6e-06,64.5323606
2003,4,9,52738,-0.3487073,3.6e-06,64.5327073
2003,4,10,52739,-0.3490282,3.6e-06,64.5330282
2003,4,11,52740,-0.349411,3.5e-06,64.533411
2003,4,12,52741,-0.3499542,3.4e-06,64.5339542
2003,4,13,52742,-0.3507526,3.3e-06,64.5347526
2003,4,14,52743,-0.351854,3.2e-06,64.535854
2003,4,15,52744,-0.3532194,3.2e-06,64.5372194
2003,4,16,52745,-0.3547145,3.2e-06,64.5387145
2003,4,17,52746,-0.3561336,3.1e-06,64.5401336
2003,4,18,52747,-0.3572823,3.1e-06,64.54128229999999
2003,4,19,52748,-0.3580696,3.1e-06,64.54206959999999
2003,4,20,52749,-0.3585193,3.1e-06,64.5425193
2003,4,21,52750,-0.3587363,3.1e-06,64.5427363
2003,4,22,52751,-0.3588596,3e-06,64.5428596
2003,4,23,52752,-0.3589882,3.1e-06,64.5429882
2003,4,24,52753,-0.3590483,3.1e-06,64.5430483
2003,4,25,52754,-0.359276,3.1e-06,64.54327599999999
2003,4,26,52755,-0.3596942,3.1e-06,64.5436942
2003,4,27,52756,-0.3602352,3.1e-06,64.5442352
2003,4,28,52757,-0.360892,3.1e-06,64.544892
2003,4,29,52758,-0.3616358,3.2e-06,64.5456358
2003,4,30,52759,-0.3624053,3.2e-06,64.5464053
2003,5,1,52760,-0.3630732,3.3e-06,64.5470732
2003,5,2,52761,-0.3635569,3.3e-06,64.5475569
2003,5,3,52762,-0.3638464,3.3e-06,64.5478464
2003,5,4,52763,-0.363977,3.4e-06,64.547977
2003,5,5,52764,-0.3640088,3.4e-06,64.54800879999999
2003,5,6,52765,-0.3640018,3.4e-06,64.5480018
2003,5,7,52766,-0.3639809,3.5e-06,64.5479809
2003,5,8,52767,-0.3638447,3.5e-06,64.5478447
2003,5,9,52768,-0.3639063,3.5e-06,64.5479063
2003,5,10,52769,-0.3641818,3.5e-06,64.5481818
2003,5,11,52770,-0.3646542,3.6e-06,64.5486542
2003,5,12,52771,-0.3654255,3.6e-06,64.5494255
2003,5,13,52772,-0.3665224,3.6e-06,64.55052239999999
2003,5,14,52773,-0.3678384,3.7e-06,64.5518384
2003,5,15,52774,-0.3690357,3.7e-06,64.5530357
2003,5,16,52775,-0.3699225,3.8e-06,64.5539225
2003,5,17,52776,-0.370507,3.8e-06,64.554507
2003,5,18,52777,-0.3708509,3.9e-06,64.55485089999999
2003,5,19,52778,-0.3710501,3.9e-06,64.5550501
2003,5,20,52779,-0.3712142,4e-06,64.5552142
2003,5,21,52780,-0.3714284,4e-06,64.5554284
2003,5,22,52781,-0.3717473,4e-06,64.5557473
2003,5,23,52782,-0.3722011,4e-06,64.5562011
2003,5,24,52783,-0.372765,3.9e-06,64.556765
2003,5,25,52784,-0.3733914,3.9e-06,64.5573914
2003,5,26,52785,-0.3740315,3.9e-06,64.5580315
2003,5,27,52786,-0.3746355,3.8e-06,64.5586355
2003,5,28,52787,-0.3751562,3.8e-06,64.5591562
2003,5,29,52788,-0.3755505,3.8e-06,64.5595505
2003,5,30,52789,-0.3757743,3.7e-06,64.5597743
2003,5,31,52790,-0.3758231,3.6e-06,64.5598231
2003,6,1,52791,-0.375699,3.6e-06,64.559699
2003,6,2,52792,-0.3754084,3.6e-06,64.5594084
2003,6,3,52793,-0.3749855,3.5e-06,64.55898549999999
2003,6,4,52794,-0.3744988,3.6e-06,64.5584988
2003,6,5,52795,-0.3740492,3.7e-06,64.5580492
2003,6,6,52796,-0.3737436,3.8e-06,64.5577436
2003,6,7,52797,-0.3736638,3.9e-06,64.5576638
2003,6,8,52798,-0.3738406,4e-06,64.55784059999999
2003,6,9,52799,-0.3742402,4.1e-06,64.5582402
2003,6,10,52800,-0.3747651,4.2e-06,64.5587651
2003,6,11,52801,-0.3752706,4.3e-06,64.55927059999999
2003,6,12,52802,-0.3755989,4.4e-06,64.5595989
2003,6,13,52803,-0.3756289,4.5e-06,64.55962889999999
2003,6,14,52804,-0.3753238,4.6e-06,64.5593238
2003,6,15,52805,-0.3747557,4.7e-06,64.55875569999999
2003,6,16,52806,-0.3740697,4.8e-06,64.5580697
2003,6,17,52807,-0.373419,4.8e-06,64.557419
2003,6,18,52808,-0.3728999,4.9e-06,64.55689989999999
2003,6,19,52809,-0.3724742,4.8e-06,64.5564742
2003,6,20,52810,-0.3722312,4.8e-06,64.5562312
2003,6,21,52811,-0.372123,4.8e-06,64.556123
2003,6,22,52812,-0.3720509,4.8e-06,64.5560509
2003,6,23,52813,-0.3719601,4.7e-06,64.5559601
2003,6,24,52814,-0.3718036,4.7e-06,64.5558036
2003,6,25,52815,-0.3715427,4.7e-06,64.5555427
2003,6,26,52816,-0.3711341,4.7e-06,64.5551341
2003,6,27,52817,-0.370564,4.6e-06,64.554564
2003,6,28,52818,-0.3698473,4.6e-06,64.5538473
2003,6,29,52819,-0.3690162,4.5e-06,64.5530162
2003,6,30,52820,-0.3681204,4.4e-06,64.55212039999999
2003,7,1,52821,-0.3672244,4.3e-06,64.5512244
2003,7,2,52822,-0.3663961,4.3e-06,64.5503961
2003,7,3,52823,-0.3656913,4.3e-06,64.54969129999999
2003,7,4,52824,-0.3651449,4.3e-06,64.5491449
2003,7,5,52825,-0.3647683,4.3e-06,64.54876829999999
2003,7,6,52826,-0.3645403,4.2e-06,64.5485403
2003,7,7,52827,-0.364401,4.2e-06,64.548401
2003,7,8,52828,-0.3642566,4.2e-06,64.5482566
2003,7,9,52829,-0.3639987,4.1e-06,64.5479987
2003,7,10,52830,-0.3635277,4.1e-06,64.5475277
2003,7,11,52831,-0.3628031,4.1e-06,64.54680309999999
2003,7,12,52832,-0.3619002,4.2e-06,64.54590019999999
2003,7,13,52833,-0.3609319,4.2e-06,64.5449319
2003,7,14,52834,-0.3600064,4.3e-06,64.5440064
2003,7,15,52835,-0.359213,4.4e-06,64.543213
2003,7,16,52836,-0.3586063,4.4e-06,64.5426063
2003,7,17,52837,-0.3582328,4.5e-06,64.5422328
2003,7,18,52838,-0.3580209,4.5e-06,64.5420209
2003,7,19,52839,-0.3579001,4.6e-06,64.54190009999999
2003,7,20,52840,-0.3578027,4.7e-06,64.54180269999999
2003,7,21,52841,-0.3576535,4.8e-06,64.5416535
2003,7,22,52842,-0.3574,4.9e-06,64.5414
2003,7,23,52843,-0.3570227,5.1e-06,64.5410227
2003,7,24,52844,-0.3565467,5.2e-06,64.5405467
2003,7,25,52845,-0.356015,5.4e-06,64.540015
2003,7,26,52846,-0.3554533,5.5e-06,64.53945329999999
2003,7,27,52847,-0.3548591,5.6e-06,64.5388591
2003,7,28,52848,-0.3542356,5.7e-06,64.5382356
2003,7,29,52849,-0.3536254,5.8e-06,64.5376254
2003,7,30,52850,-0.3531263,5.9e-06,64.5371263
2003,7,31,52851,-0.3529273,6e-06,64.5369273
2003,8,1,52852,-0.3530609,6.1e-06,64.5370609
2003,8,2,52853,-0.3534003,6.1e-06,64.5374003
2003,8,3,52854,-0.3538011,6.1e-06,64.5378011
2003,8,4,52855,-0.3541388,6.2e-06,64.5381388
2003,8,5,52856,-0.3543263,6.2e-06,64.5383263
2003,8,6,52857,-0.3543252,6.3e-06,64.5383252
2003,8,7,52858,-0.3541215,6.3e-06,64.5381215
2003,8,8,52859,-0.3537259,6.3e-06,64.5377259
2003,8,9,52860,-0.3531853,6.4e-06,64.5371853
2003,8,10,52861,-0.3525982,6.3e-06,64.5365982
2003,8,11,52862,-0.3520888,6.3e-06,64.5360888
2003,8,12,52863,-0.3517629,6.3e-06,64.5357629
2003,8,13,52864,-0.3516692,6.3e-06,64.5356692
2003,8,14,52865,-0.3517541,6.3e-06,64.53575409999999
2003,8,15,52866,-0.3519794,6.3e-06,64.5359794
2003,8,16,52867,-0.3523141,6.2e-06,64.5363141
2003,8,17,52868,-0.3526607,6.1e-06,64.5366607
2003,8,18,52869,-0.3528931,6e-06,64.5368931
2003,8,19,52870,-0.3529128,6e-06,64.5369128
2003,8,20,52871,-0.352684,5.9e-06,64.536684
2003,8,21,52872,-0.3522841,5.9e-06,64.5362841
2003,8,22,52873,-0.3518187,5.8e-06,64.5358187
2003,8,23,52874,-0.3512589,5.7e-06,64.5352589
2003,8,24,52875,-0.3506167,5.6e-06,64.5346167
2003,8,25,52876,-0.3499928,5.5e-06,64.5339928
2003,8,26,52877,-0.3495194,5.5e-06,64.5335194
2003,8,27,52878,-0.3493198,5.4e-06,64.5333198
2003,8,28,52879,-0.349425,5.2e-06,64.533425
2003,8,29,52880,-0.3498526,5.1e-06,64.5338526
2003,8,30,52881,-0.3505287,4.9e-06,64.5345287
2003,8,31,52882,-0.351296,4.8e-06,64.535296
2003,9,1,52883,-0.3519826,4.7e-06,64.5359826
2003,9,2,52884,-0.3524514,4.6e-06,64.5364514
2003,9,3,52885,-0.3526384,4.5e-06,64.5366384
2003,9,4,52886,-0.3525666,4.5e-06,64.5365666
2003,9,5,52887,-0.3523575,4.4e-06,64.5363575
2003,9,6,52888,-0.3520696,4.4e-06,64.53606959999999
2003,9,7,52889,-0.3517756,4.4e-06,64.5357756
2003,9,8,52890,-0.3515785,4.4e-06,64.5355785
2003,9,9,52891,-0.3515537,4.4e-06,64.5355537
2003,9,10,52892,-0.351727,4.4e-06,64.535727
2003,9,11,52893,-0.3520567,4.3e-06,64.5360567
2003,9,12,52894,-0.3524577,4.3e-06,64.5364577
2003,9,13,52895,-0.3528339,4.3e-06,64.53683389999999
2003,9,14,52896,-0.3531247,4.3e-06,64.53712469999999
2003,9,15,52897,-0.3533142,4.3e-06,64.5373142
2003,9,16,52898,-0.3534349,4.3e-06,64.5374349
2003,9,17,52899,-0.3534984,4.2e-06,64.5374984
2003,9,18,52900,-0.3533546,4.2e-06,64.5373546
2003,9,19,52901,-0.3530913,4.2e-06,64.5370913
2003,9,20,52902,-0.3527978,4.1e-06,64.5367978
2003,9,21,52903,-0.3525349,4.1e-06,64.53653489999999
2003,9,22,52904,-0.3523971,4.1e-06,64.5363971
2003,9,23,52905,-0.3524712,4e-06,64.5364712
2003,9,24,52906,-0.3528143,4e-06,64.5368143
2003,9,25,52907,-0.3534263,4e-06,64.53742629999999
2003,9,26,52908,-0.3542436,3.9e-06,64.5382436
2003,9,27,52909,-0.3551502,3.9e-06,64.5391502
2003,9,28,52910,-0.3560174,3.9e-06,64.5400174
2003,9,29,52911,-0.3567374,3.9e-06,64.5407374
2003,9,30,52912,-0.3572474,3.9e-06,64.5412474
2003,10,1,52913,-0.3575375,4e-06,64.5415375
2003,10,2,52914,-0.3576156,4.1e-06,64.5416156
2003,10,3,52915,-0.3575417,4.1e-06,64.5415417
2003,10,4,52916,-0.3575077,4.1e-06,64.5415077
2003,10,5,52917,-0.3576588,4.1e-06,64.5416588
2003,10,6,52918,-0.3580364,4.1e-06,64.5420364
2003,10,7,52919,-0.3586123,4.1e-06,64.5426123
2003,10,8,52920,-0.3593108,4.1e-06,64.5433108
2003,10,9,52921,-0.3600488,4.1e-06,64.5440488
2003,10,10,52922,-0.3607572,4.1e-06,64.54475719999999
2003,10,11,52923,-0.3613936,4.1e-06,64.5453936
2003,10,12,52924,-0.3619268,4.1e-06,64.5459268
2003,10,13,52925,-0.3623309,4.2e-06,64.5463309
2003,10,14,52926,-0.3625901,4.2e-06,64.5465901
2003,10,15,52927,-0.3627032,4.2e-06,64.5467032
2003,10,16,52928,-0.3626825,4.3e-06,64.5466825
2003,10,17,52929,-0.3625916,4.3e-06,64.5465916
2003,10,18,52930,-0.3625301,4.3e-06,64.5465301
2003,10,19,52931,-0.3625923,4.3e-06,64.5465923
2003,10,20,52932,-0.3628572,4.3e-06,64.54685719999999
2003,10,21,52933,-0.3633849,4.2e-06,64.5473849
2003,10,22,52934,-0.364207,4.3e-06,64.54820699999999
2003,10,23,52935,-0.3653173,4.3e-06,64.5493173
2003,10,24,52936,-0.3666001,4.3e-06,64.5506001
2003,10,25,52937,-0.3679678,4.3e-06,64.5519678
2003,10,26,52938,-0.3692189,4.3e-06,64.5532189
2003,10,27,52939,-0.3700988,4.4e-06,64.55409879999999
2003,10,28,52940,-0.3704696,4.4e-06,64.5544696
2003,10,29,52941,-0.3703992,4.5e-06,64.55439919999999
2003,10,30,52942,-0.370324,4.6e-06,64.554324
2003,10,31,52943,-0.3703788,4.6e-06,64.5543788
2003,11,1,52944,-0.3704362,4.6e-06,64.5544362
2003,11,2,52945,-0.3705083,4.7e-06,64.5545083
2003,11,3,52946,-0.3706993,4.7e-06,64.5546993
2003,11,4,52947,-0.3710913,4.7e-06,64.5550913
2003,11,5,52948,-0.3716829,4.7e-06,64.5556829
2003,11,6,52949,-0.3722301,4.7e-06,64.5562301
2003,11,7,52950,-0.3727349,4.7e-06,64.5567349
2003,11,8,52951,-0.3731858,4.7e-06,64.5571858
2003,11,9,52952,-0.3735215,4.7e-06,64.5575215
2003,11,10,52953,-0.3737219,4.8e-06,64.5577219
2003,11,11,52954,-0.3737902,4.8e-06,64.5577902
2003,11,12,52955,-0.3737599,4.9e-06,64.5577599
2003,11,13,52956,-0.3737084,5e-06,64.5577084
2003,11,14,52957,-0.373685,5e-06,64.55768499999999
2003,11,15,52958,-0.373737,5e-06,64.557737
2003,11,16,52959,-0.3739213,5e-06,64.5579213
2003,11,17,52960,-0.374288,5e-06,64.558288
2003,11,18,52961,-0.3748712,5e-06,64.5588712
2003,11,19,52962,-0.3756744,5e-06,64.55967439999999
2003,11,20,52963,-0.376641,5e-06,64.560641
2003,11,21,52964,-0.3776732,4.9e-06,64.5616732
2003,11,22,52965,-0.3787113,4.8e-06,64.5627113
2003,11,23,52966,-0.3796414,4.8e-06,64.5636414
2003,11,24,52967,-0.3803257,4.7e-06,64.5643257
2003,11,25,52968,-0.3806933,4.6e-06,64.5646933
2003,11,26,52969,-0.3807751,4.6e-06,64.56477509999999
2003,11,27,52970,-0.3807157,4.5e-06,64.5647157
2003,11,28,52971,-0.3806728,4.4e-06,64.5646728
2003,11,29,52972,-0.3807552,4.4e-06,64.5647552
2003,11,30,52973,-0.3810082,4.3e-06,64.5650082
2003,12,1,52974,-0.3814163,4.3e-06,64.5654163
2003,12,2,52975,-0.3819239,4.2e-06,64.5659239
2003,12,3,52976,-0.3824617,4.1e-06,64.56646169999999
2003,12,4,52977,-0.3829677,4.1e-06,64.56696769999999
2003,12,5,52978,-0.383344,4e-06,64.56734399999999
2003,12,6,52979,-0.3836261,3.8e-06,64.5676261
2003,12,7,52980,-0.3838098,3.7e-06,64.56780979999999
2003,12,8,52981,-0.3838224,3.6e-06,64.5678224
2003,12,9,52982,-0.3836138,3.5e-06,64.5676138
2003,12,10,52983,-0.3832088,3.4e-06,64.5672088
2003,12,11,52984,-0.3827909,3.3e-06,64.5667909
2003,12,12,52985,-0.3824325,3.3e-06,64.56643249999999
2003,12,13,52986,-0.3821454,3.2e-06,64.5661454
2003,12,14,52987,-0.3819786,3.1e-06,64.5659786
2003,12,15,52988,-0.3819959,3e-06,64.5659959
2003,12,16,52989,-0.3822478,2.9e-06,64.5662478
2003,12,17,52990,-0.3827483,2.9e-06,64.5667483
2003,12,18,52991,-0.3834432,2.8e-06,64.5674432
2003,12,19,52992,-0.3842239,2.8e-06,64.56822389999999
2003,12,20,52993,-0.3849774,2.8e-06,64.5689774
2003,12,21,52994,-0.3855977,2.8e-06,64.5695977
2003,12,22,52995,-0.3860225,2.9e-06,64.5700225
2003,12,23,52996,-0.3862653,2.9e-06,64.5702653
2003,12,24,52997,-0.3864055,3e-06,64.57040549999999
2003,12,25,52998,-0.386548,3e-06,64.570548
2003,12,26,52999,-0.3867735,3.1e-06,64.5707735
2003,12,27,53000,-0.3871103,3.2e-06,64.5711103
2003,12,28,53001,-0.3875395,3.2e-06,64.5715395
2003,12,29,53002,-0.3880224,3.3e-06,64.5720224
2003,12,30,53003,-0.3885263,3.4e-06,64.57252629999999
2003,12,31,53004,-0.3890308,3.5e-06,64.5730308
2004,1,1,53005,-0.3895218,4.3e-06,64.5735218
2004,1,2,53006,-0.3899481,4.4e-06,64.5739481
2004,1,3,53007,-0.3902748,4.5e-06,64.5742748
2004,1,4,53008,-0.3904705,4.6e-06,64.5744705
2004,1,5,53009,-0.390535,4.7e-06,64.574535
2004,1,6,53010,-0.390507,4.7e-06,64.574507
2004,1,7,53011,-0.3904554,4.7e-06,64.57445539999999
2004,1,8,53012,-0.3904619,4.7e-06,64.5744619
2004,1,9,53013,-0.390607,4.7e-06,64.574607
2004,1,10,53014,-0.3909585,4.6e-06,64.5749585
2004,1,11,53015,-0.3915683,4.5e-06,64.5755683
2004,1,12,53016,-0.3924527,4.5e-06,64.5764527
2004,1,13,53017,-0.3935731,4.4e-06,64.5775731
2004,1,14,53018,-0.3948372,4.3e-06,64.5788372
2004,1,15,53019,-0.3961129,4.2e-06,64.5801129
2004,1,16,53020,-0.3972666,4.1e-06,64.58126659999999
2004,1,17,53021,-0.3982001,3.9e-06,64.5822001
2004,1,18,53022,-0.3988772,3.8e-06,64.5828772
2004,1,19,53023,-0.3993245,3.7e-06,64.5833245
2004,1,20,53024,-0.3996134,3.6e-06,64.5836134
2004,1,21,53025,-0.3998364,3.5e-06,64.5838364
2004,1,22,53026,-0.4000873,3.5e-06,64.5840873
2004,1,23,53027,-0.4004453,3.5e-06,64.5844453
2004,1,24,53028,-0.400963,3.5e-06,64.584963
2004,1,25,53029,-0.4016502,3.4e-06,64.5856502
2004,1,26,53030,-0.4024617,3.4e-06,64.5864617
2004,1,27,53031,-0.4033037,3.4e-06,64.58730369999999
2004,1,28,53032,-0.4040653,3.4e-06,64.5880653
2004,1,29,53033,-0.4046572,3.5e-06,64.5886572
2004,1,30,53034,-0.4050335,3.5e-06,64.5890335
2004,1,31,53035,-0.4051926,3.5e-06,64.5891926
2004,2,1,53036,-0.4051621,3.6e-06,64.5891621
2004,2,2,53037,-0.4049848,3.6e-06,64.58898479999999
2004,2,3,53038,-0.4047115,3.6e-06,64.5887115
2004,2,4,53039,-0.4044073,3.6e-06,64.5884073
2004,2,5,53040,-0.4041715,3.6e-06,64.5881715
2004,2,6,53041,-0.4041087,3.5e-06,64.58810869999999
2004,2,7,53042,-0.4042615,3.5e-06,64.5882615
2004,2,8,53043,-0.4046524,3.4e-06,64.5886524
2004,2,9,53044,-0.4052837,3.4e-06,64.5892837
2004,2,10,53045,-0.4061113,3.3e-06,64.5901113
2004,2,11,53046,-0.4070503,3.3e-06,64.59105029999999
2004,2,12,53047,-0.4079979,3.2e-06,64.5919979
2004,2,13,53048,-0.4087636,3.1e-06,64.5927636
2004,2,14,53049,-0.4093243,3e-06,64.59332429999999
2004,2,15,53050,-0.4096934,2.9e-06,64.59369339999999
2004,2,16,53051,-0.4098766,2.8e-06,64.5938766
2004,2,17,53052,-0.409953,2.7e-06,64.593953
2004,2,18,53053,-0.410064,2.7e-06,64.594064
2004,2,19,53054,-0.4103496,2.7e-06,64.5943496
2004,2,20,53055,-0.410824,2.7e-06,64.594824
2004,2,21,53056,-0.4115334,2.7e-06,64.5955334
2004,2,22,53057,-0.4124671,2.6e-06,64.5964671
2004,2,23,53058,-0.4135275,2.6e-06,64.5975275
2004,2,24,53059,-0.4145981,2.6e-06,64.5985981
2004,2,25,53060,-0.4155742,2.6e-06,64.59957419999999
2004,2,26,53061,-0.4163835,2.7e-06,64.60038349999999
2004,2,27,53062,-0.4169817,2.8e-06,64.60098169999999
2004,2,28,53063,-0.4173491,2.8e-06,64.6013491
2004,2,29,53064,-0.4174951,2.9e-06,64.6014951
2004,3,1,53065,-0.417465,3e-06,64.60146499999999
2004,3,2,53066,-0.4173363,3e-06,64.6013363
2004,3,3,53067,-0.4172057,3.1e-06,64.6012057
2004,3,4,53068,-0.4171778,3.2e-06,64.6011778
2004,3,5,53069,-0.4173412,3.2e-06,64.6013412
2004,3,6,53070,-0.4177304,3.3e-06,64.6017304
2004,3,7,53071,-0.4183537,3.4e-06,64.6023537
2004,3,8,53072,-0.4191793,3.4e-06,64.6031793
2004,3,9,53073,-0.4201135,3.5e-06,64.6041135
2004,3,10,53074,-0.4210193,3.6e-06,64.6050193
2004,3,11,53075,-0.4217373,3.7e-06,64.6057373
2004,3,12,53076,-0.4221959,3.8e-06,64.6061959
2004,3,13,53077,-0.42242,3.9e-06,64.60642
2004,3,14,53078,-0.4224754,4e-06,64.6064754
2004,3,15,53079,-0.4224522,4.1e-06,64.60645219999999
2004,3,16,53080,-0.4224517,4.2e-06,64.6064517
2004,3,17,53081,-0.4225707,4.2e-06,64.60657069999999
2004,3,18,53082,-0.4228974,4.3e-06,64.6068974
2004,3,19,53083,-0.4234859,4.3e-06,64.6074859
2004,3,20,53084,-0.4243251,4.3e-06,64.6083251
2004,3,21,53085,-0.4253611,4.2e-06,64.6093611
2004,3,22,53086,-0.4265155,4.2e-06,64.61051549999999
2004,3,23,53087,-0.4276974,4.2e-06,64.6116974
2004,3,24,53088,-0.4288177,4.1e-06,64.6128177
2004,3,25,53089,-0.4298011,4e-06,64.6138011
2004,3,26,53090,-0.4306028,4e-06,64.6146028
2004,3,27,53091,-0.4312196,3.9e-06,64.6152196
2004,3,28,53092,-0.4316921,3.8e-06,64.6156921
2004,3,29,53093,-0.4320901,3.7e-06,64.6160901
2004,3,30,53094,-0.4324945,3.6e-06,64.6164945
2004,3,31,53095,-0.4329858,3.7e-06,64.6169858
2004,4,1,53096,-0.4336299,3.8e-06,64.6176299
2004,4,2,53097,-0.4344765,3.9e-06,64.6184765
2004,4,3,53098,-0.4355558,4e-06,64.6195558
2004,4,4,53099,-0.4368716,4.1e-06,64.6208716
2004,4,5,53100,-0.4383734,4.3e-06,64.6223734
2004,4,6,53101,-0.4399443,4.4e-06,64.62394429999999
2004,4,7,53102,-0.4414229,4.5e-06,64.6254229
2004,4,8,53103,-0.4426249,4.6e-06,64.6266249
2004,4,9,53104,-0.4435028,4.7e-06,64.6275028
2004,4,10,53105,-0.4441045,4.7e-06,64.62810449999999
2004,4,11,53106,-0.4445256,4.7e-06,64.6285256
2004,4,12,53107,-0.4448949,4.8e-06,64.62889489999999
2004,4,13,53108,-0.4453375,4.8e-06,64.62933749999999
2004,4,14,53109,-0.4459409,4.8e-06,64.6299409
2004,4,15,53110,-0.4467352,5e-06,64.6307352
2004,4,16,53111,-0.4476889,5e-06,64.6316889
2004,4,17,53112,-0.4487309,5.1e-06,64.6327309
2004,4,18,53113,-0.4497767,5.1e-06,64.6337767
2004,4,19,53114,-0.4507421,5.1e-06,64.6347421
2004,4,20,53115,-0.4515521,5.1e-06,64.6355521
2004,4,21,53116,-0.4521511,5.1e-06,64.63615109999999
2004,4,22,53117,-0.452508,5.1e-06,64.63650799999999
2004,4,23,53118,-0.4526253,5.1e-06,64.63662529999999
2004,4,24,53119,-0.452544,5.1e-06,64.636544
2004,4,25,53120,-0.4523427,5.1e-06,64.6363427
2004,4,26,53121,-0.452119,5e-06,64.636119
2004,4,27,53122,-0.4519684,5e-06,64.6359684
2004,4,28,53123,-0.4519722,5e-06,64.6359722
2004,4,29,53124,-0.4521936,5.1e-06,64.6361936
2004,4,30,53125,-0.4526739,5.1e-06,64.63667389999999
2004,5,1,53126,-0.4534233,5.1e-06,64.6374233
2004,5,2,53127,-0.4544071,5.2e-06,64.6384071
2004,5,3,53128,-0.4555395,5.2e-06,64.6395395
2004,5,4,53129,-0.4566958,5.2e-06,64.6406958
2004,5,5,53130,-0.457746,5.2e-06,64.641746
2004,5,6,53131,-0.4586014,5.2e-06,64.6426014
2004,5,7,53132,-0.4592368,5.3e-06,64.6432368
2004,5,8,53133,-0.4596685,5.3e-06,64.6436685
2004,5,9,53134,-0.4599994,5.3e-06,64.6439994
2004,5,10,53135,-0.4603706,5.3e-06,64.6443706
2004,5,11,53136,-0.4608765,5.3e-06,64.6448765
2004,5,12,53137,-0.4615528,5.4e-06,64.6455528
2004,5,13,53138,-0.4623673,5.4e-06,64.6463673
2004,5,14,53139,-0.4633271,5.5e-06,64.6473271
2004,5,15,53140,-0.4643649,5.6e-06,64.6483649
2004,5,16,53141,-0.4653922,5.7e-06,64.6493922
2004,5,17,53142,-0.4663411,5.8e-06,64.65034109999999
2004,5,18,53143,-0.4671478,5.9e-06,64.6511478
2004,5,19,53144,-0.467763,6e-06,64.651763
2004,5,20,53145,-0.4681668,6.2e-06,64.6521668
2004,5,21,53146,-0.4683768,6.3e-06,64.6523768
2004,5,22,53147,-0.4684371,6.4e-06,64.6524371
2004,5,23,53148,-0.4684024,6.5e-06,64.6524024
2004,5,24,53149,-0.46833,6.6e-06,64.65232999999999
2004,5,25,53150,-0.4682784,6.7e-06,64.6522784
2004,5,26,53151,-0.4683109,6.9e-06,64.6523109
2004,5,27,53152,-0.468517,7e-06,64.652517
2004,5,28,53153,-0.4688693,7e-06,64.65286929999999
2004,5,29,53154,-0.4693301,7e-06,64.65333009999999
2004,5,30,53155,-0.4698741,7e-06,64.6538741
2004,5,31,53156,-0.4704253,7e-06,64.6544253
2004,6,1,53157,-0.4708816,7e-06,64.6548816
2004,6,2,53158,-0.4711448,7e-06,64.6551448
2004,6,3,53159,-0.4711687,7e-06,64.6551687
2004,6,4,53160,-0.4710016,7e-06,64.65500159999999
2004,6,5,53161,-0.4707604,7e-06,64.6547604
2004,6,6,53162,-0.4705459,7e-06,64.6545459
2004,6,7,53163,-0.4704154,7.1e-06,64.65441539999999
2004,6,8,53164,-0.4703913,7.1e-06,64.6543913
2004,6,9,53165,-0.4704933,7.3e-06,64.6544933
2004,6,10,53166,-0.4708486,7.4e-06,64.6548486
2004,6,11,53167,-0.4713981,7.6e-06,64.6553981
2004,6,12,53168,-0.4719452,7.7e-06,64.65594519999999
2004,6,13,53169,-0.4723649,7.9e-06,64.6563649
2004,6,14,53170,-0.4725996,8e-06,64.65659959999999
2004,6,15,53171,-0.4726248,8.2e-06,64.6566248
2004,6,16,53172,-0.472439,8.3e-06,64.65643899999999
2004,6,17,53173,-0.4720112,8.3e-06,64.6560112
2004,6,18,53174,-0.4714549,8.3e-06,64.6554549
2004,6,19,53175,-0.4708653,8.3e-06,64.6548653
2004,6,20,53176,-0.4702939,8.2e-06,64.6542939
2004,6,21,53177,-0.4697881,8.1e-06,64.6537881
2004,6,22,53178,-0.4693839,8e-06,64.6533839
2004,6,23,53179,-0.4691143,7.9e-06,64.6531143
2004,6,24,53180,-0.4690252,7.9e-06,64.6530252
2004,6,25,53181,-0.4691348,7.8e-06,64.6531348
2004,6,26,53182,-0.4693516,7.6e-06,64.6533516
2004,6,27,53183,-0.4695701,7.5e-06,64.6535701
2004,6,28,53184,-0.4697033,7.3e-06,64.6537033
2004,6,29,53185,-0.4696764,7.2e-06,64.6536764
2004,6,30,53186,-0.4694448,7.3e-06,64.6534448
2004,7,1,53187,-0.4689971,7.4e-06,64.6529971
2004,7,2,53188,-0.4683727,7.5e-06,64.6523727
2004,7,3,53189,-0.467663,7.6e-06,64.651663
2004,7,4,53190,-0.4669917,7.7e-06,64.65099169999999
2004,7,5,53191,-0.4664649,7.8e-06,64.6504649
2004,7,6,53192,-0.466127,7.9e-06,64.650127
2004,7,7,53193,-0.4659523,7.8e-06,64.6499523
2004,7,8,53194,-0.4658622,7.9e-06,64.6498622
2004,7,9,53195,-0.4657476,8e-06,64.6497476
2004,7,10,53196,-0.4655297,8e-06,64.6495297
2004,7,11,53197,-0.4651594,8e-06,64.6491594
2004,7,12,53198,-0.4646078,8.1e-06,64.6486078
2004,7,13,53199,-0.4638692,8.1e-06,64.6478692
2004,7,14,53200,-0.4629622,8.1e-06,64.6469622
2004,7,15,53201,-0.4619267,8.1e-06,64.6459267
2004,7,16,53202,-0.4608635,8.1e-06,64.6448635
2004,7,17,53203,-0.4598517,8.1e-06,64.6438517
2004,7,18,53204,-0.4589495,8.2e-06,64.6429495
2004,7,19,53205,-0.4582082,8.2e-06,64.6422082
2004,7,20,53206,-0.4576611,8.3e-06,64.6416611
2004,7,21,53207,-0.4573217,8.4e-06,64.64132169999999
2004,7,22,53208,-0.4571875,8.5e-06,64.6411875
2004,7,23,53209,-0.4572103,8.7e-06,64.6412103
2004,7,24,53210,-0.457302,8.7e-06,64.641302
2004,7,25,53211,-0.45736,8.8e-06,64.64135999999999
2004,7,26,53212,-0.4572839,8.9e-06,64.64128389999999
2004,7,27,53213,-0.4569984,9e-06,64.6409984
2004,7,28,53214,-0.4564829,9e-06,64.6404829
2004,7,29,53215,-0.4557876,9e-06,64.63978759999999
2004,7,30,53216,-0.4550318,8.9e-06,64.6390318
2004,7,31,53217,-0.4543771,8.9e-06,64.6383771
2004,8,1,53218,-0.4539552,8.8e-06,64.6379552
2004,8,2,53219,-0.4538144,8.8e-06,64.6378144
2004,8,3,53220,-0.4539101,8.7e-06,64.6379101
2004,8,4,53221,-0.454136,8.7e-06,64.638136
2004,8,5,53222,-0.4543812,8.7e-06,64.6383812
2004,8,6,53223,-0.4545602,8.7e-06,64.6385602
2004,8,7,53224,-0.4546183,8.6e-06,64.6386183
2004,8,8,53225,-0.4545202,8.5e-06,64.6385202
2004,8,9,53226,-0.4542505,8.4e-06,64.6382505
2004,8,10,53227,-0.4538171,8.3e-06,64.63781709999999
2004,8,11,53228,-0.453253,8.2e-06,64.637253
2004,8,12,53229,-0.4526127,8.1e-06,64.6366127
2004,8,13,53230,-0.4519631,8e-06,64.6359631
2004,8,14,53231,-0.4513762,7.9e-06,64.6353762
2004,8,15,53232,-0.4509261,7.7e-06,64.6349261
2004,8,16,53233,-0.450679,7.6e-06,64.63467899999999
2004,8,17,53234,-0.4506768,7.5e-06,64.6346768
2004,8,18,53235,-0.450918,7.4e-06,64.634918
2004,8,19,53236,-0.4513346,7.4e-06,64.6353346
2004,8,20,53237,-0.4518694,7.2e-06,64.6358694
2004,8,21,53238,-0.4523973,7.1e-06,64.6363973
2004,8,22,53239,-0.4527971,6.9e-06,64.6367971
2004,8,23,53240,-0.4530003,6.7e-06,64.6370003
2004,8,24,53241,-0.4529857,6.6e-06,64.6369857
2004,8,25,53242,-0.4527824,6.4e-06,64.6367824
2004,8,26,53243,-0.452453,6.3e-06,64.636453
2004,8,27,53244,-0.4520966,6.2e-06,64.6360966
2004,8,28,53245,-0.4518554,6.2e-06,64.6358554
2004,8,29,53246,-0.4518445,6.1e-06,64.63584449999999
2004,8,30,53247,-0.4521017,6.1e-06,64.6361017
2004,8,31,53248,-0.4525776,6e-06,64.6365776
2004,9,1,53249,-0.4531563,6e-06,64.6371563
2004,9,2,53250,-0.4537005,5.9e-06,64.6377005
2004,9,3,53251,-0.4540915,5.8e-06,64.6380915
2004,9,4,53252,-0.45425,5.8e-06,64.63825
2004,9,5,53253,-0.4541413,5.7e-06,64.6381413
2004,9,6,53254,-0.4537703,5.6e-06,64.6377703
2004,9,7,53255,-0.4531767,5.5e-06,64.6371767
2004,9,8,53256,-0.4524258,5.4e-06,64.6364258
2004,9,9,53257,-0.4515981,5.4e-06,64.6355981
2004,9,10,53258,-0.4508715,5.4e-06,64.6348715
2004,9,11,53259,-0.4503464,5.4e-06,64.6343464
2004,9,12,53260,-0.4500793,5.4e-06,64.6340793
2004,9,13,53261,-0.4501094,5.4e-06,64.6341094
2004,9,14,53262,-0.4504254,5.4e-06,64.6344254
2004,9,15,53263,-0.4509664,5.4e-06,64.6349664
2004,9,16,53264,-0.451635,5.4e-06,64.635635
2004,9,17,53265,-0.4523115,5.4e-06,64.63631149999999
2004,9,18,53266,-0.4528504,5.4e-06,64.6368504
2004,9,19,53267,-0.4531535,5.4e-06,64.6371535
2004,9,20,53268,-0.4531989,5.5e-06,64.6371989
2004,9,21,53269,-0.4530287,5.6e-06,64.6370287
2004,9,22,53270,-0.4527364,5.6e-06,64.6367364
2004,9,23,53271,-0.4524395,5.6e-06,64.6364395
2004,9,24,53272,-0.4522597,5.7e-06,64.6362597
2004,9,25,53273,-0.4522972,5.7e-06,64.6362972
2004,9,26,53274,-0.4526086,5.6e-06,64.6366086
2004,9,27,53275,-0.4531821,5.6e-06,64.6371821
2004,9,28,53276,-0.4539347,5.6e-06,64.6379347
2004,9,29,53277,-0.4547377,5.6e-06,64.6387377
2004,9,30,53278,-0.4554497,5.5e-06,64.6394497
2004,10,1,53279,-0.4559735,5.6e-06,64.6399735
2004,10,2,53280,-0.4563117,5.6e-06,64.6403117
2004,10,3,53281,-0.456505,5.5e-06,64.640505
2004,10,4,53282,-0.4565986,5.5e-06,64.6405986
2004,10,5,53283,-0.4566382,5.5e-06,64.6406382
2004,10,6,53284,-0.4566677,5.5e-06,64.6406677
2004,10,7,53285,-0.4567468,5.6e-06,64.6407468
2004,10,8,53286,-0.4569052,5.6e-06,64.64090519999999
2004,10,9,53287,-0.4571741,5.7e-06,64.6411741
2004,10,10,53288,-0.457603,5.8e-06,64.641603
2004,10,11,53289,-0.458238,5.8e-06,64.64223799999999
2004,10,12,53290,-0.4590974,5.9e-06,64.6430974
2004,10,13,53291,-0.4601465,6e-06,64.64414649999999
2004,10,14,53292,-0.4612849,6.1e-06,64.6452849
2004,10,15,53293,-0.4623673,6.1e-06,64.6463673
2004,10,16,53294,-0.4632488,6.1e-06,64.6472488
2004,10,17,53295,-0.4638408,6.1e-06,64.6478408
2004,10,18,53296,-0.4641406,6.1e-06,64.64814059999999
2004,10,19,53297,-0.4642273,6.1e-06,64.6482273
2004,10,20,53298,-0.464232,6.2e-06,64.648232
2004,10,21,53299,-0.4642916,6.2e-06,64.6482916
2004,10,22,53300,-0.4645104,6.3e-06,64.64851039999999
2004,10,23,53301,-0.4649413,6.3e-06,64.6489413
2004,10,24,53302,-0.4655863,6.2e-06,64.6495863
2004,10,25,53303,-0.4664026,6.2e-06,64.65040259999999
2004,10,26,53304,-0.4673123,6.2e-06,64.6513123
2004,10,27,53305,-0.4682196,6.3e-06,64.6522196
2004,10,28,53306,-0.4690412,6.3e-06,64.6530412
2004,10,29,53307,-0.4696944,6.4e-06,64.65369439999999
2004,10,30,53308,-0.4701004,6.5e-06,64.6541004
2004,10,31,53309,-0.4702729,6.6e-06,64.6542729
2004,11,1,53310,-0.4702998,6.7e-06,64.6542998
2004,11,2,53311,-0.4702824,6.8e-06,64.6542824
2004,11,3,53312,-0.4703012,6.9e-06,64.65430119999999
2004,11,4,53313,-0.4703637,7.1e-06,64.65436369999999
2004,11,5,53314,-0.4704759,7.2e-06,64.6544759
2004,11,6,53315,-0.4707879,7.2e-06,64.6547879
2004,11,7,53316,-0.4714107,7.3e-06,64.6554107
2004,11,8,53317,-0.4723511,7.3e-06,64.6563511
2004,11,9,53318,-0.4735457,7.4e-06,64.6575457
2004,11,10,53319,-0.4748707,7.6e-06,64.6588707
2004,11,11,53320,-0.4761824,7.7e-06,64.6601824
2004,11,12,53321,-0.4773512,7.8e-06,64.6613512
2004,11,13,53322,-0.4782902,8e-06,64.6622902
2004,11,14,53323,-0.4789748,8.1e-06,64.6629748
2004,11,15,53324,-0.4794514,8.2e-06,64.6634514
2004,11,16,53325,-0.4798229,8.4e-06,64.6638229
2004,11,17,53326,-0.4802061,8.5e-06,64.6642061
2004,11,18,53327,-0.4806509,8.6e-06,64.6646509
2004,11,19,53328,-0.4813652,8.6e-06,64.6653652
2004,11,20,53329,-0.4823249,8.6e-06,64.66632489999999
2004,11,21,53330,-0.4834124,8.5e-06,64.6674124
2004,11,22,53331,-0.4845449,8.5e-06,64.6685449
2004,11,23,53332,-0.485634,8.4e-06,64.669634
2004,11,24,53333,-0.4866015,8.3e-06,64.6706015
2004,11,25,53334,-0.4873761,8.2e-06,64.6713761
2004,11,26,53335,-0.487922,8e-06,64.671922
2004,11,27,53336,-0.488245,7.8e-06,64.672245
2004,11,28,53337,-0.488382,7.7e-06,64.672382
2004,11,29,53338,-0.4883936,7.5e-06,64.67239359999999
2004,11,30,53339,-0.4883544,7.4e-06,64.6723544
2004,12,1,53340,-0.4883457,7.2e-06,64.6723457
2004,12,2,53341,-0.4884543,7e-06,64.6724543
2004,12,3,53342,-0.4887278,7e-06,64.6727278
2004,12,4,53343,-0.4891789,6.9e-06,64.6731789
2004,12,5,53344,-0.4898278,6.9e-06,64.6738278
2004,12,6,53345,-0.4906846,6.8e-06,64.67468459999999
2004,12,7,53346,-0.491716,6.8e-06,64.675716
2004,12,8,53347,-0.4928319,6.7e-06,64.6768319
2004,12,9,53348,-0.4938734,6.6e-06,64.6778734
2004,12,10,53349,-0.4946864,6.5e-06,64.6786864
2004,12,11,53350,-0.4952562,6.3e-06,64.6792562
2004,12,12,53351,-0.4956245,6.1e-06,64.6796245
2004,12,13,53352,-0.4958667,5.9e-06,64.67986669999999
2004,12,14,53353,-0.4961013,5.7e-06,64.6801013
2004,12,15,53354,-0.496452,5.7e-06,64.680452
2004,12,16,53355,-0.4970282,5.7e-06,64.6810282
2004,12,17,53356,-0.497884,5.6e-06,64.681884
2004,12,18,53357,-0.4989217,5.6e-06,64.6829217
2004,12,19,53358,-0.5000097,5.6e-06,64.6840097
2004,12,20,53359,-0.5010424,5.6e-06,64.6850424
2004,12,21,53360,-0.5019335,5.6e-06,64.6859335
2004,12,22,53361,-0.5026256,5.6e-06,64.6866256
2004,12,23,53362,-0.5030889,5.7e-06,64.68708889999999
2004,12,24,53363,-0.5033278,5.8e-06,64.68732779999999
2004,12,25,53364,-0.5033798,5.9e-06,64.6873798
2004,12,26,53365,-0.5033017,6e-06,64.68730169999999
2004,12,27,53366,-0.5031573,6.1e-06,64.6871573
2004,12,28,53367,-0.5030106,6.2e-06,64.6870106
2004,12,29,53368,-0.5029251,6.3e-06,64.6869251
2004,12,30,53369,-0.5029634,6.4e-06,64.6869634
2004,12,31,53370,-0.5031794,6.5e-06,64.68717939999999
2005,1,1,53371,-0.5036063,1.17e-05,64.6876063
2005,1,2,53372,-0.5042289,1.2e-05,64.6882289
2005,1,3,53373,-0.505007,1.22e-05,64.689007
2005,1,4,53374,-0.5058606,1.24e-05,64.6898606
2005,1,5,53375,-0.5066845,1.26e-05,64.6906845
2005,1,6,53376,-0.5073757,1.27e-05,64.6913757
2005,1,7,53377,-0.5078667,1.28e-05,64.69186669999999
2005,1,8,53378,-0.5081556,1.29e-05,64.69215559999999
2005,1,9,53379,-0.5083149,1.3e-05,64.6923149
2005,1,10,53380,-0.5084733,1.3e-05,64.6924733
2005,1,11,53381,-0.5087732,1.31e-05,64.69277319999999
2005,1,12,53382,-0.5093224,1.31e-05,64.6933224
2005,1,13,53383,-0.5101639,1.31e-05,64.69416389999999
2005,1,14,53384,-0.5112583,1.3e-05,64.69525829999999
2005,1,15,53385,-0.5124892,1.29e-05,64.6964892
2005,1,16,53386,-0.5137178,1.27e-05,64.69771779999999
2005,1,17,53387,-0.514826,1.25e-05,64.698826
2005,1,18,53388,-0.5157355,1.24e-05,64.6997355
2005,1,19,53389,-0.5164158,1.23e-05,64.7004158
2005,1,20,53390,-0.516884,1.22e-05,64.700884
2005,1,21,53391,-0.5172068,1.24e-05,64.7012068
2005,1,22,53392,-0.5174606,1.26e-05,64.7014606
2005,1,23,53393,-0.5176366,1.28e-05,64.7016366
2005,1,24,53394,-0.5176907,1.3e-05,64.7016907
2005,1,25,53395,-0.5176224,1.32e-05,64.70162239999999
2005,1,26,53396,-0.5175472,1.34e-05,64.7015472
2005,1,27,53397,-0.5179351,1.35e-05,64.7019351
2005,1,28,53398,-0.5184592,1.35e-05,64.70245919999999
2005,1,29,53399,-0.5190139,1.34e-05,64.7030139
2005,1,30,53400,-0.5196793,1.33e-05,64.7036793
2005,1,31,53401,-0.5204209,1.32e-05,64.7044209
2005,2,1,53402,-0.5211838,1.31e-05,64.7051838
2005,2,2,53403,-0.5218857,1.29e-05,64.7058857
2005,2,3,53404,-0.5224161,1.27e-05,64.7064161
2005,2,4,53405,-0.5227455,1.24e-05,64.7067455
2005,2,5,53406,-0.5229668,1.21e-05,64.7069668
2005,2,6,53407,-0.5231913,1.19e-05,64.70719129999999
2005,2,7,53408,-0.5235236,1.16e-05,64.7075236
2005,2,8,53409,-0.5240596,1.14e-05,64.7080596
2005,2,9,53410,-0.5248697,1.12e-05,64.7088697
2005,2,10,53411,-0.5260218,1.11e-05,64.71002179999999
2005,2,11,53412,-0.5274484,1.1e-05,64.7114484
2005,2,12,53413,-0.5290026,1.09e-05,64.7130026
2005,2,13,53414,-0.5305264,1.09e-05,64.7145264
2005,2,14,53415,-0.5318798,1.08e-05,64.7158798
2005,2,15,53416,-0.532973,1.08e-05,64.716973
2005,2,16,53417,-0.5337784,1.08e-05,64.7177784
2005,2,17,53418,-0.5343087,1.07e-05,64.7183087
2005,2,18,53419,-0.5346909,1.04e-05,64.7186909
2005,2,19,53420,-0.5350846,1.03e-05,64.7190846
2005,2,20,53421,-0.5355924,1.01e-05,64.7195924
2005,2,21,53422,-0.5362611,9.9e-06,64.7202611
2005,2,22,53423,-0.5371018,9.7e-06,64.7211018
2005,2,23,53424,-0.5381127,9.6e-06,64.7221127
2005,2,24,53425,-0.5393083,9.5e-06,64.7233083
2005,2,25,53426,-0.5407021,9.4e-06,64.7247021
2005,2,26,53427,-0.5422805,9.3e-06,64.7262805
2005,2,27,53428,-0.5439805,9.1e-06,64.7279805
2005,2,28,53429,-0.5457033,9e-06,64.7297033
2005,3,1,53430,-0.5473441,8.8e-06,64.7313441
2005,3,2,53431,-0.5488211,8.7e-06,64.7328211
2005,3,3,53432,-0.5501041,8.6e-06,64.7341041
2005,3,4,53433,-0.5512128,8.5e-06,64.7352128
2005,3,5,53434,-0.5522052,8.6e-06,64.7362052
2005,3,6,53435,-0.5531568,8.6e-06,64.7371568
2005,3,7,53436,-0.5541483,8.7e-06,64.73814829999999
2005,3,8,53437,-0.5552482,8.8e-06,64.73924819999999
2005,3,9,53438,-0.5564925,8.9e-06,64.7404925
2005,3,10,53439,-0.5578836,9e-06,64.7418836
2005,3,11,53440,-0.5593769,9.2e-06,64.7433769
2005,3,12,53441,-0.5608797,9.3e-06,64.7448797
2005,3,13,53442,-0.5622579,9.4e-06,64.7462579
2005,3,14,53443,-0.5633797,9.6e-06,64.7473797
2005,3,15,53444,-0.5641605,9.7e-06,64.7481605
2005,3,16,53445,-0.5645907,9.8e-06,64.7485907
2005,3,17,53446,-0.5647614,9.8e-06,64.74876139999999
2005,3,18,53447,-0.5648112,9.8e-06,64.74881119999999
2005,3,19,53448,-0.5648329,9.8e-06,64.7488329
2005,3,20,53449,-0.5648996,9.8e-06,64.7488996
2005,3,21,53450,-0.5650804,9.8e-06,64.7490804
2005,3,22,53451,-0.5654331,9.7e-06,64.7494331
2005,3,23,53452,-0.5660072,9.8e-06,64.7500072
2005,3,24,53453,-0.5668593,9.8e-06,64.7508593
2005,3,25,53454,-0.567933,9.7e-06,64.751933
2005,3,26,53455,-0.5691257,9.6e-06,64.7531257
2005,3,27,53456,-0.5703291,9.5e-06,64.75432909999999
2005,3,28,53457,-0.5714288,9.4e-06,64.7554288
2005,3,29,53458,-0.572329,9.3e-06,64.756329
2005,3,30,53459,-0.572974,9.3e-06,64.756974
2005,3,31,53460,-0.5733532,9.2e-06,64.7573532
2005,4,1,53461,-0.5735251,9.2e-06,64.7575251
2005,4,2,53462,-0.5736511,9.3e-06,64.7576511
2005,4,3,53463,-0.573891,9.3e-06,64.757891
2005,4,4,53464,-0.5743526,9.4e-06,64.7583526
2005,4,5,53465,-0.5750851,9.4e-06,64.7590851
2005,4,6,53466,-0.5760696,9.4e-06,64.7600696
2005,4,7,53467,-0.5772315,9.3e-06,64.7612315
2005,4,8,53468,-0.5785119,9.1e-06,64.76251189999999
2005,4,9,53469,-0.5797478,8.9e-06,64.7637478
2005,4,10,53470,-0.5807845,8.8e-06,64.76478449999999
2005,4,11,53471,-0.5815539,8.6e-06,64.7655539
2005,4,12,53472,-0.5820629,8.4e-06,64.7660629
2005,4,13,53473,-0.5823812,8.5e-06,64.7663812
2005,4,14,53474,-0.5826079,8.6e-06,64.7666079
2005,4,15,53475,-0.5828423,8.7e-06,64.7668423
2005,4,16,53476,-0.5831668,8.8e-06,64.7671668
2005,4,17,53477,-0.5836404,8.9e-06,64.76764039999999
2005,4,18,53478,-0.5842976,9e-06,64.7682976
2005,4,19,53479,-0.5851495,9.1e-06,64.7691495
2005,4,20,53480,-0.5861904,9.3e-06,64.7701904
2005,4,21,53481,-0.5874011,9.4e-06,64.77140109999999
2005,4,22,53482,-0.5887473,9.5e-06,64.77274729999999
2005,4,23,53483,-0.5901805,9.6e-06,64.7741805
2005,4,24,53484,-0.5916165,9.7e-06,64.7756165
2005,4,25,53485,-0.5929432,9.7e-06,64.77694319999999
2005,4,26,53486,-0.5940558,9.8e-06,64.7780558
2005,4,27,53487,-0.5948985,9.9e-06,64.7788985
2005,4,28,53488,-0.5954988,9.9e-06,64.7794988
2005,4,29,53489,-0.5959649,1e-05,64.7799649
2005,4,30,53490,-0.5964564,1e-05,64.78045639999999
2005,5,1,53491,-0.5971086,1e-05,64.7811086
2005,5,2,53492,-0.597994,1e-05,64.781994
2005,5,3,53493,-0.5991145,9.9e-06,64.7831145
2005,5,4,53494,-0.600411,9.9e-06,64.78441099999999
2005,5,5,53495,-0.6017973,9.9e-06,64.7857973
2005,5,6,53496,-0.6031751,9.8e-06,64.7871751
2005,5,7,53497,-0.6044453,9.7e-06,64.78844529999999
2005,5,8,53498,-0.6055098,9.6e-06,64.78950979999999
2005,5,9,53499,-0.6063016,9.4e-06,64.79030159999999
2005,5,10,53500,-0.6068144,9.3e-06,64.7908144
2005,5,11,53501,-0.6071118,9.4e-06,64.7911118
2005,5,12,53502,-0.6073582,9.5e-06,64.79135819999999
2005,5,13,53503,-0.6076538,9.5e-06,64.79165379999999
2005,5,14,53504,-0.6079978,9.6e-06,64.7919978
2005,5,15,53505,-0.6084098,9.6e-06,64.7924098
2005,5,16,53506,-0.6089295,9.7e-06,64.7929295
2005,5,17,53507,-0.6095934,9.7e-06,64.79359339999999
2005,5,18,53508,-0.6104195,9.7e-06,64.7944195
2005,5,19,53509,-0.611375,9.6e-06,64.79537499999999
2005,5,20,53510,-0.6123863,9.7e-06,64.7963863
2005,5,21,53511,-0.613379,9.8e-06,64.79737899999999
2005,5,22,53512,-0.6142457,9.9e-06,64.7982457
2005,5,23,53513,-0.6148634,1e-05,64.7988634
2005,5,24,53514,-0.615149,1.01e-05,64.799149
2005,5,25,53515,-0.615105,1.01e-05,64.799105
2005,5,26,53516,-0.6148489,1.03e-05,64.7988489
2005,5,27,53517,-0.6145649,1.03e-05,64.7985649
2005,5,28,53518,-0.6144057,1.03e-05,64.7984057
2005,5,29,53519,-0.6144792,1.03e-05,64.7984792
2005,5,30,53520,-0.6148256,1.04e-05,64.7988256
2005,5,31,53521,-0.6154004,1.04e-05,64.7994004
2005,6,1,53522,-0.6160997,1.05e-05,64.8000997
2005,6,2,53523,-0.6167959,1.07e-05,64.8007959
2005,6,3,53524,-0.6173495,1.08e-05,64.8013495
2005,6,4,53525,-0.6177485,1.09e-05,64.8017485
2005,6,5,53526,-0.6179439,1.1e-05,64.8019439
2005,6,6,53527,-0.6178286,1.11e-05,64.8018286
2005,6,7,53528,-0.61736,1.12e-05,64.80136
2005,6,8,53529,-0.6166294,1.13e-05,64.80062939999999
2005,6,9,53530,-0.6160429,1.13e-05,64.8000429
2005,6,10,53531,-0.6156981,1.13e-05,64.7996981
2005,6,11,53532,-0.6154292,1.13e-05,64.79942919999999
2005,6,12,53533,-0.6151785,1.13e-05,64.7991785
2005,6,13,53534,-0.6149871,1.14e-05,64.79898709999999
2005,6,14,53535,-0.6149213,1.14e-05,64.7989213
2005,6,15,53536,-0.6150397,1.14e-05,64.7990397
2005,6,16,53537,-0.6153434,1.13e-05,64.7993434
2005,6,17,53538,-0.6157616,1.12e-05,64.7997616
2005,6,18,53539,-0.6161365,1.1e-05,64.8001365
2005,6,19,53540,-0.6163284,1.08e-05,64.8003284
2005,6,20,53541,-0.616265,1.06e-05,64.800265
2005,6,21,53542,-0.615949,1.05e-05,64.799949
2005,6,22,53543,-0.6154674,1.04e-05,64.7994674
2005,6,23,53544,-0.6149661,1.04e-05,64.7989661
2005,6,24,53545,-0.6145866,1.05e-05,64.7985866
2005,6,25,53546,-0.6144226,1.05e-05,64.7984226
2005,6,26,53547,-0.6145016,1.06e-05,64.7985016
2005,6,27,53548,-0.6147729,1.06e-05,64.7987729
2005,6,28,53549,-0.6151249,1.06e-05,64.7991249
2005,6,29,53550,-0.6154255,1.06e-05,64.7994255
2005,6,30,53551,-0.6155585,1.06e-05,64.7995585
2005,7,1,53552,-0.6154508,1.06e-05,64.7994508
2005,7,2,53553,-0.6150623,1.06e-05,64.7990623
2005,7,3,53554,-0.6144006,1.05e-05,64.7984006
2005,7,4,53555,-0.6135202,1.04e-05,64.7975202
2005,7,5,53556,-0.6125043,1.03e-05,64.7965043
2005,7,6,53557,-0.6114536,1.01e-05,64.7954536
2005,7,7,53558,-0.6104803,1.01e-05,64.7944803
2005,7,8,53559,-0.6096243,1.01e-05,64.79362429999999
2005,7,9,53560,-0.6088893,1e-05,64.7928893
2005,7,10,53561,-0.6083464,9.9e-06,64.7923464
2005,7,11,53562,-0.6080143,9.8e-06,64.79201429999999
2005,7,12,53563,-0.6078421,9.7e-06,64.7918421
2005,7,13,53564,-0.6077688,9.7e-06,64.7917688
2005,7,14,53565,-0.607772,9.8e-06,64.791772
2005,7,15,53566,-0.6076729,1e-05,64.7916729
2005,7,16,53567,-0.6074598,1.01e-05,64.7914598
2005,7,17,53568,-0.6071044,1.03e-05,64.7911044
2005,7,18,53569,-0.6065132,1.04e-05,64.79051319999999
2005,7,19,53570,-0.6056984,1.05e-05,64.78969839999999
2005,7,20,53571,-0.6048054,1.06e-05,64.7888054
2005,7,21,53572,-0.6039903,1.07e-05,64.7879903
2005,7,22,53573,-0.6033931,1.07e-05,64.7873931
2005,7,23,53574,-0.6031337,1.08e-05,64.7871337
2005,7,24,53575,-0.6032412,1.1e-05,64.7872412
2005,7,25,53576,-0.6036262,1.11e-05,64.78762619999999
2005,7,26,53577,-0.6041274,1.13e-05,64.7881274
2005,7,27,53578,-0.6045716,1.14e-05,64.7885716
2005,7,28,53579,-0.6048314,1.15e-05,64.78883139999999
2005,7,29,53580,-0.6048485,1.17e-05,64.7888485
2005,7,30,53581,-0.6046273,1.17e-05,64.7886273
2005,7,31,53582,-0.6042112,1.17e-05,64.78821119999999
2005,8,1,53583,-0.603658,1.17e-05,64.787658
2005,8,2,53584,-0.6030244,1.17e-05,64.78702439999999
2005,8,3,53585,-0.6023664,1.17e-05,64.78636639999999
2005,8,4,53586,-0.6017495,1.16e-05,64.7857495
2005,8,5,53587,-0.6012496,1.15e-05,64.7852496
2005,8,6,53588,-0.6009394,1.14e-05,64.7849394
2005,8,7,53589,-0.6008661,1.13e-05,64.7848661
2005,8,8,53590,-0.6010308,1.12e-05,64.7850308
2005,8,9,53591,-0.6013823,1.11e-05,64.7853823
2005,8,10,53592,-0.6018286,1.1e-05,64.7858286
2005,8,11,53593,-0.6022548,1.08e-05,64.7862548
2005,8,12,53594,-0.6025534,1.06e-05,64.7865534
2005,8,13,53595,-0.602657,1.03e-05,64.78665699999999
2005,8,14,53596,-0.6025392,1e-05,64.78653919999999
2005,8,15,53597,-0.6022191,9.7e-06,64.7862191
2005,8,16,53598,-0.6017698,9.5e-06,64.7857698
2005,8,17,53599,-0.6013122,9.2e-06,64.78531219999999
2005,8,18,53600,-0.6009799,9e-06,64.7849799
2005,8,19,53601,-0.6008908,8.9e-06,64.7848908
2005,8,20,53602,-0.6011425,8.8e-06,64.78514249999999
2005,8,21,53603,-0.6017047,8.7e-06,64.7857047
2005,8,22,53604,-0.6024185,8.6e-06,64.7864185
2005,8,23,53605,-0.6030777,8.5e-06,64.7870777
2005,8,24,53606,-0.6035085,8.4e-06,64.7875085
2005,8,25,53607,-0.6036502,8.2e-06,64.7876502
2005,8,26,53608,-0.6035202,8.1e-06,64.7875202
2005,8,27,53609,-0.603102,7.9e-06,64.787102
2005,8,28,53610,-0.6024235,7.7e-06,64.7864235
2005,8,29,53611,-0.6015702,7.5e-06,64.7855702
2005,8,30,53612,-0.6006515,7.3e-06,64.7846515
2005,8,31,53613,-0.5997888,7.1e-06,64.7837888
2005,9,1,53614,-0.5990924,6.9e-06,64.7830924
2005,9,2,53615,-0.59864,6.8e-06,64.78264
2005,9,3,53616,-0.5984619,6.6e-06,64.7824619
2005,9,4,53617,-0.5985373,6.4e-06,64.7825373
2005,9,5,53618,-0.5988102,6.3e-06,64.7828102
2005,9,6,53619,-0.599208,6.2e-06,64.783208
2005,9,7,53620,-0.5996597,6e-06,64.7836597
2005,9,8,53621,-0.6001159,5.8e-06,64.7841159
2005,9,9,53622,-0.6005069,5.6e-06,64.7845069
2005,9,10,53623,-0.6007168,5.4e-06,64.7847168
2005,9,11,53624,-0.6007107,5.2e-06,64.78471069999999
2005,9,12,53625,-0.6005587,5.1e-06,64.78455869999999
2005,9,13,53626,-0.6003949,4.9e-06,64.7843949
2005,9,14,53627,-0.6003764,4.8e-06,64.7843764
2005,9,15,53628,-0.600592,4.8e-06,64.784592
2005,9,16,53629,-0.6011394,4.7e-06,64.78513939999999
2005,9,17,53630,-0.6020675,4.6e-06,64.7860675
2005,9,18,53631,-0.6032752,4.6e-06,64.7872752
2005,9,19,53632,-0.6045717,4.5e-06,64.78857169999999
2005,9,20,53633,-0.6057817,4.5e-06,64.78978169999999
2005,9,21,53634,-0.6067493,4.5e-06,64.7907493
2005,9,22,53635,-0.607395,4.6e-06,64.791395
2005,9,23,53636,-0.6077272,4.6e-06,64.7917272
2005,9,24,53637,-0.6077841,4.6e-06,64.7917841
2005,9,25,53638,-0.6076544,4.7e-06,64.7916544
2005,9,26,53639,-0.6074665,4.8e-06,64.7914665
2005,9,27,53640,-0.6073142,4.8e-06,64.7913142
2005,9,28,53641,-0.6072413,4.9e-06,64.7912413
2005,9,29,53642,-0.607313,5.1e-06,64.791313
2005,9,30,53643,-0.6075926,5.2e-06,64.7915926
2005,10,1,53644,-0.608088,5.3e-06,64.79208799999999
2005,10,2,53645,-0.6087514,5.4e-06,64.7927514
2005,10,3,53646,-0.6094983,5.6e-06,64.7934983
2005,10,4,53647,-0.6102307,5.7e-06,64.7942307
2005,10,5,53648,-0.610864,5.9e-06,64.794864
2005,10,6,53649,-0.6113553,6e-06,64.7953553
2005,10,7,53650,-0.6116977,6.1e-06,64.79569769999999
2005,10,8,53651,-0.6118981,6.2e-06,64.7958981
2005,10,9,53652,-0.6119829,6.3e-06,64.7959829
2005,10,10,53653,-0.6120073,6.4e-06,64.7960073
2005,10,11,53654,-0.6120558,6.5e-06,64.79605579999999
2005,10,12,53655,-0.6122338,6.6e-06,64.7962338
2005,10,13,53656,-0.612651,6.6e-06,64.796651
2005,10,14,53657,-0.613364,6.7e-06,64.797364
2005,10,15,53658,-0.6143475,6.8e-06,64.79834749999999
2005,10,16,53659,-0.615501,6.9e-06,64.79950099999999
2005,10,17,53660,-0.6166792,7e-06,64.80067919999999
2005,10,18,53661,-0.6177373,7.1e-06,64.8017373
2005,10,19,53662,-0.6185741,7.2e-06,64.8025741
2005,10,20,53663,-0.6191498,7.2e-06,64.8031498
2005,10,21,53664,-0.6195033,7.3e-06,64.8035033
2005,10,22,53665,-0.61972,7.2e-06,64.80372
2005,10,23,53666,-0.6198798,7.2e-06,64.8038798
2005,10,24,53667,-0.6200424,7.1e-06,64.8040424
2005,10,25,53668,-0.6202528,7.1e-06,64.8042528
2005,10,26,53669,-0.6205539,7.2e-06,64.8045539
2005,10,27,53670,-0.6209995,7.2e-06,64.8049995
2005,10,28,53671,-0.6216364,7.3e-06,64.8056364
2005,10,29,53672,-0.6224778,7.4e-06,64.8064778
2005,10,30,53673,-0.6234847,7.5e-06,64.8074847
2005,10,31,53674,-0.6245745,7.7e-06,64.80857449999999
2005,11,1,53675,-0.6256417,7.8e-06,64.8096417
2005,11,2,53676,-0.6265795,8e-06,64.8105795
2005,11,3,53677,-0.6273082,8.1e-06,64.8113082
2005,11,4,53678,-0.6277961,8.2e-06,64.8117961
2005,11,5,53679,-0.628073,8.2e-06,64.812073
2005,11,6,53680,-0.628229,8.2e-06,64.812229
2005,11,7,53681,-0.6283978,8.2e-06,64.8123978
2005,11,8,53682,-0.6287242,8.2e-06,64.81272419999999
2005,11,9,53683,-0.6293272,8.2e-06,64.8133272
2005,11,10,53684,-0.6302768,8.1e-06,64.8142768
2005,11,11,53685,-0.6315448,7.9e-06,64.8155448
2005,11,12,53686,-0.633003,7.8e-06,64.817003
2005,11,13,53687,-0.6344838,7.6e-06,64.8184838
2005,11,14,53688,-0.6358271,7.5e-06,64.8198271
2005,11,15,53689,-0.636915,7.3e-06,64.820915
2005,11,16,53690,-0.6377045,7.2e-06,64.8217045
2005,11,17,53691,-0.6382615,7.3e-06,64.8222615
2005,11,18,53692,-0.6385866,7.4e-06,64.8225866
2005,11,19,53693,-0.6387966,7.4e-06,64.8227966
2005,11,20,53694,-0.6390289,7.4e-06,64.8230289
2005,11,21,53695,-0.639357,7.4e-06,64.823357
2005,11,22,53696,-0.6398148,7.4e-06,64.8238148
2005,11,23,53697,-0.6404097,7.4e-06,64.8244097
2005,11,24,53698,-0.6411524,7.3e-06,64.8251524
2005,11,25,53699,-0.6420362,7.4e-06,64.8260362
2005,11,26,53700,-0.6430282,7.4e-06,64.8270282
2005,11,27,53701,-0.6440691,7.4e-06,64.8280691
2005,11,28,53702,-0.6450758,7.4e-06,64.8290758
2005,11,29,53703,-0.6459567,7.4e-06,64.8299567
2005,11,30,53704,-0.6466381,7.3e-06,64.8306381
2005,12,1,53705,-0.6470993,7.2e-06,64.83109929999999
2005,12,2,53706,-0.6473558,7.1e-06,64.8313558
2005,12,3,53707,-0.647464,7e-06,64.831464
2005,12,4,53708,-0.6475289,6.8e-06,64.8315289
2005,12,5,53709,-0.6476746,6.7e-06,64.8316746
2005,12,6,53710,-0.6480062,6.6e-06,64.8320062
2005,12,7,53711,-0.6485727,6.5e-06,64.8325727
2005,12,8,53712,-0.6493315,6.5e-06,64.8333315
2005,12,9,53713,-0.6502591,6.7e-06,64.8342591
2005,12,10,53714,-0.6512564,6.9e-06,64.83525639999999
2005,12,11,53715,-0.6521876,7.1e-06,64.8361876
2005,12,12,53716,-0.6529465,7.4e-06,64.8369465
2005,12,13,53717,-0.6534704,7.6e-06,64.8374704
2005,12,14,53718,-0.6537627,7.9e-06,64.8377627
2005,12,15,53719,-0.6539288,8.1e-06,64.8379288
2005,12,16,53720,-0.653997,8.3e-06,64.837997
2005,12,17,53721,-0.6540253,8.5e-06,64.8380253
2005,12,18,53722,-0.6541018,8.7e-06,64.8381018
2005,12,19,53723,-0.6542959,8.9e-06,64.83829589999999
2005,12,20,53724,-0.6546577,9.1e-06,64.8386577
2005,12,21,53725,-0.6552099,9.3e-06,64.8392099
2005,12,22,53726,-0.6559432,9.4e-06,64.8399432
2005,12,23,53727,-0.6568201,9.6e-06,64.8408201
2005,12,24,53728,-0.6577785,9.7e-06,64.8417785
2005,12,25,53729,-0.6587381,1e-05,64.84273809999999
2005,12,26,53730,-0.6596108,1.02e-05,64.8436108
2005,12,27,53731,-0.6603156,1.05e-05,64.8443156
2005,12,28,53732,-0.660797,1.08e-05,64.844797
2005,12,29,53733,-0.6610463,1.1e-05,64.84504629999999
2005,12,30,53734,-0.6611232,1.12e-05,64.8451232
2005,12,31,53735,-0.6611307,1.14e-05,64.8451307
2006,1,1,53736,0.3388069,6.6e-06,64.8451931
2006,1,2,53737,0.338575,6.7e-06,64.84542499999999
2006,1,3,53738,0.3381076,6.9e-06,64.8458924
2006,1,4,53739,0.3374074,7.1e-06,64.8465926
2006,1,5,53740,0.336541,7.3e-06,64.847459
2006,1,6,53741,0.3356031,7.4e-06,64.8483969
2006,1,7,53742,0.334713,7.5e-06,64.849287
2006,1,8,53743,0.3339859,7.6e-06,64.8500141
2006,1,9,53744,0.3335012,7.7e-06,64.8504988
2006,1,10,53745,0.3332872,7.8e-06,64.8507128
2006,1,11,53746,0.3333175,7.8e-06,64.85068249999999
2006,1,12,53747,0.3335154,7.8e-06,64.8504846
2006,1,13,53748,0.3337795,7.8e-06,64.85022049999999
2006,1,14,53749,0.3340118,7.8e-06,64.8499882
2006,1,15,53750,0.334143,7.8e-06,64.849857
2006,1,16,53751,0.3341346,7.8e-06,64.8498654
2006,1,17,53752,0.3339711,7.8e-06,64.8500289
2006,1,18,53753,0.3336468,7.7e-06,64.8503532
2006,1,19,53754,0.3331351,7.7e-06,64.85086489999999
2006,1,20,53755,0.3325506,7.7e-06,64.85144939999999
2006,1,21,53756,0.3318888,7.6e-06,64.8521112
2006,1,22,53757,0.3311759,7.5e-06,64.85282409999999
2006,1,23,53758,0.3305152,7.4e-06,64.8534848
2006,1,24,53759,0.3299903,7.4e-06,64.85400969999999
2006,1,25,53760,0.329609,7.3e-06,64.85439099999999
2006,1,26,53761,0.3291492,7.2e-06,64.8548508
2006,1,27,53762,0.32872,7.2e-06,64.85528
2006,1,28,53763,0.328289,7.2e-06,64.855711
2006,1,29,53764,0.3277027,7.2e-06,64.8562973
2006,1,30,53765,0.3268616,7.2e-06,64.8571384
2006,1,31,53766,0.325721,7.3e-06,64.858279
2006,2,1,53767,0.3243168,7.3e-06,64.85968319999999
2006,2,2,53768,0.3227401,7.4e-06,64.8612599
2006,2,3,53769,0.3211822,7.5e-06,64.8628178
2006,2,4,53770,0.3197868,7.6e-06,64.8642132
2006,2,5,53771,0.3186445,7.7e-06,64.86535549999999
2006,2,6,53772,0.3177974,7.8e-06,64.8662026
2006,2,7,53773,0.3172216,7.9e-06,64.8667784
2006,2,8,53774,0.316834,8e-06,64.867166
2006,2,9,53775,0.3164765,8.1e-06,64.8675235
2006,2,10,53776,0.3160797,8.2e-06,64.8679203
2006,2,11,53777,0.3155839,8.3e-06,64.8684161
2006,2,12,53778,0.3149525,8.4e-06,64.8690475
2006,2,13,53779,0.3141936,8.5e-06,64.8698064
2006,2,14,53780,0.3133333,8.6e-06,64.8706667
2006,2,15,53781,0.3123949,8.8e-06,64.8716051
2006,2,16,53782,0.3113646,8.9e-06,64.8726354
2006,2,17,53783,0.3102651,9e-06,64.8737349
2006,2,18,53784,0.3091565,9.1e-06,64.8748435
2006,2,19,53785,0.3080997,9.2e-06,64.8759003
2006,2,20,53786,0.3071561,9.3e-06,64.8768439
2006,2,21,53787,0.30638,9.4e-06,64.87762
2006,2,22,53788,0.3057952,9.5e-06,64.87820479999999
2006,2,23,53789,0.3053806,9.6e-06,64.87861939999999
2006,2,24,53790,0.3050376,9.6e-06,64.87896239999999
2006,2,25,53791,0.3045612,9.5e-06,64.8794388
2006,2,26,53792,0.3037599,9.5e-06,64.8802401
2006,2,27,53793,0.3025351,9.4e-06,64.8814649
2006,2,28,53794,0.3009065,9.3e-06,64.8830935
2006,3,1,53795,0.2990097,9.2e-06,64.8849903
2006,3,2,53796,0.2970414,9.2e-06,64.8869586
2006,3,3,53797,0.2951957,9.2e-06,64.8888043
2006,3,4,53798,0.2936131,9.1e-06,64.8903869
2006,3,5,53799,0.2923586,8.9e-06,64.8916414
2006,3,6,53800,0.2914265,8.8e-06,64.8925735
2006,3,7,53801,0.2907618,8.7e-06,64.8932382
2006,3,8,53802,0.2902863,8.8e-06,64.89371369999999
2006,3,9,53803,0.2899149,8.8e-06,64.8940851
2006,3,10,53804,0.2895651,8.9e-06,64.8944349
2006,3,11,53805,0.2891608,8.9e-06,64.89483919999999
2006,3,12,53806,0.2886376,8.9e-06,64.8953624
2006,3,13,53807,0.2879554,8.9e-06,64.8960446
2006,3,14,53808,0.2871117,8.9e-06,64.8968883
2006,3,15,53809,0.2861415,8.9e-06,64.8978585
2006,3,16,53810,0.2851015,8.8e-06,64.8988985
2006,3,17,53811,0.2840538,8.8e-06,64.8999462
2006,3,18,53812,0.2830571,8.7e-06,64.9009429
2006,3,19,53813,0.2821704,8.5e-06,64.9018296
2006,3,20,53814,0.281441,8.4e-06,64.902559
2006,3,21,53815,0.280882,8.3e-06,64.90311799999999
2006,3,22,53816,0.2804461,8.1e-06,64.90355389999999
2006,3,23,53817,0.2799742,8e-06,64.9040258
2006,3,24,53818,0.2793502,7.8e-06,64.9046498
2006,3,25,53819,0.2785028,7.7e-06,64.9054972
2006,3,26,53820,0.2773445,7.5e-06,64.9066555
2006,3,27,53821,0.2758221,7.4e-06,64.9081779
2006,3,28,53822,0.27397,7.3e-06,64.91002999999999
2006,3,29,53823,0.2719179,7.2e-06,64.91208209999999
2006,3,30,53824,0.2698654,7.2e-06,64.9141346
2006,3,31,53825,0.2680157,7.3e-06,64.91598429999999
2006,4,1,53826,0.2665151,7.4e-06,64.91748489999999
2006,4,2,53827,0.265395,7.5e-06,64.918605
2006,4,3,53828,0.2645849,7.7e-06,64.9194151
2006,4,4,53829,0.2639631,7.8e-06,64.9200369
2006,4,5,53830,0.2634056,7.9e-06,64.9205944
2006,4,6,53831,0.2628305,8.1e-06,64.92116949999999
2006,4,7,53832,0.2621888,8.2e-06,64.9218112
2006,4,8,53833,0.2614396,8.3e-06,64.9225604
2006,4,9,53834,0.2605198,8.4e-06,64.9234802
2006,4,10,53835,0.2593846,8.4e-06,64.9246154
2006,4,11,53836,0.2580559,8.5e-06,64.9259441
2006,4,12,53837,0.2566496,8.6e-06,64.9273504
2006,4,13,53838,0.25548,8.5e-06,64.92851999999999
2006,4,14,53839,0.2545162,8.5e-06,64.9294838
2006,4,15,53840,0.2536443,8.5e-06,64.93035569999999
2006,4,16,53841,0.2528373,8.5e-06,64.9311627
2006,4,17,53842,0.2520901,8.4e-06,64.9319099
2006,4,18,53843,0.2514193,8.4e-06,64.9325807
2006,4,19,53844,0.2508324,8.4e-06,64.9331676
2006,4,20,53845,0.2502876,8.4e-06,64.9337124
2006,4,21,53846,0.2496587,8.5e-06,64.9343413
2006,4,22,53847,0.2487865,8.5e-06,64.9352135
2006,4,23,53848,0.2475764,8.5e-06,64.9364236
2006,4,24,53849,0.2460351,8.6e-06,64.9379649
2006,4,25,53850,0.2442635,8.6e-06,64.9397365
2006,4,26,53851,0.2424222,8.5e-06,64.9415778
2006,4,27,53852,0.2406538,8.5e-06,64.9433462
2006,4,28,53853,0.2390451,8.6e-06,64.9449549
2006,4,29,53854,0.2377196,8.7e-06,64.94628039999999
2006,4,30,53855,0.2367057,8.8e-06,64.9472943
2006,5,1,53856,0.2359138,8.9e-06,64.94808619999999
2006,5,2,53857,0.2352128,9e-06,64.9487872
2006,5,3,53858,0.234478,9.1e-06,64.949522
2006,5,4,53859,0.2336246,9.2e-06,64.9503754
2006,5,5,53860,0.2326256,9.3e-06,64.95137439999999
2006,5,6,53861,0.2314888,9.3e-06,64.9525112
2006,5,7,53862,0.2302258,9.4e-06,64.9537742
2006,5,8,53863,0.2288519,9.4e-06,64.9551481
2006,5,9,53864,0.2273933,9.4e-06,64.9566067
2006,5,10,53865,0.2258886,9.4e-06,64.95811139999999
2006,5,11,53866,0.2243894,9.3e-06,64.95961059999999
2006,5,12,53867,0.2229549,9.3e-06,64.96104509999999
2006,5,13,53868,0.2216426,9.2e-06,64.9623574
2006,5,14,53869,0.2204954,9.1e-06,64.9635046
2006,5,15,53870,0.2195257,9e-06,64.96447429999999
2006,5,16,53871,0.2187043,8.9e-06,64.9652957
2006,5,17,53872,0.2179589,8.8e-06,64.9660411
2006,5,18,53873,0.2171853,8.6e-06,64.9668147
2006,5,19,53874,0.2162766,8.4e-06,64.9677234
2006,5,20,53875,0.2151578,8.3e-06,64.9688422
2006,5,21,53876,0.2138136,8.1e-06,64.9701864
2006,5,22,53877,0.212294,7.9e-06,64.971706
2006,5,23,53878,0.2107025,7.7e-06,64.9732975
2006,5,24,53879,0.2091681,7.6e-06,64.9748319
2006,5,25,53880,0.2077863,7.5e-06,64.9762137
2006,5,26,53881,0.2066754,7.4e-06,64.9773246
2006,5,27,53882,0.2059233,7.3e-06,64.9780767
2006,5,28,53883,0.2054997,7.1e-06,64.9785003
2006,5,29,53884,0.2052844,7e-06,64.9787156
2006,5,30,53885,0.205129,6.9e-06,64.978871
2006,5,31,53886,0.2049117,6.8e-06,64.9790883
2006,6,1,53887,0.2045815,6.8e-06,64.9794185
2006,6,2,53888,0.2041164,6.9e-06,64.9798836
2006,6,3,53889,0.2035148,6.9e-06,64.9804852
2006,6,4,53890,0.2027977,6.8e-06,64.98120229999999
2006,6,5,53891,0.202007,6.8e-06,64.981993
2006,6,6,53892,0.2012053,6.8e-06,64.9827947
2006,6,7,53893,0.2004722,6.8e-06,64.9835278
2006,6,8,53894,0.1998938,6.9e-06,64.9841062
2006,6,9,53895,0.1995515,6.9e-06,64.9844485
2006,6,10,53896,0.1994791,6.9e-06,64.98452089999999
2006,6,11,53897,0.1996505,6.9e-06,64.9843495
2006,6,12,53898,0.199986,6.9e-06,64.984014
2006,6,13,53899,0.2003669,6.8e-06,64.98363309999999
2006,6,14,53900,0.2006607,6.9e-06,64.9833393
2006,6,15,53901,0.2007608,6.9e-06,64.9832392
2006,6,16,53902,0.2005895,7e-06,64.98341049999999
2006,6,17,53903,0.2001223,7e-06,64.9838777
2006,6,18,53904,0.199408,7e-06,64.98459199999999
2006,6,19,53905,0.1985562,7.1e-06,64.9854438
2006,6,20,53906,0.1977036,7.1e-06,64.9862964
2006,6,21,53907,0.1969768,7.2e-06,64.9870232
2006,6,22,53908,0.196468,7.3e-06,64.987532
2006,6,23,53909,0.1962107,7.4e-06,64.9877893
2006,6,24,53910,0.1961657,7.4e-06,64.9878343
2006,6,25,53911,0.1962415,7.4e-06,64.9877585
2006,6,26,53912,0.1963264,7.4e-06,64.9876736
2006,6,27,53913,0.1963196,7.4e-06,64.9876804
2006,6,28,53914,0.1961554,7.5e-06,64.9878446
2006,6,29,53915,0.1958356,7.5e-06,64.9881644
2006,6,30,53916,0.195281,7.6e-06,64.988719
2006,7,1,53917,0.1945128,7.6e-06,64.9894872
2006,7,2,53918,0.1936036,7.7e-06,64.9903964
2006,7,3,53919,0.1926173,7.8e-06,64.9913827
2006,7,4,53920,0.1916256,7.8e-06,64.9923744
2006,7,5,53921,0.1906998,7.9e-06,64.9933002
2006,7,6,53922,0.1899039,8e-06,64.9940961
2006,7,7,53923,0.189293,8.1e-06,64.99470699999999
2006,7,8,53924,0.1889172,8.1e-06,64.99508279999999
2006,7,9,53925,0.1887649,8.2e-06,64.9952351
2006,7,10,53926,0.1887558,8.2e-06,64.9952442
2006,7,11,53927,0.1887631,8.3e-06,64.9952369
2006,7,12,53928,0.1886612,8.4e-06,64.9953388
2006,7,13,53929,0.1884513,8.5e-06,64.9955487
2006,7,14,53930,0.187827,8.6e-06,64.996173
2006,7,15,53931,0.1868594,8.7e-06,64.9971406
2006,7,16,53932,0.185772,8.7e-06,64.998228
2006,7,17,53933,0.1847082,8.7e-06,64.9992918
2006,7,18,53934,0.1837902,8.7e-06,65.0002098
2006,7,19,53935,0.1830941,8.8e-06,65.00090589999999
2006,7,20,53936,0.1826641,8.8e-06,65.0013359
2006,7,21,53937,0.1825051,9e-06,65.0014949
2006,7,22,53938,0.1825786,9.2e-06,65.0014214
2006,7,23,53939,0.1827964,9.3e-06,65.0012036
2006,7,24,53940,0.183046,9.5e-06,65.000954
2006,7,25,53941,0.1832258,9.7e-06,65.0007742
2006,7,26,53942,0.1832678,9.9e-06,65.0007322
2006,7,27,53943,0.183154,1.01e-05,65.000846
2006,7,28,53944,0.182902,1.02e-05,65.001098
2006,7,29,53945,0.1825389,1.02e-05,65.0014611
2006,7,30,53946,0.1820984,1.02e-05,65.0019016
2006,7,31,53947,0.1816249,1.02e-05,65.0023751
2006,8,1,53948,0.1811718,1.02e-05,65.0028282
2006,8,2,53949,0.1807973,1.01e-05,65.0032027
2006,8,3,53950,0.1805665,1e-05,65.0034335
2006,8,4,53951,0.1804958,9.8e-06,65.0035042
2006,8,5,53952,0.1805702,9.5e-06,65.00342979999999
2006,8,6,53953,0.1807446,9.2e-06,65.0032554
2006,8,7,53954,0.1809288,9e-06,65.0030712
2006,8,8,53955,0.1809972,8.7e-06,65.0030028
2006,8,9,53956,0.1808214,8.4e-06,65.0031786
2006,8,10,53957,0.180318,8.1e-06,65.003682
2006,8,11,53958,0.1794928,7.9e-06,65.00450719999999
2006,8,12,53959,0.1784497,7.6e-06,65.0055503
2006,8,13,53960,0.177356,7.3e-06,65.006644
2006,8,14,53961,0.176383,7.1e-06,65.007617
2006,8,15,53962,0.1756535,6.8e-06,65.0083465
2006,8,16,53963,0.1752173,6.6e-06,65.0087827
2006,8,17,53964,0.1750554,6.4e-06,65.00894459999999
2006,8,18,53965,0.1750982,6.3e-06,65.0089018
2006,8,19,53966,0.1752505,6e-06,65.0087495
2006,8,20,53967,0.1754022,5.8e-06,65.0085978
2006,8,21,53968,0.1754529,5.6e-06,65.0085471
2006,8,22,53969,0.1753346,5.5e-06,65.0086654
2006,8,23,53970,0.1750205,5.3e-06,65.0089795
2006,8,24,53971,0.1745216,5.2e-06,65.00947839999999
2006,8,25,53972,0.1738788,5.1e-06,65.0101212
2006,8,26,53973,0.1731629,5.1e-06,65.0108371
2006,8,27,53974,0.1724339,5.1e-06,65.0115661
2006,8,28,53975,0.1717375,5.1e-06,65.01226249999999
2006,8,29,53976,0.1711189,5e-06,65.0128811
2006,8,30,53977,0.1706233,5e-06,65.0133767
2006,8,31,53978,0.1703036,4.9e-06,65.0136964
2006,9,1,53979,0.1701796,4.9e-06,65.0138204
2006,9,2,53980,0.1701658,4.9e-06,65.01383419999999
2006,9,3,53981,0.1701495,4.8e-06,65.0138505
2006,9,4,53982,0.170017,4.8e-06,65.013983
2006,9,5,53983,0.1696509,4.7e-06,65.0143491
2006,9,6,53984,0.1689548,4.7e-06,65.0150452
2006,9,7,53985,0.1678752,4.7e-06,65.0161248
2006,9,8,53986,0.1664748,4.7e-06,65.0175252
2006,9,9,53987,0.1649177,4.6e-06,65.0190823
2006,9,10,53988,0.1634021,4.5e-06,65.0205979
2006,9,11,53989,0.1620948,4.5e-06,65.02190519999999
2006,9,12,53990,0.1610845,4.4e-06,65.0229155
2006,9,13,53991,0.1603657,4.4e-06,65.0236343
2006,9,14,53992,0.1598367,4.4e-06,65.0241633
2006,9,15,53993,0.1594743,4.5e-06,65.0245257
2006,9,16,53994,0.1591817,4.6e-06,65.02481829999999
2006,9,17,53995,0.1588395,4.6e-06,65.0251605
2006,9,18,53996,0.1583706,4.7e-06,65.0256294
2006,9,19,53997,0.1577273,4.7e-06,65.02627269999999
2006,9,20,53998,0.156896,4.8e-06,65.027104
2006,9,21,53999,0.1558961,4.8e-06,65.02810389999999
2006,9,22,54000,0.1547746,4.9e-06,65.0292254
2006,9,23,54001,0.1535972,4.9e-06,65.0304028
2006,9,24,54002,0.152436,5e-06,65.031564
2006,9,25,54003,0.1513546,5e-06,65.03264539999999
2006,9,26,54004,0.1503964,5e-06,65.03360359999999
2006,9,27,54005,0.1495765,5e-06,65.0344235
2006,9,28,54006,0.1488741,5.1e-06,65.0351259
2006,9,29,54007,0.1482388,5.1e-06,65.0357612
2006,9,30,54008,0.1476006,5e-06,65.0363994
2006,10,1,54009,0.1468842,5e-06,65.0371158
2006,10,2,54010,0.1460065,4.9e-06,65.0379935
2006,10,3,54011,0.1448783,4.9e-06,65.0391217
2006,10,4,54012,0.1434251,4.9e-06,65.0405749
2006,10,5,54013,0.1416019,4.9e-06,65.0423981
2006,10,6,54014,0.1394558,4.9e-06,65.0445442
2006,10,7,54015,0.1371878,4.9e-06,65.04681219999999
2006,10,8,54016,0.1350271,4.9e-06,65.0489729
2006,10,9,54017,0.1331387,4.8e-06,65.0508613
2006,10,10,54018,0.1315928,4.8e-06,65.05240719999999
2006,10,11,54019,0.1303572,4.8e-06,65.05364279999999
2006,10,12,54020,0.1293265,4.8e-06,65.05467349999999
2006,10,13,54021,0.1284028,5e-06,65.0555972
2006,10,14,54022,0.1275179,5e-06,65.0564821
2006,10,15,54023,0.1266087,5.1e-06,65.05739129999999
2006,10,16,54024,0.1256169,5.2e-06,65.0583831
2006,10,17,54025,0.1244962,5.2e-06,65.0595038
2006,10,18,54026,0.1232235,5.3e-06,65.0607765
2006,10,19,54027,0.1218158,5.4e-06,65.0621842
2006,10,20,54028,0.1203254,5.4e-06,65.0636746
2006,10,21,54029,0.1188208,5.5e-06,65.0651792
2006,10,22,54030,0.1173654,5.5e-06,65.0666346
2006,10,23,54031,0.1160102,5.5e-06,65.06798979999999
2006,10,24,54032,0.1147925,5.5e-06,65.0692075
2006,10,25,54033,0.1137315,5.5e-06,65.0702685
2006,10,26,54034,0.1128245,5.5e-06,65.0711755
2006,10,27,54035,0.112038,5.5e-06,65.071962
2006,10,28,54036,0.1113006,5.4e-06,65.07269939999999
2006,10,29,54037,0.1105061,5.4e-06,65.0734939
2006,10,30,54038,0.1095341,5.3e-06,65.07446589999999
2006,10,31,54039,0.1082865,5.2e-06,65.07571349999999
2006,11,1,54040,0.1067228,5.2e-06,65.0772772
2006,11,2,54041,0.1048847,5.2e-06,65.0791153
2006,11,3,54042,0.1028963,5.2e-06,65.0811037
2006,11,4,54043,0.1009338999999999,5.1e-06,65.0830661
2006,11,5,54044,0.0991745,5e-06,65.0848255
2006,11,6,54045,0.0977367,5e-06,65.0862633
2006,11,7,54046,0.0966447,4.9e-06,65.0873553
2006,11,8,54047,0.0958262,4.9e-06,65.08817379999999
2006,11,9,54048,0.0951297,4.9e-06,65.0888703
2006,11,10,54049,0.0944757,4.9e-06,65.0895243
2006,11,11,54050,0.0937316,4.9e-06,65.0902684
2006,11,12,54051,0.0928134,4.9e-06,65.0911866
2006,11,13,54052,0.091733,4.9e-06,65.09226699999999
2006,11,14,54053,0.0905443,4.9e-06,65.09345569999999
2006,11,15,54054,0.0893132,4.9e-06,65.09468679999999
2006,11,16,54055,0.0880868,4.9e-06,65.0959132
2006,11,17,54056,0.0868519,4.9e-06,65.0971481
2006,11,18,54057,0.0856623,5e-06,65.0983377
2006,11,19,54058,0.0845725,5e-06,65.0994275
2006,11,20,54059,0.083605,5e-06,65.10039499999999
2006,11,21,54060,0.0827726,5e-06,65.1012274
2006,11,22,54061,0.082071,5.1e-06,65.101929
2006,11,23,54062,0.0814779,5.2e-06,65.1025221
2006,11,24,54063,0.0809236,5.3e-06,65.10307639999999
2006,11,25,54064,0.0802976,5.4e-06,65.1037024
2006,11,26,54065,0.0794845,5.5e-06,65.10451549999999
2006,11,27,54066,0.0783995,5.6e-06,65.1056005
2006,11,28,54067,0.0770164,5.7e-06,65.10698359999999
2006,11,29,54068,0.0753802,5.7e-06,65.1086198
2006,11,30,54069,0.0736096,5.8e-06,65.1103904
2006,12,1,54070,0.071809,5.8e-06,65.112191
2006,12,2,54071,0.0701443,5.7e-06,65.1138557
2006,12,3,54072,0.0687411,5.6e-06,65.1152589
2006,12,4,54073,0.0676249,5.5e-06,65.1163751
2006,12,5,54074,0.0667441,5.4e-06,65.1172559
2006,12,6,54075,0.0659988,5.4e-06,65.1180012
2006,12,7,54076,0.065308,5.3e-06,65.118692
2006,12,8,54077,0.0645262,5.3e-06,65.1194738
2006,12,9,54078,0.0635775,5.3e-06,65.1204225
2006,12,10,54079,0.062449,5.3e-06,65.121551
2006,12,11,54080,0.0611562,5.3e-06,65.1228438
2006,12,12,54081,0.0597499,5.3e-06,65.1242501
2006,12,13,54082,0.0583039,5.3e-06,65.1256961
2006,12,14,54083,0.0569185,5.3e-06,65.1270815
2006,12,15,54084,0.0556424,5.4e-06,65.1283576
2006,12,16,54085,0.054482,5.4e-06,65.129518
2006,12,17,54086,0.0534524,5.4e-06,65.1305476
2006,12,18,54087,0.0525731,5.4e-06,65.1314269
2006,12,19,54088,0.0518508,5.4e-06,65.1321492
2006,12,20,54089,0.0512641,5.4e-06,65.1327359
2006,12,21,54090,0.0507468,5.4e-06,65.1332532
2006,12,22,54091,0.050195,5.4e-06,65.133805
2006,12,23,54092,0.0494931,5.3e-06,65.13450689999999
2006,12,24,54093,0.0485505,5.3e-06,65.1354495
2006,12,25,54094,0.0473307,5.2e-06,65.1366693
2006,12,26,54095,0.0458646,5.1e-06,65.1381354
2006,12,27,54096,0.0442418,5.1e-06,65.1397582
2006,12,28,54097,0.0425867,5e-06,65.1414133
2006,12,29,54098,0.0410252,4.9e-06,65.14297479999999
2006,12,30,54099,0.0396492,4.7e-06,65.1443508
2006,12,31,54100,0.0385144,4.6e-06,65.1454856
2007,1,1,54101,0.0376315,7.6e-06,65.1463685
2007,1,2,54102,0.0369545,7.4e-06,65.1470455
2007,1,3,54103,0.0364024,7.2e-06,65.1475976
2007,1,4,54104,0.0358728,7e-06,65.14812719999999
2007,1,5,54105,0.0352663,6.8e-06,65.1487337
2007,1,6,54106,0.0345087,6.5e-06,65.1494913
2007,1,7,54107,0.0335593,6.3e-06,65.1504407
2007,1,8,54108,0.032416,6.1e-06,65.151584
2007,1,9,54109,0.0311137,5.9e-06,65.15288629999999
2007,1,10,54110,0.0297256,5.7e-06,65.15427439999999
2007,1,11,54111,0.0283658,5.8e-06,65.1556342
2007,1,12,54112,0.0270901,5.9e-06,65.1569099
2007,1,13,54113,0.0259083,6e-06,65.1580917
2007,1,14,54114,0.0248325,6.1e-06,65.1591675
2007,1,15,54115,0.023873,6.3e-06,65.160127
2007,1,16,54116,0.0230197,6.4e-06,65.16098029999999
2007,1,17,54117,0.0222293,6.5e-06,65.16177069999999
2007,1,18,54118,0.0214155,6.6e-06,65.1625845
2007,1,19,54119,0.0204625,6.7e-06,65.1635375
2007,1,20,54120,0.0192582,6.7e-06,65.1647418
2007,1,21,54121,0.0177333,6.7e-06,65.1662667
2007,1,22,54122,0.0158929,6.7e-06,65.1681071
2007,1,23,54123,0.0138237,6.7e-06,65.1701763
2007,1,24,54124,0.0116735,6.9e-06,65.1723265
2007,1,25,54125,0.0096151,7e-06,65.17438489999999
2007,1,26,54126,0.0077874,7.1e-06,65.1762126
2007,1,27,54127,0.006235,7.2e-06,65.177765
2007,1,28,54128,0.0049383,7.3e-06,65.17906169999999
2007,1,29,54129,0.003835,7.3e-06,65.180165
2007,1,30,54130,0.0028316,7.4e-06,65.1811684
2007,1,31,54131,0.001827,7.4e-06,65.18217299999999
2007,2,1,54132,0.0007301,7.4e-06,65.1832699
2007,2,2,54133,-0.000521,7.4e-06,65.184521
2007,2,3,54134,-0.0019477,7.3e-06,65.1859477
2007,2,4,54135,-0.0035285,7.3e-06,65.1875285
2007,2,5,54136,-0.0052103,7.2e-06,65.1892103
2007,2,6,54137,-0.006924,7.1e-06,65.190924
2007,2,7,54138,-0.0086021,7.4e-06,65.1926021
2007,2,8,54139,-0.0102065,7.7e-06,65.19420649999999
2007,2,9,54140,-0.0116598,7.9e-06,65.1956598
2007,2,10,54141,-0.012944,8.1e-06,65.196944
2007,2,11,54142,-0.0140613,8.3e-06,65.19806129999999
2007,2,12,54143,-0.0150097,8.5e-06,65.19900969999999
2007,2,13,54144,-0.0158089,8.8e-06,65.1998089
2007,2,14,54145,-0.0165192,9e-06,65.2005192
2007,2,15,54146,-0.017287,9.2e-06,65.201287
2007,2,16,54147,-0.0181362,9.3e-06,65.2021362
2007,2,17,54148,-0.0191498,9.4e-06,65.20314979999999
2007,2,18,54149,-0.0204084,9.5e-06,65.20440839999999
2007,2,19,54150,-0.0218891,9.6e-06,65.2058891
2007,2,20,54151,-0.0234798,9.7e-06,65.2074798
2007,2,21,54152,-0.0250069,9.7e-06,65.20900689999999
2007,2,22,54153,-0.0262806,9.8e-06,65.2102806
2007,2,23,54154,-0.0272677,9.8e-06,65.2112677
2007,2,24,54155,-0.0280016,9.7e-06,65.2120016
2007,2,25,54156,-0.0285472,9.7e-06,65.2125472
2007,2,26,54157,-0.0289944,9.6e-06,65.2129944
2007,2,27,54158,-0.0294289,9.6e-06,65.2134289
2007,2,28,54159,-0.029922,9.6e-06,65.213922
2007,3,1,54160,-0.0305325,9.6e-06,65.2145325
2007,3,2,54161,-0.0313009,9.7e-06,65.2153009
2007,3,3,54162,-0.0322411,9.6e-06,65.21624109999999
2007,3,4,54163,-0.0333339,9.6e-06,65.2173339
2007,3,5,54164,-0.034532,9.5e-06,65.218532
2007,3,6,54165,-0.0357713,9.4e-06,65.21977129999999
2007,3,7,54166,-0.0369854,9.5e-06,65.2209854
2007,3,8,54167,-0.0381181,9.5e-06,65.2221181
2007,3,9,54168,-0.0391335,9.4e-06,65.2231335
2007,3,10,54169,-0.0400165,9.4e-06,65.22401649999999
2007,3,11,54170,-0.0407717,9.3e-06,65.22477169999999
2007,3,12,54171,-0.0414245,9.3e-06,65.2254245
2007,3,13,54172,-0.042022,9.3e-06,65.226022
2007,3,14,54173,-0.042632,9.2e-06,65.226632
2007,3,15,54174,-0.0433149,9.1e-06,65.2273149
2007,3,16,54175,-0.0442152,8.9e-06,65.2282152
2007,3,17,54176,-0.0454955,8.7e-06,65.2294955
2007,3,18,54177,-0.0471989,8.5e-06,65.2311989
2007,3,19,54178,-0.0492252,8.3e-06,65.23322519999999
2007,3,20,54179,-0.0513682,8.1e-06,65.2353682
2007,3,21,54180,-0.053386,8.1e-06,65.237386
2007,3,22,54181,-0.0550917,8.1e-06,65.2390917
2007,3,23,54182,-0.056409,8.1e-06,65.240409
2007,3,24,54183,-0.0573808,8e-06,65.2413808
2007,3,25,54184,-0.0581314,7.9e-06,65.24213139999999
2007,3,26,54185,-0.0588096,7.9e-06,65.2428096
2007,3,27,54186,-0.0595408,7.8e-06,65.24354079999999
2007,3,28,54187,-0.060405,7.7e-06,65.244405
2007,3,29,54188,-0.0614386,7.8e-06,65.2454386
2007,3,30,54189,-0.0626476,7.8e-06,65.2466476
2007,3,31,54190,-0.0639894,7.8e-06,65.2479894
2007,4,1,54191,-0.065423,7.8e-06,65.249423
2007,4,2,54192,-0.0669191,7.8e-06,65.2509191
2007,4,3,54193,-0.0684419,7.8e-06,65.2524419
2007,4,4,54194,-0.0699503,7.9e-06,65.2539503
2007,4,5,54195,-0.0714041,8e-06,65.25540409999999
2007,4,6,54196,-0.0727804,8.1e-06,65.2567804
2007,4,7,54197,-0.0740799,8.2e-06,65.2580799
2007,4,8,54198,-0.0753163,8.3e-06,65.2593163
2007,4,9,54199,-0.0765093,8.3e-06,65.2605093
2007,4,10,54200,-0.0776892,8.4e-06,65.26168919999999
2007,4,11,54201,-0.0789116,8.5e-06,65.2629116
2007,4,12,54202,-0.0802637,8.7e-06,65.2642637
2007,4,13,54203,-0.0818536,8.9e-06,65.2658536
2007,4,14,54204,-0.0837537,9.1e-06,65.2677537
2007,4,15,54205,-0.0859318,9.2e-06,65.2699318
2007,4,16,54206,-0.0882434,9.4e-06,65.2722434
2007,4,17,54207,-0.0904785,9.6e-06,65.2744785
2007,4,18,54208,-0.0924427,9.6e-06,65.2764427
2007,4,19,54209,-0.0940531,9.7e-06,65.2780531
2007,4,20,54210,-0.0953088,9.8e-06,65.2793088
2007,4,21,54211,-0.0962849,9.9e-06,65.2802849
2007,4,22,54212,-0.0971119,9.9e-06,65.2811119
2007,4,23,54213,-0.0979216,1e-05,65.2819216
2007,4,24,54214,-0.0988086,1e-05,65.2828086
2007,4,25,54215,-0.0998245,1.02e-05,65.2838245
2007,4,26,54216,-0.1009968,1.03e-05,65.2849968
2007,4,27,54217,-0.1023256,1.05e-05,65.2863256
2007,4,28,54218,-0.1037573,1.06e-05,65.2877573
2007,4,29,54219,-0.1052256,1.07e-05,65.2892256
2007,4,30,54220,-0.1066696,1.09e-05,65.2906696
2007,5,1,54221,-0.108035,1.1e-05,65.292035
2007,5,2,54222,-0.1092814,1.12e-05,65.2932814
2007,5,3,54223,-0.1103859,1.13e-05,65.2943859
2007,5,4,54224,-0.111342,1.14e-05,65.29534199999999
2007,5,5,54225,-0.1121544,1.13e-05,65.29615439999999
2007,5,6,54226,-0.112856,1.13e-05,65.29685599999999
2007,5,7,54227,-0.1135143,1.13e-05,65.2975143
2007,5,8,54228,-0.114227,1.13e-05,65.298227
2007,5,9,54229,-0.1151103,1.13e-05,65.2991103
2007,5,10,54230,-0.1162763,1.13e-05,65.3002763
2007,5,11,54231,-0.1177987,1.13e-05,65.30179869999999
2007,5,12,54232,-0.1196775,1.13e-05,65.30367749999999
2007,5,13,54233,-0.121815,1.13e-05,65.305815
2007,5,14,54234,-0.1240293,1.12e-05,65.3080293
2007,5,15,54235,-0.1261074,1.12e-05,65.31010739999999
2007,5,16,54236,-0.1278774,1.11e-05,65.3118774
2007,5,17,54237,-0.1292635,1.1e-05,65.31326349999999
2007,5,18,54238,-0.1303336,1.1e-05,65.3143336
2007,5,19,54239,-0.1312409,1.1e-05,65.31524089999999
2007,5,20,54240,-0.1321095,1.09e-05,65.3161095
2007,5,21,54241,-0.1330036,1.08e-05,65.31700359999999
2007,5,22,54242,-0.1339438,1.07e-05,65.3179438
2007,5,23,54243,-0.1349418,1.07e-05,65.3189418
2007,5,24,54244,-0.1360764,1.07e-05,65.32007639999999
2007,5,25,54245,-0.1373358,1.07e-05,65.3213358
2007,5,26,54246,-0.1386258,1.06e-05,65.3226258
2007,5,27,54247,-0.1398676,1.05e-05,65.3238676
2007,5,28,54248,-0.1410052,1.05e-05,65.32500519999999
2007,5,29,54249,-0.1419994,1.04e-05,65.3259994
2007,5,30,54250,-0.1428279,1.03e-05,65.3268279
2007,5,31,54251,-0.1434797,1.03e-05,65.3274797
2007,6,1,54252,-0.1439454,1.02e-05,65.3279454
2007,6,2,54253,-0.1442403,1.01e-05,65.3282403
2007,6,3,54254,-0.1444338,1e-05,65.3284338
2007,6,4,54255,-0.1446341,9.9e-06,65.3286341
2007,6,5,54256,-0.1449525,9.8e-06,65.3289525
2007,6,6,54257,-0.1454738,9.9e-06,65.3294738
2007,6,7,54258,-0.1462367,1.02e-05,65.3302367
2007,6,8,54259,-0.1472285,1.04e-05,65.3312285
2007,6,9,54260,-0.1483833,1.06e-05,65.3323833
2007,6,10,54261,-0.1495783,1.07e-05,65.3335783
2007,6,11,54262,-0.1506581,1.09e-05,65.3346581
2007,6,12,54263,-0.1514808,1.11e-05,65.3354808
2007,6,13,54264,-0.1519784,1.13e-05,65.3359784
2007,6,14,54265,-0.1522387,1.16e-05,65.3362387
2007,6,15,54266,-0.1523384,1.18e-05,65.3363384
2007,6,16,54267,-0.1523394,1.19e-05,65.3363394
2007,6,17,54268,-0.152358,1.2e-05,65.336358
2007,6,18,54269,-0.1525123,1.21e-05,65.3365123
2007,6,19,54270,-0.1528674,1.21e-05,65.3368674
2007,6,20,54271,-0.1534252,1.23e-05,65.3374252
2007,6,21,54272,-0.1541243,1.24e-05,65.3381243
2007,6,22,54273,-0.1548749,1.25e-05,65.3388749
2007,6,23,54274,-0.1555921,1.26e-05,65.3395921
2007,6,24,54275,-0.1562197,1.27e-05,65.34021969999999
2007,6,25,54276,-0.1567273,1.27e-05,65.3407273
2007,6,26,54277,-0.1571004,1.28e-05,65.3411004
2007,6,27,54278,-0.1573342,1.31e-05,65.34133419999999
2007,6,28,54279,-0.1574232,1.33e-05,65.3414232
2007,6,29,54280,-0.1574176,1.36e-05,65.3414176
2007,6,30,54281,-0.1573436,1.37e-05,65.3413436
2007,7,1,54282,-0.1572847,1.38e-05,65.3412847
2007,7,2,54283,-0.1573768,1.39e-05,65.34137679999999
2007,7,3,54284,-0.1577292,1.4e-05,65.3417292
2007,7,4,54285,-0.1583701,1.42e-05,65.3423701
2007,7,5,54286,-0.1591548,1.45e-05,65.3431548
2007,7,6,54287,-0.1600031,1.48e-05,65.3440031
2007,7,7,54288,-0.160891,1.5e-05,65.344891
2007,7,8,54289,-0.1617268,1.51e-05,65.3457268
2007,7,9,54290,-0.162385,1.53e-05,65.346385
2007,7,10,54291,-0.1627705,1.53e-05,65.34677049999999
2007,7,11,54292,-0.1628552,1.56e-05,65.3468552
2007,7,12,54293,-0.1627247,1.58e-05,65.3467247
2007,7,13,54294,-0.1624744,1.6e-05,65.34647439999999
2007,7,14,54295,-0.162193,1.61e-05,65.346193
2007,7,15,54296,-0.1619925,1.61e-05,65.3459925
2007,7,16,54297,-0.1619658,1.61e-05,65.3459658
2007,7,17,54298,-0.1621477,1.62e-05,65.3461477
2007,7,18,54299,-0.1625058,1.62e-05,65.3465058
2007,7,19,54300,-0.1629281,1.62e-05,65.3469281
2007,7,20,54301,-0.1632802,1.62e-05,65.3472802
2007,7,21,54302,-0.163469,1.61e-05,65.347469
2007,7,22,54303,-0.1635143,1.61e-05,65.3475143
2007,7,23,54304,-0.1634942,1.6e-05,65.3474942
2007,7,24,54305,-0.1634587,1.59e-05,65.3474587
2007,7,25,54306,-0.1633584,1.57e-05,65.3473584
2007,7,26,54307,-0.1628471,1.54e-05,65.34684709999999
2007,7,27,54308,-0.162006,1.51e-05,65.346006
2007,7,28,54309,-0.161241,1.47e-05,65.345241
2007,7,29,54310,-0.160772,1.43e-05,65.34477199999999
2007,7,30,54311,-0.1606408,1.4e-05,65.3446408
2007,7,31,54312,-0.1608083,1.37e-05,65.3448083
2007,8,1,54313,-0.1611987,1.34e-05,65.3451987
2007,8,2,54314,-0.1618188,1.31e-05,65.3458188
2007,8,3,54315,-0.1626044,1.27e-05,65.3466044
2007,8,4,54316,-0.163371,1.23e-05,65.347371
2007,8,5,54317,-0.1639631,1.19e-05,65.3479631
2007,8,6,54318,-0.1642966,1.16e-05,65.3482966
2007,8,7,54319,-0.1643496,1.12e-05,65.34834959999999
2007,8,8,54320,-0.1641584,1.09e-05,65.3481584
2007,8,9,54321,-0.1637764,1.06e-05,65.3477764
2007,8,10,54322,-0.1632919,1.05e-05,65.3472919
2007,8,11,54323,-0.1628918,1.04e-05,65.3468918
2007,8,12,54324,-0.1626967,1.03e-05,65.3466967
2007,8,13,54325,-0.1627138,1.02e-05,65.3467138
2007,8,14,54326,-0.1628855,1.01e-05,65.3468855
2007,8,15,54327,-0.1631276,9.9e-06,65.3471276
2007,8,16,54328,-0.1633824,9.7e-06,65.3473824
2007,8,17,54329,-0.1636214,9.5e-06,65.3476214
2007,8,18,54330,-0.1638267,9.2e-06,65.3478267
2007,8,19,54331,-0.1639651,8.9e-06,65.3479651
2007,8,20,54332,-0.1639895,8.7e-06,65.3479895
2007,8,21,54333,-0.163858,8.4e-06,65.347858
2007,8,22,54334,-0.1635535,8.2e-06,65.3475535
2007,8,23,54335,-0.1631093,8.1e-06,65.3471093
2007,8,24,54336,-0.1626071,7.9e-06,65.3466071
2007,8,25,54337,-0.1621607,7.7e-06,65.3461607
2007,8,26,54338,-0.161887,7.5e-06,65.34588699999999
2007,8,27,54339,-0.1618827,7.2e-06,65.3458827
2007,8,28,54340,-0.1622012,7.1e-06,65.3462012
2007,8,29,54341,-0.1628322,7.1e-06,65.3468322
2007,8,30,54342,-0.1637017,7.3e-06,65.3477017
2007,8,31,54343,-0.1646826,7.4e-06,65.3486826
2007,9,1,54344,-0.1656236,7.5e-06,65.3496236
2007,9,2,54345,-0.166385,7.6e-06,65.350385
2007,9,3,54346,-0.1668846,7.6e-06,65.3508846
2007,9,4,54347,-0.1671236,7.7e-06,65.3511236
2007,9,5,54348,-0.1671852,7.7e-06,65.3511852
2007,9,6,54349,-0.1672158,7.7e-06,65.35121579999999
2007,9,7,54350,-0.1673456999999999,7.8e-06,65.3513457
2007,9,8,54351,-0.1676569,7.9e-06,65.3516569
2007,9,9,54352,-0.1681743,7.9e-06,65.3521743
2007,9,10,54353,-0.168873,7.9e-06,65.352873
2007,9,11,54354,-0.1696984,7.9e-06,65.3536984
2007,9,12,54355,-0.1705934,8e-06,65.3545934
2007,9,13,54356,-0.1715487,8.2e-06,65.3555487
2007,9,14,54357,-0.1724417,8.4e-06,65.35644169999999
2007,9,15,54358,-0.1732214,8.5e-06,65.3572214
2007,9,16,54359,-0.1738713,8.7e-06,65.3578713
2007,9,17,54360,-0.1743674,8.9e-06,65.35836739999999
2007,9,18,54361,-0.1747134,9.1e-06,65.3587134
2007,9,19,54362,-0.1749498,9.3e-06,65.35894979999999
2007,9,20,54363,-0.1751801,9.4e-06,65.3591801
2007,9,21,54364,-0.1754824,9.5e-06,65.3594824
2007,9,22,54365,-0.1759141,9.6e-06,65.3599141
2007,9,23,54366,-0.176559,9.6e-06,65.360559
2007,9,24,54367,-0.1775016,9.7e-06,65.3615016
2007,9,25,54368,-0.1787803,9.8e-06,65.3627803
2007,9,26,54369,-0.1803504,9.8e-06,65.36435039999999
2007,9,27,54370,-0.1820685,9.8e-06,65.3660685
2007,9,28,54371,-0.1837367,9.9e-06,65.3677367
2007,9,29,54372,-0.1851765,9.9e-06,65.3691765
2007,9,30,54373,-0.1862962,9.8e-06,65.3702962
2007,10,1,54374,-0.1871095,9.8e-06,65.3711095
2007,10,2,54375,-0.18771,9.8e-06,65.37171
2007,10,3,54376,-0.188224,9.7e-06,65.372224
2007,10,4,54377,-0.1887572,9.6e-06,65.3727572
2007,10,5,54378,-0.1893735,9.5e-06,65.3733735
2007,10,6,54379,-0.1900996,9.3e-06,65.3740996
2007,10,7,54380,-0.1909437,9.1e-06,65.3749437
2007,10,8,54381,-0.1919016,8.9e-06,65.37590159999999
2007,10,9,54382,-0.1929532,8.7e-06,65.3769532
2007,10,10,54383,-0.1940598,8.5e-06,65.3780598
2007,10,11,54384,-0.1951605,8.4e-06,65.3791605
2007,10,12,54385,-0.1961614,8.5e-06,65.38016139999999
2007,10,13,54386,-0.1970175,8.7e-06,65.3810175
2007,10,14,54387,-0.1977122,8.8e-06,65.3817122
2007,10,15,54388,-0.1982505,9e-06,65.3822505
2007,10,16,54389,-0.1986714,9.2e-06,65.38267139999999
2007,10,17,54390,-0.1990395,9.4e-06,65.3830395
2007,10,18,54391,-0.1994424,9.7e-06,65.38344239999999
2007,10,19,54392,-0.2000266,9.9e-06,65.3840266
2007,10,20,54393,-0.2007702,1e-05,65.38477019999999
2007,10,21,54394,-0.2016749,1.01e-05,65.3856749
2007,10,22,54395,-0.2028105,1.02e-05,65.3868105
2007,10,23,54396,-0.204216,1.03e-05,65.388216
2007,10,24,54397,-0.2058487,1.05e-05,65.3898487
2007,10,25,54398,-0.2075383,1.07e-05,65.3915383
2007,10,26,54399,-0.2090606,1.08e-05,65.3930606
2007,10,27,54400,-0.2102655,1.09e-05,65.3942655
2007,10,28,54401,-0.2111215,1.09e-05,65.3951215
2007,10,29,54402,-0.211707,1.09e-05,65.395707
2007,10,30,54403,-0.2121655,1.09e-05,65.3961655
2007,10,31,54404,-0.2126407,1.1e-05,65.39664069999999
2007,11,1,54405,-0.213217,1.1e-05,65.397217
2007,11,2,54406,-0.213928,1.11e-05,65.397928
2007,11,3,54407,-0.2147697,1.11e-05,65.3987697
2007,11,4,54408,-0.215715,1.12e-05,65.399715
2007,11,5,54409,-0.2167307,1.12e-05,65.4007307
2007,11,6,54410,-0.2177848,1.13e-05,65.4017848
2007,11,7,54411,-0.2188456,1.15e-05,65.40284559999999
2007,11,8,54412,-0.2198893,1.16e-05,65.4038893
2007,11,9,54413,-0.220835,1.17e-05,65.40483499999999
2007,11,10,54414,-0.2216099,1.17e-05,65.4056099
2007,11,11,54415,-0.2221899,1.16e-05,65.4061899
2007,11,12,54416,-0.2226003,1.16e-05,65.4066003
2007,11,13,54417,-0.222916,1.16e-05,65.406916
2007,11,14,54418,-0.2232451,1.15e-05,65.4072451
2007,11,15,54419,-0.2237064,1.14e-05,65.4077064
2007,11,16,54420,-0.2244315,1.11e-05,65.40843149999999
2007,11,17,54421,-0.2254453,1.09e-05,65.4094453
2007,11,18,54422,-0.2267423,1.06e-05,65.4107423
2007,11,19,54423,-0.2283165,1.03e-05,65.4123165
2007,11,20,54424,-0.2301256,1.01e-05,65.41412559999999
2007,11,21,54425,-0.232084,1e-05,65.416084
2007,11,22,54426,-0.2340828,9.9e-06,65.4180828
2007,11,23,54427,-0.2359533,9.9e-06,65.4199533
2007,11,24,54428,-0.2375392,9.7e-06,65.4215392
2007,11,25,54429,-0.2387991,9.6e-06,65.42279909999999
2007,11,26,54430,-0.2398039,9.5e-06,65.4238039
2007,11,27,54431,-0.2406975,9.4e-06,65.4246975
2007,11,28,54432,-0.2416391,9.5e-06,65.4256391
2007,11,29,54433,-0.2427489,9.5e-06,65.42674889999999
2007,11,30,54434,-0.2440573,9.5e-06,65.42805729999999
2007,12,1,54435,-0.2455439,9.4e-06,65.4295439
2007,12,2,54436,-0.2471423,9.3e-06,65.43114229999999
2007,12,3,54437,-0.2487522,9.2e-06,65.4327522
2007,12,4,54438,-0.2502685,9.1e-06,65.4342685
2007,12,5,54439,-0.2515992,9.1e-06,65.4355992
2007,12,6,54440,-0.2526878,9.1e-06,65.4366878
2007,12,7,54441,-0.2535143,9e-06,65.4375143
2007,12,8,54442,-0.2540806,8.9e-06,65.43808059999999
2007,12,9,54443,-0.25443,8.8e-06,65.43843
2007,12,10,54444,-0.2546431,8.7e-06,65.4386431
2007,12,11,54445,-0.2548153,8.7e-06,65.4388153
2007,12,12,54446,-0.2550392,8.7e-06,65.4390392
2007,12,13,54447,-0.2553863,8.8e-06,65.4393863
2007,12,14,54448,-0.2559073,8.9e-06,65.4399073
2007,12,15,54449,-0.2566353,8.8e-06,65.4406353
2007,12,16,54450,-0.2575945,8.8e-06,65.4415945
2007,12,17,54451,-0.2587808,8.8e-06,65.4427808
2007,12,18,54452,-0.260138,8.8e-06,65.444138
2007,12,19,54453,-0.2615519,8.9e-06,65.4455519
2007,12,20,54454,-0.2628475,9.1e-06,65.4468475
2007,12,21,54455,-0.263862,9.3e-06,65.447862
2007,12,22,54456,-0.2645324,9.5e-06,65.44853239999999
2007,12,23,54457,-0.2649869,9.7e-06,65.4489869
2007,12,24,54458,-0.2654351,9.7e-06,65.4494351
2007,12,25,54459,-0.2660016,9.8e-06,65.4500016
2007,12,26,54460,-0.2667372,9.8e-06,65.45073719999999
2007,12,27,54461,-0.2676268,9.9e-06,65.4516268
2007,12,28,54462,-0.2686229,1.01e-05,65.4526229
2007,12,29,54463,-0.2697249,1.03e-05,65.4537249
2007,12,30,54464,-0.270903,1.05e-05,65.454903
2007,12,31,54465,-0.2720934,1.07e-05,65.4560934
2008,1,1,54466,-0.2732225,1e-05,65.4572225
2008,1,2,54467,-0.2742701,1.02e-05,65.4582701
2008,1,3,54468,-0.275182,1.04e-05,65.459182
2008,1,4,54469,-0.275946,1.07e-05,65.459946
2008,1,5,54470,-0.2765978,1.1e-05,65.4605978
2008,1,6,54471,-0.2771774,1.13e-05,65.4611774
2008,1,7,54472,-0.27772,1.16e-05,65.46172
2008,1,8,54473,-0.2782664,1.2e-05,65.4622664
2008,1,9,54474,-0.2788667,1.23e-05,65.46286669999999
2008,1,10,54475,-0.2795798,1.26e-05,65.46357979999999
2008,1,11,54476,-0.2804596,1.3e-05,65.4644596
2008,1,12,54477,-0.2815347,1.33e-05,65.46553469999999
2008,1,13,54478,-0.2827943,1.36e-05,65.4667943
2008,1,14,54479,-0.2841797,1.39e-05,65.4681797
2008,1,15,54480,-0.28559,1.4e-05,65.46959
2008,1,16,54481,-0.2869012,1.42e-05,65.4709012
2008,1,17,54482,-0.2879923,1.43e-05,65.4719923
2008,1,18,54483,-0.2887953,1.44e-05,65.4727953
2008,1,19,54484,-0.2893457,1.43e-05,65.4733457
2008,1,20,54485,-0.2897593,1.43e-05,65.4737593
2008,1,21,54486,-0.2901899,1.43e-05,65.4741899
2008,1,22,54487,-0.2907846,1.42e-05,65.47478459999999
2008,1,23,54488,-0.2916367,1.41e-05,65.4756367
2008,1,24,54489,-0.2927596,1.39e-05,65.4767596
2008,1,25,54490,-0.2940859,1.38e-05,65.4780859
2008,1,26,54491,-0.2955647,1.36e-05,65.4795647
2008,1,27,54492,-0.2971132,1.35e-05,65.4811132
2008,1,28,54493,-0.2986169,1.33e-05,65.4826169
2008,1,29,54494,-0.2999733,1.31e-05,65.4839733
2008,1,30,54495,-0.3011136,1.3e-05,65.48511359999999
2008,1,31,54496,-0.3020264,1.29e-05,65.4860264
2008,2,1,54497,-0.3027505,1.29e-05,65.4867505
2008,2,2,54498,-0.3033558,1.28e-05,65.4873558
2008,2,3,54499,-0.3039192,1.28e-05,65.4879192
2008,2,4,54500,-0.3045152,1.27e-05,65.4885152
2008,2,5,54501,-0.3052141,1.27e-05,65.4892141
2008,2,6,54502,-0.3060761,1.26e-05,65.4900761
2008,2,7,54503,-0.3071362,1.25e-05,65.4911362
2008,2,8,54504,-0.3084569,1.23e-05,65.4924569
2008,2,9,54505,-0.3099949,1.21e-05,65.4939949
2008,2,10,54506,-0.3116444,1.19e-05,65.4956444
2008,2,11,54507,-0.3132919,1.17e-05,65.4972919
2008,2,12,54508,-0.3148261,1.15e-05,65.4988261
2008,2,13,54509,-0.3161699,1.13e-05,65.5001699
2008,2,14,54510,-0.3173257,1.1e-05,65.5013257
2008,2,15,54511,-0.3182367,1.06e-05,65.5022367
2008,2,16,54512,-0.3189249,1.02e-05,65.5029249
2008,2,17,54513,-0.3195072,9.8e-06,65.5035072
2008,2,18,54514,-0.3201267,9.5e-06,65.5041267
2008,2,19,54515,-0.3209101,9.1e-06,65.5049101
2008,2,20,54516,-0.3219245,8.8e-06,65.50592449999999
2008,2,21,54517,-0.3231547,8.5e-06,65.5071547
2008,2,22,54518,-0.3244951,8.3e-06,65.50849509999999
2008,2,23,54519,-0.3258383,8.1e-06,65.5098383
2008,2,24,54520,-0.3271127,7.8e-06,65.5111127
2008,2,25,54521,-0.3282718,7.6e-06,65.5122718
2008,2,26,54522,-0.3292812,7.4e-06,65.5132812
2008,2,27,54523,-0.3301037,7.3e-06,65.51410369999999
2008,2,28,54524,-0.3306591,7.1e-06,65.5146591
2008,2,29,54525,-0.3309784,6.9e-06,65.5149784
2008,3,1,54526,-0.3311879,6.7e-06,65.5151879
2008,3,2,54527,-0.3314055,6.4e-06,65.5154055
2008,3,3,54528,-0.3317269,6.2e-06,65.5157269
2008,3,4,54529,-0.3322298,6e-06,65.51622979999999
2008,3,5,54530,-0.3329701,6e-06,65.5169701
2008,3,6,54531,-0.3339827,6.1e-06,65.5179827
2008,3,7,54532,-0.3352616,6.2e-06,65.5192616
2008,3,8,54533,-0.3367429,6.3e-06,65.5207429
2008,3,9,54534,-0.3383047,6.3e-06,65.52230469999999
2008,3,10,54535,-0.3397958,6.4e-06,65.5237958
2008,3,11,54536,-0.3410818,6.4e-06,65.5250818
2008,3,12,54537,-0.3420858,6.5e-06,65.5260858
2008,3,13,54538,-0.3428101,6.5e-06,65.52681009999999
2008,3,14,54539,-0.3433304,6.5e-06,65.5273304
2008,3,15,54540,-0.3437694,6.5e-06,65.5277694
2008,3,16,54541,-0.3442613,6.4e-06,65.5282613
2008,3,17,54542,-0.3449188,6.3e-06,65.5289188
2008,3,18,54543,-0.3458085,6.3e-06,65.5298085
2008,3,19,54544,-0.3469424,6.4e-06,65.5309424
2008,3,20,54545,-0.3482805,6.6e-06,65.5322805
2008,3,21,54546,-0.3497485,6.7e-06,65.5337485
2008,3,22,54547,-0.35126,6.8e-06,65.53526
2008,3,23,54548,-0.3527333,6.9e-06,65.5367333
2008,3,24,54549,-0.3541012,7e-06,65.5381012
2008,3,25,54550,-0.3553162,7.1e-06,65.5393162
2008,3,26,54551,-0.3563546,7.3e-06,65.5403546
2008,3,27,54552,-0.3572217,7.4e-06,65.5412217
2008,3,28,54553,-0.3579541,7.5e-06,65.5419541
2008,3,29,54554,-0.3586159,7.6e-06,65.5426159
2008,3,30,54555,-0.3592889,7.7e-06,65.5432889
2008,3,31,54556,-0.3600591,7.8e-06,65.5440591
2008,4,1,54557,-0.3610052,7.9e-06,65.54500519999999
2008,4,2,54558,-0.3621871,8e-06,65.5461871
2008,4,3,54559,-0.363629,8e-06,65.547629
2008,4,4,54560,-0.3652818,7.9e-06,65.5492818
2008,4,5,54561,-0.3671098,7.8e-06,65.55110979999999
2008,4,6,54562,-0.3689967,7.7e-06,65.5529967
2008,4,7,54563,-0.3707538,7.6e-06,65.5547538
2008,4,8,54564,-0.3722142,7.5e-06,65.5562142
2008,4,9,54565,-0.3732974,7.6e-06,65.5572974
2008,4,10,54566,-0.3740552,7.7e-06,65.5580552
2008,4,11,54567,-0.3746318,7.9e-06,65.5586318
2008,4,12,54568,-0.3751821,7.9e-06,65.5591821
2008,4,13,54569,-0.3758308,8e-06,65.5598308
2008,4,14,54570,-0.376652,8.1e-06,65.560652
2008,4,15,54571,-0.3776646,8.1e-06,65.5616646
2008,4,16,54572,-0.3788479,8.3e-06,65.5628479
2008,4,17,54573,-0.3801682,8.6e-06,65.5641682
2008,4,18,54574,-0.3815775,8.9e-06,65.5655775
2008,4,19,54575,-0.3830036,9.1e-06,65.56700359999999
2008,4,20,54576,-0.3843344,9.4e-06,65.5683344
2008,4,21,54577,-0.3854584,9.7e-06,65.5694584
2008,4,22,54578,-0.386317,1e-05,65.570317
2008,4,23,54579,-0.3869539,1.02e-05,65.57095389999999
2008,4,24,54580,-0.38756,1.04e-05,65.57155999999999
2008,4,25,54581,-0.3881895,1.04e-05,65.5721895
2008,4,26,54582,-0.388807,1.05e-05,65.572807
2008,4,27,54583,-0.3894485,1.05e-05,65.5734485
2008,4,28,54584,-0.3902117,1.06e-05,65.57421169999999
2008,4,29,54585,-0.3912054,1.06e-05,65.5752054
2008,4,30,54586,-0.3925069,1.06e-05,65.5765069
2008,5,1,54587,-0.394092,1.06e-05,65.578092
2008,5,2,54588,-0.3958835,1.06e-05,65.5798835
2008,5,3,54589,-0.3977669,1.05e-05,65.58176689999999
2008,5,4,54590,-0.3995953,1.05e-05,65.5835953
2008,5,5,54591,-0.4012287,1.05e-05,65.5852287
2008,5,6,54592,-0.4025823,1.04e-05,65.5865823
2008,5,7,54593,-0.4036603,1.04e-05,65.5876603
2008,5,8,54594,-0.4045538,1.03e-05,65.5885538
2008,5,9,54595,-0.4054071,1.03e-05,65.5894071
2008,5,10,54596,-0.4063655,1.03e-05,65.5903655
2008,5,11,54597,-0.4075252,1.03e-05,65.59152519999999
2008,5,12,54598,-0.4089096,1.03e-05,65.5929096
2008,5,13,54599,-0.4104765,1.03e-05,65.5944765
2008,5,14,54600,-0.4121438,1.03e-05,65.5961438
2008,5,15,54601,-0.4138164,1.03e-05,65.5978164
2008,5,16,54602,-0.4154054,1.04e-05,65.5994054
2008,5,17,54603,-0.4168418,1.05e-05,65.6008418
2008,5,18,54604,-0.4180738,1.06e-05,65.6020738
2008,5,19,54605,-0.4190696,1.08e-05,65.6030696
2008,5,20,54606,-0.4198241,1.09e-05,65.6038241
2008,5,21,54607,-0.4203634,1.09e-05,65.6043634
2008,5,22,54608,-0.4207384,1.09e-05,65.6047384
2008,5,23,54609,-0.4210281,1.08e-05,65.6050281
2008,5,24,54610,-0.4213643,1.06e-05,65.60536429999999
2008,5,25,54611,-0.4218247,1.05e-05,65.6058247
2008,5,26,54612,-0.4224238,1.04e-05,65.6064238
2008,5,27,54613,-0.4231575,1.02e-05,65.6071575
2008,5,28,54614,-0.4240363,1.03e-05,65.6080363
2008,5,29,54615,-0.4251231,1.03e-05,65.60912309999999
2008,5,30,54616,-0.4263554,1.03e-05,65.6103554
2008,5,31,54617,-0.4275821,1.02e-05,65.61158209999999
2008,6,1,54618,-0.4286867,1.01e-05,65.6126867
2008,6,2,54619,-0.4296043,1e-05,65.61360429999999
2008,6,3,54620,-0.4303181,9.9e-06,65.61431809999999
2008,6,4,54621,-0.4308531,1e-05,65.61485309999999
2008,6,5,54622,-0.4311996,1.01e-05,65.6151996
2008,6,6,54623,-0.4314726,1.01e-05,65.6154726
2008,6,7,54624,-0.4318555,1.03e-05,65.6158555
2008,6,8,54625,-0.4324534,1.04e-05,65.6164534
2008,6,9,54626,-0.4332733,1.06e-05,65.6172733
2008,6,10,54627,-0.4342482,1.08e-05,65.6182482
2008,6,11,54628,-0.4352669,1.09e-05,65.6192669
2008,6,12,54629,-0.4362101,1.1e-05,65.6202101
2008,6,13,54630,-0.4369875,1.11e-05,65.6209875
2008,6,14,54631,-0.4375521,1.13e-05,65.6215521
2008,6,15,54632,-0.4378981,1.14e-05,65.6218981
2008,6,16,54633,-0.4380541,1.15e-05,65.6220541
2008,6,17,54634,-0.4380716,1.16e-05,65.6220716
2008,6,18,54635,-0.4380123,1.2e-05,65.6220123
2008,6,19,54636,-0.4379355,1.24e-05,65.62193549999999
2008,6,20,54637,-0.4378964,1.27e-05,65.6218964
2008,6,21,54638,-0.4379499,1.3e-05,65.6219499
2008,6,22,54639,-0.4381545,1.34e-05,65.6221545
2008,6,23,54640,-0.438561,1.37e-05,65.62256099999999
2008,6,24,54641,-0.4391948,1.4e-05,65.6231948
2008,6,25,54642,-0.4400415,1.42e-05,65.6240415
2008,6,26,54643,-0.4410329,1.44e-05,65.6250329
2008,6,27,54644,-0.4420543,1.44e-05,65.62605429999999
2008,6,28,54645,-0.4430151,1.44e-05,65.6270151
2008,6,29,54646,-0.4438244,1.44e-05,65.6278244
2008,6,30,54647,-0.4444089,1.44e-05,65.6284089
2008,7,1,54648,-0.4447595,1.43e-05,65.6287595
2008,7,2,54649,-0.4449442,1.42e-05,65.62894419999999
2008,7,3,54650,-0.4450925,1.42e-05,65.6290925
2008,7,4,54651,-0.4453431,1.4e-05,65.6293431
2008,7,5,54652,-0.4457866,1.38e-05,65.6297866
2008,7,6,54653,-0.4464346,1.35e-05,65.6304346
2008,7,7,54654,-0.447225,1.33e-05,65.631225
2008,7,8,54655,-0.4480524,1.32e-05,65.63205239999999
2008,7,9,54656,-0.4488007,1.29e-05,65.6328007
2008,7,10,54657,-0.4493431,1.27e-05,65.63334309999999
2008,7,11,54658,-0.4497248,1.25e-05,65.6337248
2008,7,12,54659,-0.4498964,1.24e-05,65.6338964
2008,7,13,54660,-0.4498238,1.21e-05,65.6338238
2008,7,14,54661,-0.4495606,1.19e-05,65.6335606
2008,7,15,54662,-0.4491886,1.17e-05,65.6331886
2008,7,16,54663,-0.4487972,1.16e-05,65.6327972
2008,7,17,54664,-0.4484427,1.15e-05,65.6324427
2008,7,18,54665,-0.4481712,1.14e-05,65.6321712
2008,7,19,54666,-0.4480757,1.11e-05,65.6320757
2008,7,20,54667,-0.4482212,1.08e-05,65.6322212
2008,7,21,54668,-0.4486148,1.06e-05,65.6326148
2008,7,22,54669,-0.4492187,1.03e-05,65.6332187
2008,7,23,54670,-0.4499578,1e-05,65.6339578
2008,7,24,54671,-0.4507403,9.8e-06,65.6347403
2008,7,25,54672,-0.4514723,9.5e-06,65.6354723
2008,7,26,54673,-0.4520724,9.3e-06,65.6360724
2008,7,27,54674,-0.4524857,9e-06,65.6364857
2008,7,28,54675,-0.4527015,8.8e-06,65.6367015
2008,7,29,54676,-0.4527624,8.5e-06,65.6367624
2008,7,30,54677,-0.4527595,8.4e-06,65.6367595
2008,7,31,54678,-0.452831,8.1e-06,65.636831
2008,8,1,54679,-0.4530327,7.9e-06,65.63703269999999
2008,8,2,54680,-0.4533628,7.7e-06,65.63736279999999
2008,8,3,54681,-0.4538776,7.4e-06,65.6378776
2008,8,4,54682,-0.4546265,7.2e-06,65.6386265
2008,8,5,54683,-0.4555709,7e-06,65.6395709
2008,8,6,54684,-0.4565458,6.8e-06,65.6405458
2008,8,7,54685,-0.4571034,6.6e-06,65.64110339999999
2008,8,8,54686,-0.4572013,6.4e-06,65.64120129999999
2008,8,9,54687,-0.4571298,6.2e-06,65.6411298
2008,8,10,54688,-0.4570509,6e-06,65.6410509
2008,8,11,54689,-0.4569848,5.8e-06,65.6409848
2008,8,12,54690,-0.4568944,5.6e-06,65.6408944
2008,8,13,54691,-0.4567382,5.5e-06,65.6407382
2008,8,14,54692,-0.4566046,5.5e-06,65.6406046
2008,8,15,54693,-0.4566205,5.4e-06,65.6406205
2008,8,16,54694,-0.4567973,5.4e-06,65.6407973
2008,8,17,54695,-0.4571487,5.4e-06,65.6411487
2008,8,18,54696,-0.4577054,5.3e-06,65.64170539999999
2008,8,19,54697,-0.4584536,5.3e-06,65.6424536
2008,8,20,54698,-0.4593154,5.4e-06,65.64331539999999
2008,8,21,54699,-0.4601332,5.4e-06,65.6441332
2008,8,22,54700,-0.460782,5.4e-06,65.64478199999999
2008,8,23,54701,-0.4612377,5.4e-06,65.6452377
2008,8,24,54702,-0.4614914,5.4e-06,65.6454914
2008,8,25,54703,-0.4615796,5.4e-06,65.64557959999999
2008,8,26,54704,-0.4616308,5.5e-06,65.64563079999999
2008,8,27,54705,-0.4617555,5.5e-06,65.64575549999999
2008,8,28,54706,-0.4620324,5.6e-06,65.6460324
2008,8,29,54707,-0.4625332,5.6e-06,65.6465332
2008,8,30,54708,-0.4632772,5.7e-06,65.64727719999999
2008,8,31,54709,-0.4642234,5.7e-06,65.64822339999999
2008,9,1,54710,-0.4652808,5.7e-06,65.6492808
2008,9,2,54711,-0.4663348,5.7e-06,65.6503348
2008,9,3,54712,-0.4672676,5.7e-06,65.6512676
2008,9,4,54713,-0.4679669,5.8e-06,65.65196689999999
2008,9,5,54714,-0.4684672,5.8e-06,65.6524672
2008,9,6,54715,-0.4687879,5.8e-06,65.65278789999999
2008,9,7,54716,-0.4689631,5.8e-06,65.6529631
2008,9,8,54717,-0.4690714,5.8e-06,65.6530714
2008,9,9,54718,-0.4692021,5.8e-06,65.6532021
2008,9,10,54719,-0.4694413,5.8e-06,65.6534413
2008,9,11,54720,-0.4698382,5.9e-06,65.6538382
2008,9,12,54721,-0.4704671,6.1e-06,65.65446709999999
2008,9,13,54722,-0.4714258,6.2e-06,65.6554258
2008,9,14,54723,-0.4726934,6.4e-06,65.6566934
2008,9,15,54724,-0.4741529,6.5e-06,65.6581529
2008,9,16,54725,-0.4757082,6.6e-06,65.6597082
2008,9,17,54726,-0.4772797,6.7e-06,65.6612797
2008,9,18,54727,-0.4787513,6.8e-06,65.6627513
2008,9,19,54728,-0.4800127,6.9e-06,65.6640127
2008,9,20,54729,-0.4810049,7e-06,65.6650049
2008,9,21,54730,-0.4817459,7.1e-06,65.6657459
2008,9,22,54731,-0.4823225,7.2e-06,65.66632249999999
2008,9,23,54732,-0.4828601,7.3e-06,65.6668601
2008,9,24,54733,-0.483488,7.3e-06,65.66748799999999
2008,9,25,54734,-0.4843182,7.4e-06,65.6683182
2008,9,26,54735,-0.4853694,7.4e-06,65.6693694
2008,9,27,54736,-0.4865896,7.3e-06,65.6705896
2008,9,28,54737,-0.4879318,7.3e-06,65.6719318
2008,9,29,54738,-0.4893472,7.2e-06,65.6733472
2008,9,30,54739,-0.4907629,7.2e-06,65.67476289999999
2008,10,1,54740,-0.4920769,7.2e-06,65.6760769
2008,10,2,54741,-0.4931223,7.3e-06,65.6771223
2008,10,3,54742,-0.4937849,7.3e-06,65.67778489999999
2008,10,4,54743,-0.4942129,7.2e-06,65.67821289999999
2008,10,5,54744,-0.4945655,7.1e-06,65.67856549999999
2008,10,6,54745,-0.494925,7e-06,65.67892499999999
2008,10,7,54746,-0.4953452,6.9e-06,65.6793452
2008,10,8,54747,-0.4958603,6.8e-06,65.6798603
2008,10,9,54748,-0.4965142,6.6e-06,65.6805142
2008,10,10,54749,-0.497407,6.6e-06,65.681407
2008,10,11,54750,-0.4985517,6.8e-06,65.68255169999999
2008,10,12,54751,-0.4999107,6.9e-06,65.6839107
2008,10,13,54752,-0.5014249,7.1e-06,65.6854249
2008,10,14,54753,-0.5030014,7.2e-06,65.6870014
2008,10,15,54754,-0.5045321,7.4e-06,65.6885321
2008,10,16,54755,-0.505924,7.6e-06,65.68992399999999
2008,10,17,54756,-0.5071283,7.7e-06,65.6911283
2008,10,18,54757,-0.5081612,7.8e-06,65.6921612
2008,10,19,54758,-0.5090993,7.9e-06,65.6930993
2008,10,20,54759,-0.5100507,7.9e-06,65.69405069999999
2008,10,21,54760,-0.5111145,8e-06,65.6951145
2008,10,22,54761,-0.5123504,8.2e-06,65.6963504
2008,10,23,54762,-0.5137685,8.5e-06,65.6977685
2008,10,24,54763,-0.5153353,8.9e-06,65.6993353
2008,10,25,54764,-0.5169888,9.2e-06,65.7009888
2008,10,26,54765,-0.5186518,9.5e-06,65.7026518
2008,10,27,54766,-0.520245,9.8e-06,65.704245
2008,10,28,54767,-0.5217003,1.02e-05,65.7057003
2008,10,29,54768,-0.522972,1.05e-05,65.706972
2008,10,30,54769,-0.5240481,1.08e-05,65.7080481
2008,10,31,54770,-0.5249476,1.12e-05,65.7089476
2008,11,1,54771,-0.5257091,1.14e-05,65.7097091
2008,11,2,54772,-0.5263741,1.16e-05,65.7103741
2008,11,3,54773,-0.5269859,1.18e-05,65.7109859
2008,11,4,54774,-0.527596,1.2e-05,65.711596
2008,11,5,54775,-0.5282695,1.22e-05,65.71226949999999
2008,11,6,54776,-0.5290998,1.24e-05,65.7130998
2008,11,7,54777,-0.5301659,1.25e-05,65.7141659
2008,11,8,54778,-0.5314467,1.26e-05,65.7154467
2008,11,9,54779,-0.532908,1.26e-05,65.716908
2008,11,10,54780,-0.5345106,1.27e-05,65.7185106
2008,11,11,54781,-0.5361734,1.27e-05,65.7201734
2008,11,12,54782,-0.5377799,1.29e-05,65.7217799
2008,11,13,54783,-0.5391985,1.3e-05,65.7231985
2008,11,14,54784,-0.5403113,1.3e-05,65.7243113
2008,11,15,54785,-0.5411676,1.3e-05,65.72516759999999
2008,11,16,54786,-0.5419271,1.29e-05,65.72592709999999
2008,11,17,54787,-0.5427734,1.28e-05,65.7267734
2008,11,18,54788,-0.5438584,1.27e-05,65.7278584
2008,11,19,54789,-0.5452517,1.25e-05,65.72925169999999
2008,11,20,54790,-0.5469382,1.23e-05,65.7309382
2008,11,21,54791,-0.5487635,1.19e-05,65.7327635
2008,11,22,54792,-0.5506219,1.15e-05,65.7346219
2008,11,23,54793,-0.5524387,1.11e-05,65.7364387
2008,11,24,54794,-0.554143,1.08e-05,65.738143
2008,11,25,54795,-0.5556926,1.05e-05,65.7396926
2008,11,26,54796,-0.5570704,1.01e-05,65.7410704
2008,11,27,54797,-0.5582862,9.8e-06,65.7422862
2008,11,28,54798,-0.5593633,9.4e-06,65.7433633
2008,11,29,54799,-0.5603344,9.2e-06,65.7443344
2008,11,30,54800,-0.5612432,9e-06,65.7452432
2008,12,1,54801,-0.5621401,8.8e-06,65.74614009999999
2008,12,2,54802,-0.563079,8.6e-06,65.747079
2008,12,3,54803,-0.5641136,8.6e-06,65.7481136
2008,12,4,54804,-0.5652932,8.6e-06,65.7492932
2008,12,5,54805,-0.5666485,8.6e-06,65.7506485
2008,12,6,54806,-0.5681773,8.6e-06,65.7521773
2008,12,7,54807,-0.5698314,8.6e-06,65.7538314
2008,12,8,54808,-0.5715165,8.5e-06,65.7555165
2008,12,9,54809,-0.5731101,8.5e-06,65.75711009999999
2008,12,10,54810,-0.5744967,8.4e-06,65.7584967
2008,12,11,54811,-0.5756121,8.4e-06,65.7596121
2008,12,12,54812,-0.5764782,8.4e-06,65.7604782
2008,12,13,54813,-0.5772022,8.4e-06,65.7612022
2008,12,14,54814,-0.5779369,8.3e-06,65.7619369
2008,12,15,54815,-0.5788218,8.3e-06,65.7628218
2008,12,16,54816,-0.57993,8.3e-06,65.76393
2008,12,17,54817,-0.5812453,8.4e-06,65.7652453
2008,12,18,54818,-0.5826627,8.5e-06,65.7666627
2008,12,19,54819,-0.5841207,8.7e-06,65.7681207
2008,12,20,54820,-0.5855115,8.7e-06,65.7695115
2008,12,21,54821,-0.5867413,8.8e-06,65.7707413
2008,12,22,54822,-0.5877703,8.9e-06,65.7717703
2008,12,23,54823,-0.5885865,9e-06,65.7725865
2008,12,24,54824,-0.5891978,9e-06,65.77319779999999
2008,12,25,54825,-0.5896208,9e-06,65.7736208
2008,12,26,54826,-0.5898984,9e-06,65.7738984
2008,12,27,54827,-0.5901016,9e-06,65.7741016
2008,12,28,54828,-0.5903175,9e-06,65.7743175
2008,12,29,54829,-0.5906359,8.9e-06,65.77463589999999
2008,12,30,54830,-0.5911334,8.9e-06,65.7751334
2008,12,31,54831,-0.5918664,2.77e-05,65.7758664
2009,1,1,54832,0.4071576,4.5100000000000005e-05,65.77684239999999
2009,1,2,54833,0.405974,5.8200000000000005e-05,65.778026
2009,1,3,54834,0.4046727,5.84e-05,65.77932729999999
2009,1,4,54835,0.4033476,6.53e-05,65.7806524
2009,1,5,54836,0.4020746,4.56e-05,65.78192539999999
2009,1,6,54837,0.4009167,4.24e-05,65.7830833
2009,1,7,54838,0.3999293,5.35e-05,65.7840707
2009,1,8,54839,0.3992081999999999,5.6300000000000006e-05,65.7847918
2009,1,9,54840,0.3986768,4.3e-05,65.7853232
2009,1,10,54841,0.3981244,4.28e-05,65.7858756
2009,1,11,54842,0.3974702,5e-05,65.7865298
2009,1,12,54843,0.3965156,3.01e-05,65.7874844
2009,1,13,54844,0.3952868,2.11e-05,65.7887132
2009,1,14,54845,0.3938309,2.35e-05,65.7901691
2009,1,15,54846,0.3923164,2.2700000000000003e-05,65.7916836
2009,1,16,54847,0.3908872,2.14e-05,65.7931128
2009,1,17,54848,0.3896165,3.33e-05,65.7943835
2009,1,18,54849,0.3885582999999999,5.62e-05,65.7954417
2009,1,19,54850,0.3877765999999999,6.83e-05,65.7962234
2009,1,20,54851,0.3872767,2.33e-05,65.7967233
2009,1,21,54852,0.3869824,1.44e-05,65.7970176
2009,1,22,54853,0.386818,2.09e-05,65.79718199999999
2009,1,23,54854,0.3867777,2.69e-05,65.7972223
2009,1,24,54855,0.3867497,3.2300000000000006e-05,65.7972503
2009,1,25,54856,0.3866245,4.08e-05,65.7973755
2009,1,26,54857,0.3863369,3.75e-05,65.7976631
2009,1,27,54858,0.385868,4.5400000000000006e-05,65.798132
2009,1,28,54859,0.3851932,6.25e-05,65.7988068
2009,1,29,54860,0.3843678,6.79e-05,65.79963219999999
2009,1,30,54861,0.3834135,5.64e-05,65.8005865
2009,1,31,54862,0.3824439,4.86e-05,65.8015561
2009,2,1,54863,0.3815437,4.45e-05,65.8024563
2009,2,2,54864,0.3807136,3.27e-05,65.80328639999999
2009,2,3,54865,0.3800427,2.57e-05,65.8039573
2009,2,4,54866,0.379507,3.24e-05,65.804493
2009,2,5,54867,0.3790659,3.56e-05,65.8049341
2009,2,6,54868,0.3786287,2.37e-05,65.8053713
2009,2,7,54869,0.3780937,2.83e-05,65.8059063
2009,2,8,54870,0.3773351,4.4e-05,65.8066649
2009,2,9,54871,0.3763037,3.3799999999999995e-05,65.8076963
2009,2,10,54872,0.3750237,2.46e-05,65.8089763
2009,2,11,54873,0.3735832,3.12e-05,65.8104168
2009,2,12,54874,0.3721433,4.35e-05,65.81185669999999
2009,2,13,54875,0.3708811,2.92e-05,65.81311889999999
2009,2,14,54876,0.3699206,3.57e-05,65.8140794
2009,2,15,54877,0.3692113,5.38e-05,65.8147887
2009,2,16,54878,0.3686792,4.97e-05,65.8153208
2009,2,17,54879,0.3683044,3.53e-05,65.8156956
2009,2,18,54880,0.3680646,2.48e-05,65.8159354
2009,2,19,54881,0.3679049,2.96e-05,65.8160951
2009,2,20,54882,0.3677699,3.2200000000000003e-05,65.8162301
2009,2,21,54883,0.3676138,3.960000000000001e-05,65.8163862
2009,2,22,54884,0.367353,6.57e-05,65.816647
2009,2,23,54885,0.3668716,6.890000000000001e-05,65.8171284
2009,2,24,54886,0.3661517999999999,2.74e-05,65.8178482
2009,2,25,54887,0.3652167,1.76e-05,65.81878329999999
2009,2,26,54888,0.3640774,2.42e-05,65.8199226
2009,2,27,54889,0.362829,4.39e-05,65.82117099999999
2009,2,28,54890,0.3615635,6.08e-05,65.8224365
2009,3,1,54891,0.3603424999999999,5.4e-05,65.8236575
2009,3,2,54892,0.35921,2.59e-05,65.82479
2009,3,3,54893,0.3581956,1.74e-05,65.8258044
2009,3,4,54894,0.3573171,2.36e-05,65.8266829
2009,3,5,54895,0.3565502,4.68e-05,65.8274498
2009,3,6,54896,0.3557794999999999,3.6200000000000006e-05,65.8282205
2009,3,7,54897,0.3548782,4.22e-05,65.8291218
2009,3,8,54898,0.3537777,5.12e-05,65.8302223
2009,3,9,54899,0.3523969,4.21e-05,65.8316031
2009,3,10,54900,0.3507574,3.3799999999999995e-05,65.83324259999999
2009,3,11,54901,0.3490113999999999,2.66e-05,65.8349886
2009,3,12,54902,0.3472868,3.2099999999999994e-05,65.83671319999999
2009,3,13,54903,0.3456994,3.2200000000000003e-05,65.8383006
2009,3,14,54904,0.3443256,3.9800000000000005e-05,65.83967439999999
2009,3,15,54905,0.3431953,6.15e-05,65.84080469999999
2009,3,16,54906,0.3422760999999999,3.9800000000000005e-05,65.84172389999999
2009,3,17,54907,0.3415283,3.960000000000001e-05,65.8424717
2009,3,18,54908,0.3409211,5.92e-05,65.8430789
2009,3,19,54909,0.3403461,6.15e-05,65.84365389999999
2009,3,20,54910,0.3396985,5.73e-05,65.8443015
2009,3,21,54911,0.3389282,5.94e-05,65.8450718
2009,3,22,54912,0.3379253,6.12e-05,65.8460747
2009,3,23,54913,0.3366789,3.27e-05,65.8473211
2009,3,24,54914,0.3352198,2.28e-05,65.8487802
2009,3,25,54915,0.3336114,2.94e-05,65.8503886
2009,3,26,54916,0.3319485,4.55e-05,65.8520515
2009,3,27,54917,0.3302921,3.52e-05,65.8537079
2009,3,28,54918,0.3287176,3.88e-05,65.8552824
2009,3,29,54919,0.3273473,4.730000000000001e-05,65.8566527
2009,3,30,54920,0.3262211,2.37e-05,65.8577789
2009,3,31,54921,0.3252905,1.57e-05,65.8587095
2009,4,1,54922,0.3244862,2.08e-05,65.8595138
2009,4,2,54923,0.3237,3.99e-05,65.8603
2009,4,3,54924,0.3228216,3.2500000000000004e-05,65.8611784
2009,4,4,54925,0.3218045,3.3799999999999995e-05,65.8621955
2009,4,5,54926,0.3206131,4.5e-05,65.8633869
2009,4,6,54927,0.319164,3.810000000000001e-05,65.864836
2009,4,7,54928,0.3174907,2.7300000000000003e-05,65.8665093
2009,4,8,54929,0.3157027,3.26e-05,65.8682973
2009,4,9,54930,0.3139743,3.84e-05,65.8700257
2009,4,10,54931,0.3124016,3.93e-05,65.8715984
2009,4,11,54932,0.3110206,4.75e-05,65.87297939999999
2009,4,12,54933,0.3098580999999999,5.35e-05,65.8741419
2009,4,13,54934,0.3089233,6.28e-05,65.8750767
2009,4,14,54935,0.3081591,3.24e-05,65.8758409
2009,4,15,54936,0.3074346,2.04e-05,65.8765654
2009,4,16,54937,0.3066366,2.46e-05,65.8773634
2009,4,17,54938,0.3057445,3.58e-05,65.8782555
2009,4,18,54939,0.3047271,4.19e-05,65.8792729
2009,4,19,54940,0.3035552,4.28e-05,65.88044479999999
2009,4,20,54941,0.3021955,2.6e-05,65.8818045
2009,4,21,54942,0.3005908,1.9900000000000003e-05,65.8834092
2009,4,22,54943,0.298814,2.63e-05,65.885186
2009,4,23,54944,0.2969973,4.49e-05,65.8870027
2009,4,24,54945,0.2952516,4.35e-05,65.8887484
2009,4,25,54946,0.2936446,4.77e-05,65.8903554
2009,4,26,54947,0.2922334,4.7600000000000005e-05,65.8917666
2009,4,27,54948,0.2910333,2.99e-05,65.8929667
2009,4,28,54949,0.2899719,2.6200000000000003e-05,65.8940281
2009,4,29,54950,0.2889592,3.48e-05,65.8950408
2009,4,30,54951,0.2878987,3.31e-05,65.8961013
2009,5,1,54952,0.2867,3.6200000000000006e-05,65.8973
2009,5,2,54953,0.2852987,5.98e-05,65.8987013
2009,5,3,54954,0.2836857,5.92e-05,65.90031429999999
2009,5,4,54955,0.2819223,4.24e-05,65.90207769999999
2009,5,5,54956,0.2801313,4.31e-05,65.9038687
2009,5,6,54957,0.2784246999999999,4.3700000000000005e-05,65.9055753
2009,5,7,54958,0.276897,2.83e-05,65.90710299999999
2009,5,8,54959,0.2756341,3.16e-05,65.90836589999999
2009,5,9,54960,0.2746748,4.66e-05,65.9093252
2009,5,10,54961,0.273941,4.7e-05,65.910059
2009,5,11,54962,0.2733204,2.05e-05,65.9106796
2009,5,12,54963,0.2727703,1.54e-05,65.91122969999999
2009,5,13,54964,0.2722296,1.96e-05,65.9117704
2009,5,14,54965,0.2716377,3.2300000000000006e-05,65.9123623
2009,5,15,54966,0.2709349,2.4e-05,65.9130651
2009,5,16,54967,0.270083,3.51e-05,65.913917
2009,5,17,54968,0.2690976,6.03e-05,65.9149024
2009,5,18,54969,0.2679779,2.2e-05,65.91602209999999
2009,5,19,54970,0.2666988999999999,1.34e-05,65.9173011
2009,5,20,54971,0.2652491999999999,1.9800000000000004e-05,65.9187508
2009,5,21,54972,0.2637579,3.75e-05,65.9202421
2009,5,22,54973,0.2623687,3.2300000000000006e-05,65.9216313
2009,5,23,54974,0.2611614,3.84e-05,65.92283859999999
2009,5,24,54975,0.2601327,5.27e-05,65.9238673
2009,5,25,54976,0.2592559,5.58e-05,65.9247441
2009,5,26,54977,0.2584996,4.9000000000000005e-05,65.9255004
2009,5,27,54978,0.2577718,3.89e-05,65.9262282
2009,5,28,54979,0.2569309999999999,4.5100000000000005e-05,65.927069
2009,5,29,54980,0.2558835,4.24e-05,65.9281165
2009,5,30,54981,0.2546045,4.86e-05,65.9293955
2009,5,31,54982,0.2531635,6.379999999999999e-05,65.9308365
2009,6,1,54983,0.2517115,6.58e-05,65.9322885
2009,6,2,54984,0.2503576,4.07e-05,65.9336424
2009,6,3,54985,0.2491594,2.7300000000000003e-05,65.9348406
2009,6,4,54986,0.2481697,3.3799999999999995e-05,65.93583029999999
2009,6,5,54987,0.2474206,4.85e-05,65.9365794
2009,6,6,54988,0.2468891,5.03e-05,65.9371109
2009,6,7,54989,0.2465,5.58e-05,65.9375
2009,6,8,54990,0.2462238,2.85e-05,65.9377762
2009,6,9,54991,0.2459699,1.8100000000000003e-05,65.93803009999999
2009,6,10,54992,0.2456581,2.2700000000000003e-05,65.9383419
2009,6,11,54993,0.2452438,2.63e-05,65.9387562
2009,6,12,54994,0.2446586,3.2099999999999994e-05,65.9393414
2009,6,13,54995,0.2439187,5.87e-05,65.9400813
2009,6,14,54996,0.2430707,6.4e-05,65.9409293
2009,6,15,54997,0.2421522,4.12e-05,65.94184779999999
2009,6,16,54998,0.2411568,3.14e-05,65.9428432
2009,6,17,54999,0.2401155,3.99e-05,65.9438845
2009,6,18,55000,0.2391471,4.28e-05,65.9448529
2009,6,19,55001,0.238341,2.67e-05,65.94565899999999
2009,6,20,55002,0.237741,2.9000000000000004e-05,65.946259
2009,6,21,55003,0.2373373,5.08e-05,65.9466627
2009,6,22,55004,0.2371083,3.83e-05,65.9468917
2009,6,23,55005,0.236993,2.75e-05,65.947007
2009,6,24,55006,0.2368074,3.35e-05,65.9471926
2009,6,25,55007,0.2365164,4.59e-05,65.9474836
2009,6,26,55008,0.2360325,4.38e-05,65.9479675
2009,6,27,55009,0.2353692,5.35e-05,65.9486308
2009,6,28,55010,0.2346269,6.450000000000001e-05,65.9493731
2009,6,29,55011,0.2339324,3.5900000000000005e-05,65.9500676
2009,6,30,55012,0.2333888,2.47e-05,65.9506112
2009,7,1,55013,0.2330691,3.15e-05,65.9509309
2009,7,2,55014,0.233018,3.93e-05,65.950982
2009,7,3,55015,0.2331571999999999,4.77e-05,65.9508428
2009,7,4,55016,0.2334225,6.2e-05,65.9505775
2009,7,5,55017,0.2337932999999999,5.38e-05,65.9502067
2009,7,6,55018,0.2342177,3.33e-05,65.9497823
2009,7,7,55019,0.2346221,2.2700000000000003e-05,65.9493779
2009,7,8,55020,0.2349389,2.9000000000000004e-05,65.9490611
2009,7,9,55021,0.2351266,4.89e-05,65.9488734
2009,7,10,55022,0.2351892,4.36e-05,65.9488108
2009,7,11,55023,0.2351179,5.11e-05,65.94888209999999
2009,7,12,55024,0.2348945,6.14e-05,65.9491055
2009,7,13,55025,0.2345864,4.35e-05,65.9494136
2009,7,14,55026,0.2342843,3.35e-05,65.9497157
2009,7,15,55027,0.2339892,4.25e-05,65.9500108
2009,7,16,55028,0.2337753,4.74e-05,65.95022469999999
2009,7,17,55029,0.233727,3.46e-05,65.950273
2009,7,18,55030,0.2338087999999999,3.87e-05,65.95019119999999
2009,7,19,55031,0.2339512,5.91e-05,65.95004879999999
2009,7,20,55032,0.2340928,4.81e-05,65.9499072
2009,7,21,55033,0.2341639,2.64e-05,65.9498361
2009,7,22,55034,0.2340936,1.92e-05,65.9499064
2009,7,23,55035,0.2338077999999999,2.82e-05,65.9501922
2009,7,24,55036,0.2332872,3.95e-05,65.95071279999999
2009,7,25,55037,0.2325774,4.3200000000000007e-05,65.9514226
2009,7,26,55038,0.2318151,5.88e-05,65.95218489999999
2009,7,27,55039,0.2311163,4.3200000000000007e-05,65.9528837
2009,7,28,55040,0.2305573,3.57e-05,65.9534427
2009,7,29,55041,0.230232,4.1e-05,65.953768
2009,7,30,55042,0.2301558,4.66e-05,65.95384419999999
2009,7,31,55043,0.2303013,4.03e-05,65.9536987
2009,8,1,55044,0.2305808,4.77e-05,65.9534192
2009,8,2,55045,0.2309276999999999,6.41e-05,65.9530723
2009,8,3,55046,0.2312186,4.66e-05,65.95278139999999
2009,8,4,55047,0.2313929,3.6e-05,65.9526071
2009,8,5,55048,0.2314601,4.41e-05,65.95253989999999
2009,8,6,55049,0.2313619,4.77e-05,65.9526381
2009,8,7,55050,0.2310531,3.2099999999999994e-05,65.9529469
2009,8,8,55051,0.2305975,3.78e-05,65.9534025
2009,8,9,55052,0.2300193999999999,5.36e-05,65.9539806
2009,8,10,55053,0.2293569,4.730000000000001e-05,65.9546431
2009,8,11,55054,0.2287055,4.8e-05,65.9552945
2009,8,12,55055,0.2281561,6.35e-05,65.95584389999999
2009,8,13,55056,0.2277777,5.21e-05,65.9562223
2009,8,14,55057,0.2275965,3.5000000000000004e-05,65.9564035
2009,8,15,55058,0.2275889,4.19e-05,65.9564111
2009,8,16,55059,0.2276695,6.09e-05,65.95633049999999
2009,8,17,55060,0.2277297,5.18e-05,65.9562703
2009,8,18,55061,0.2276236,3.95e-05,65.9563764
2009,8,19,55062,0.2272242,4.78e-05,65.9567758
2009,8,20,55063,0.2265611,6.25e-05,65.9574389
2009,8,21,55064,0.225671,4.81e-05,65.95832899999999
2009,8,22,55065,0.2246673,4.72e-05,65.9593327
2009,8,23,55066,0.223722,6.19e-05,65.960278
2009,8,24,55067,0.2229074,4.43e-05,65.9610926
2009,8,25,55068,0.2223059,3.84e-05,65.9616941
2009,8,26,55069,0.2219266,5.19e-05,65.9620734
2009,8,27,55070,0.2217221,6.379999999999999e-05,65.9622779
2009,8,28,55071,0.221632,5.89e-05,65.962368
2009,8,29,55072,0.2215747,6.610000000000001e-05,65.96242529999999
2009,8,30,55073,0.2215041,7.06e-05,65.9624959
2009,8,31,55074,0.2213814,4.05e-05,65.9626186
2009,9,1,55075,0.2211613999999999,2.69e-05,65.9628386
2009,9,2,55076,0.2207808,3.49e-05,65.9632192
2009,9,3,55077,0.2202247,5.61e-05,65.9637753
2009,9,4,55078,0.219498,4.340000000000001e-05,65.964502
2009,9,5,55079,0.218624,4.8e-05,65.96537599999999
2009,9,6,55080,0.2176694,5.61e-05,65.96633059999999
2009,9,7,55081,0.2167268,5.55e-05,65.9672732
2009,9,8,55082,0.2158642,3.39e-05,65.9681358
2009,9,9,55083,0.215156,2.34e-05,65.968844
2009,9,10,55084,0.2146383,2.8400000000000003e-05,65.9693617
2009,9,11,55085,0.2142894,3.78e-05,65.9697106
2009,9,12,55086,0.2140299,4.21e-05,65.9699701
2009,9,13,55087,0.2137372,5.81e-05,65.9702628
2009,9,14,55088,0.2133058,3.6e-05,65.9706942
2009,9,15,55089,0.2126827,2.48e-05,65.9713173
2009,9,16,55090,0.2118068,3.24e-05,65.97219319999999
2009,9,17,55091,0.2106605,5.34e-05,65.9733395
2009,9,18,55092,0.2093297,4.05e-05,65.9746703
2009,9,19,55093,0.2079719,4.29e-05,65.9760281
2009,9,20,55094,0.2067042999999999,5.75e-05,65.9772957
2009,9,21,55095,0.2056194,4.52e-05,65.9783806
2009,9,22,55096,0.2048252,3.93e-05,65.9791748
2009,9,23,55097,0.2042898,5.18e-05,65.9797102
2009,9,24,55098,0.2039116,4.83e-05,65.9800884
2009,9,25,55099,0.2036108,2.99e-05,65.98038919999999
2009,9,26,55100,0.2033421,3.52e-05,65.9806579
2009,9,27,55101,0.2030629,4.91e-05,65.98093709999999
2009,9,28,55102,0.2026874,2.9100000000000003e-05,65.9813126
2009,9,29,55103,0.202098,1.87e-05,65.98190199999999
2009,9,30,55104,0.2012313,2.39e-05,65.9827687
2009,10,1,55105,0.2001257,4.59e-05,65.9838743
2009,10,2,55106,0.1988894,3.78e-05,65.9851106
2009,10,3,55107,0.1976031,3.78e-05,65.9863969
2009,10,4,55108,0.196273,5.27e-05,65.98772699999999
2009,10,5,55109,0.1950065,5.1e-05,65.98899349999999
2009,10,6,55110,0.1939067,4.23e-05,65.9900933
2009,10,7,55111,0.1929687,4.58e-05,65.9910313
2009,10,8,55112,0.1922077999999999,4.19e-05,65.99179219999999
2009,10,9,55113,0.1915874,2.8400000000000003e-05,65.9924126
2009,10,10,55114,0.1909997,3.49e-05,65.99300029999999
2009,10,11,55115,0.1903863,5.51e-05,65.9936137
2009,10,12,55116,0.1896804,4.38e-05,65.9943196
2009,10,13,55117,0.1887434,3.31e-05,65.99525659999999
2009,10,14,55118,0.1875469,2.55e-05,65.9964531
2009,10,15,55119,0.1861589,2.98e-05,65.9978411
2009,10,16,55120,0.1846774,2.83e-05,65.9993226
2009,10,17,55121,0.1832093,3.13e-05,66.0007907
2009,10,18,55122,0.1818805,5.15e-05,66.00211949999999
2009,10,19,55123,0.1807778,5.27e-05,66.0032222
2009,10,20,55124,0.1798922,4.58e-05,66.0041078
2009,10,21,55125,0.179181,4.52e-05,66.004819
2009,10,22,55126,0.1785809,4.83e-05,66.0054191
2009,10,23,55127,0.1780241,4.13e-05,66.0059759
2009,10,24,55128,0.1774895,4.83e-05,66.0065105
2009,10,25,55129,0.1769323,5.89e-05,66.0070677
2009,10,26,55130,0.1762274,2.78e-05,66.0077726
2009,10,27,55131,0.1753318999999999,1.7899999999999998e-05,66.0086681
2009,10,28,55132,0.174266,2.32e-05,66.009734
2009,10,29,55133,0.1730896999999999,4.06e-05,66.01091029999999
2009,10,30,55134,0.1718481,3.06e-05,66.01215189999999
2009,10,31,55135,0.1705715,3.4200000000000005e-05,66.0134285
2009,11,1,55136,0.1693252,4.82e-05,66.0146748
2009,11,2,55137,0.1681899,3.36e-05,66.0158101
2009,11,3,55138,0.1672155,2.26e-05,66.0167845
2009,11,4,55139,0.1663927,2.61e-05,66.0176073
2009,11,5,55140,0.1656782,3.55e-05,66.0183218
2009,11,6,55141,0.1650247,2.42e-05,66.0189753
2009,11,7,55142,0.1643591,2.87e-05,66.0196409
2009,11,8,55143,0.1636044,3.85e-05,66.0203956
2009,11,9,55144,0.1627109,3.6e-05,66.0212891
2009,11,10,55145,0.1616785,3.2500000000000004e-05,66.0223215
2009,11,11,55146,0.1604443,3.61e-05,66.0235557
2009,11,12,55147,0.1591099,4.17e-05,66.0248901
2009,11,13,55148,0.1578028,3.9800000000000005e-05,66.0261972
2009,11,14,55149,0.1566526,3.91e-05,66.0273474
2009,11,15,55150,0.1557107,4.28e-05,66.0282893
2009,11,16,55151,0.1549674,2.7e-05,66.0290326
2009,11,17,55152,0.1544057,1.7899999999999998e-05,66.0295943
2009,11,18,55153,0.1539348,2.26e-05,66.0300652
2009,11,19,55154,0.1535405,4.57e-05,66.03045949999999
2009,11,20,55155,0.153197,4.74e-05,66.03080299999999
2009,11,21,55156,0.1527786,4.65e-05,66.03122139999999
2009,11,22,55157,0.1521625,4.7e-05,66.0318375
2009,11,23,55158,0.1513066,3.55e-05,66.0326934
2009,11,24,55159,0.1502889999999999,2.63e-05,66.033711
2009,11,25,55160,0.1491477,3.2099999999999994e-05,66.0348523
2009,11,26,55161,0.147898,5.61e-05,66.036102
2009,11,27,55162,0.1465624,7.149999999999999e-05,66.0374376
2009,11,28,55163,0.1452134,6.14e-05,66.0387866
2009,11,29,55164,0.143951,4.19e-05,66.040049
2009,11,30,55165,0.1428394,2.29e-05,66.0411606
2009,12,1,55166,0.1419477,1.6100000000000002e-05,66.0420523
2009,12,2,55167,0.1412392999999999,2.08e-05,66.0427607
2009,12,3,55168,0.1406037,4.2e-05,66.0433963
2009,12,4,55169,0.1399429,4.3700000000000005e-05,66.0440571
2009,12,5,55170,0.1391732,3.95e-05,66.0448268
2009,12,6,55171,0.1382419,3.48e-05,66.0457581
2009,12,7,55172,0.1371263999999999,2.48e-05,66.0468736
2009,12,8,55173,0.1358335,1.7899999999999998e-05,66.0481665
2009,12,9,55174,0.1344071,2.3800000000000003e-05,66.0495929
2009,12,10,55175,0.1330066,3.93e-05,66.0509934
2009,12,11,55176,0.1317627,2.9000000000000004e-05,66.0522373
2009,12,12,55177,0.1307325,3.08e-05,66.0532675
2009,12,13,55178,0.1298972,3.72e-05,66.0541028
2009,12,14,55179,0.1291983,3.7e-05,66.0548017
2009,12,15,55180,0.1285928,3.810000000000001e-05,66.05540719999999
2009,12,16,55181,0.1280176999999999,4.48e-05,66.0559823
2009,12,17,55182,0.1274134,4.81e-05,66.0565866
2009,12,18,55183,0.1267537,6.14e-05,66.0572463
2009,12,19,55184,0.1260165,4.89e-05,66.05798349999999
2009,12,20,55185,0.1251296,3.86e-05,66.0588704
2009,12,21,55186,0.1240639,2.82e-05,66.0599361
2009,12,22,55187,0.1228472,1.95e-05,66.0611528
2009,12,23,55188,0.1215294,2.41e-05,66.0624706
2009,12,24,55189,0.1201995,4.61e-05,66.0638005
2009,12,25,55190,0.1189617999999999,6.87e-05,66.0650382
2009,12,26,55191,0.1178151,5.7e-05,66.0661849
2009,12,27,55192,0.1167822,5.12e-05,66.0672178
2009,12,28,55193,0.11592,3.66e-05,66.06808
2009,12,29,55194,0.1152871,2.57e-05,66.0687129
2009,12,30,55195,0.1148623999999999,4.1e-05,66.06913759999999
2009,12,31,55196,0.114501,9.71e-05,66.069499
2010,1,1,55197,0.1140681,0.0001493,66.0699319
2010,1,2,55198,0.1134411999999999,8.350000000000001e-05,66.0705588
2010,1,3,55199,0.1125138,6.800000000000001e-05,66.0714862
2010,1,4,55200,0.111375,2.04e-05,66.072625
2010,1,5,55201,0.1100189,1.17e-05,66.0739811
2010,1,6,55202,0.1086128,1.52e-05,66.0753872
2010,1,7,55203,0.1073321,3.3799999999999995e-05,66.0766679
2010,1,8,55204,0.1062497,2.71e-05,66.07775029999999
2010,1,9,55205,0.1054008999999999,3.74e-05,66.07859909999999
2010,1,10,55206,0.1048169,5.18e-05,66.0791831
2010,1,11,55207,0.1044309,2.1600000000000003e-05,66.0795691
2010,1,12,55208,0.1041373,1.3e-05,66.07986269999999
2010,1,13,55209,0.1038723,1.67e-05,66.08012769999999
2010,1,14,55210,0.1036256,2.78e-05,66.0803744
2010,1,15,55211,0.1033177,1.89e-05,66.08068229999999
2010,1,16,55212,0.1028609,2.76e-05,66.0811391
2010,1,17,55213,0.1022126,5.66e-05,66.0817874
2010,1,18,55214,0.101383,6.37e-05,66.082617
2010,1,19,55215,0.1004144,7.8e-05,66.08358559999999
2010,1,20,55216,0.0994225,1.01e-05,66.0845775
2010,1,21,55217,0.0984004,1.14e-05,66.0855996
2010,1,22,55218,0.0973873,2.4500000000000003e-05,66.0866127
2010,1,23,55219,0.0964107999999999,3.9800000000000005e-05,66.0875892
2010,1,24,55220,0.0955098,5.73e-05,66.0884902
2010,1,25,55221,0.0947296,5.02e-05,66.0892704
2010,1,26,55222,0.0940756,5.75e-05,66.0899244
2010,1,27,55223,0.0935199,0.0001054,66.0904801
2010,1,28,55224,0.0929303,7.02e-05,66.09106969999999
2010,1,29,55225,0.0920971,4.1e-05,66.0919029
2010,1,30,55226,0.0909996,5.38e-05,66.0930004
2010,1,31,55227,0.0895968,6.460000000000001e-05,66.0944032
2010,2,1,55228,0.0878777,2.79e-05,66.09612229999999
2010,2,2,55229,0.0859846,1.7500000000000002e-05,66.0980154
2010,2,3,55230,0.0841061,2.28e-05,66.0998939
2010,2,4,55231,0.0824037,6.35e-05,66.1015963
2010,2,5,55232,0.0809912,8.269999999999999e-05,66.1030088
2010,2,6,55233,0.0798475,6.1e-05,66.1041525
2010,2,7,55234,0.0789142999999999,4.46e-05,66.1050857
2010,2,8,55235,0.0781565999999999,1.9800000000000004e-05,66.1058434
2010,2,9,55236,0.0775394,1.23e-05,66.10646059999999
2010,2,10,55237,0.0769736,1.37e-05,66.1070264
2010,2,11,55238,0.0763743,2.13e-05,66.1076257
2010,2,12,55239,0.0756517999999999,2.69e-05,66.1083482
2010,2,13,55240,0.0747517,3.810000000000001e-05,66.1092483
2010,2,14,55241,0.0736816,5.8500000000000006e-05,66.1103184
2010,2,15,55242,0.0724617999999999,5.25e-05,66.1115382
2010,2,16,55243,0.0710934,1.1e-05,66.1129066
2010,2,17,55244,0.0695888,1.15e-05,66.11441119999999
2010,2,18,55245,0.0680323999999999,1.52e-05,66.11596759999999
2010,2,19,55246,0.0665676,1.85e-05,66.1174324
2010,2,20,55247,0.0652052,2.77e-05,66.1187948
2010,2,21,55248,0.0639561,4.5400000000000006e-05,66.1200439
2010,2,22,55249,0.0628322,2.1600000000000003e-05,66.1211678
2010,2,23,55250,0.0618202,1.34e-05,66.1221798
2010,2,24,55251,0.0608424,1.7100000000000002e-05,66.1231576
2010,2,25,55252,0.0597599,3.91e-05,66.1242401
2010,2,26,55253,0.0584598,3.960000000000001e-05,66.1255402
2010,2,27,55254,0.0568936,5.39e-05,66.1271064
2010,2,28,55255,0.055033,6.560000000000001e-05,66.128967
2010,3,1,55256,0.0529831999999999,2.88e-05,66.1310168
2010,3,2,55257,0.0509209,1.85e-05,66.1330791
2010,3,3,55258,0.0490291,2.33e-05,66.1349709
2010,3,4,55259,0.0473894,4.8e-05,66.1366106
2010,3,5,55260,0.0460212999999999,4.02e-05,66.13797869999999
2010,3,6,55261,0.0449191,4.75e-05,66.1390809
2010,3,7,55262,0.0440256,5.13e-05,66.1399744
2010,3,8,55263,0.0432576,2.61e-05,66.1407424
2010,3,9,55264,0.0424582,1.7100000000000002e-05,66.1415418
2010,3,10,55265,0.041551,2.1600000000000003e-05,66.142449
2010,3,11,55266,0.0405968,3.960000000000001e-05,66.1434032
2010,3,12,55267,0.0395876,2.7300000000000003e-05,66.1444124
2010,3,13,55268,0.0384749,3.77e-05,66.1455251
2010,3,14,55269,0.0373622,5.47e-05,66.1466378
2010,3,15,55270,0.0362579,6.05e-05,66.1477421
2010,3,16,55271,0.0350798,6.83e-05,66.14892019999999
2010,3,17,55272,0.0338204,6.73e-05,66.1501796
2010,3,18,55273,0.0325868,5.79e-05,66.1514132
2010,3,19,55274,0.0314854,5.59e-05,66.1525146
2010,3,20,55275,0.0305703,5.73e-05,66.1534297
2010,3,21,55276,0.0298318,5.88e-05,66.1541682
2010,3,22,55277,0.0292255,6.27e-05,66.1547745
2010,3,23,55278,0.0286739,6.2e-05,66.1553261
2010,3,24,55279,0.0280534,1.58e-05,66.1559466
2010,3,25,55280,0.0272573,2.4400000000000004e-05,66.1567427
2010,3,26,55281,0.0261311,1.7000000000000003e-05,66.1578689
2010,3,27,55282,0.0246664,2.37e-05,66.1593336
2010,3,28,55283,0.0229418,3.4000000000000007e-05,66.1610582
2010,3,29,55284,0.0210291,2.75e-05,66.16297089999999
2010,3,30,55285,0.0190501,1.76e-05,66.1649499
2010,3,31,55286,0.0172153,2.08e-05,66.1667847
2010,4,1,55287,0.0157173,3.49e-05,66.16828269999999
2010,4,2,55288,0.0145508,4.78e-05,66.1694492
2010,4,3,55289,0.0136385,5.5e-05,66.1703615
2010,4,4,55290,0.0128515,6.26e-05,66.1711485
2010,4,5,55291,0.0120742,5.9900000000000006e-05,66.1719258
2010,4,6,55292,0.011219,1.63e-05,66.172781
2010,4,7,55293,0.0102382,1.7100000000000002e-05,66.1737618
2010,4,8,55294,0.0091173,2.2700000000000003e-05,66.1748827
2010,4,9,55295,0.0078666,2.7e-05,66.1761334
2010,4,10,55296,0.0064993,3.63e-05,66.1775007
2010,4,11,55297,0.0050467,4.28e-05,66.1789533
2010,4,12,55298,0.0035266,3.7e-05,66.1804734
2010,4,13,55299,0.0019536,3.53e-05,66.1820464
2010,4,14,55300,0.0003931,4.89e-05,66.1836069
2010,4,15,55301,-0.0011064,5.61e-05,66.1851064
2010,4,16,55302,-0.0024757,4.94e-05,66.1864757
2010,4,17,55303,-0.0036859,4.25e-05,66.18768589999999
2010,4,18,55304,-0.0047792,3.5900000000000005e-05,66.1887792
2010,4,19,55305,-0.0058118,3.46e-05,66.1898118
2010,4,20,55306,-0.0068541,3.06e-05,66.1908541
2010,4,21,55307,-0.0080111,3.97e-05,66.1920111
2010,4,22,55308,-0.0093837,5.62e-05,66.1933837
2010,4,23,55309,-0.0109757,4.01e-05,66.1949757
2010,4,24,55310,-0.0127469,4.18e-05,66.1967469
2010,4,25,55311,-0.0146247,4.79e-05,66.1986247
2010,4,26,55312,-0.0164928,4.22e-05,66.20049279999999
2010,4,27,55313,-0.0183002,3.29e-05,66.2023002
2010,4,28,55314,-0.0199364,4.31e-05,66.2039364
2010,4,29,55315,-0.0212861,6.02e-05,66.2052861
2010,4,30,55316,-0.0223463,4.11e-05,66.20634629999999
2010,5,1,55317,-0.0231693,4.65e-05,66.2071693
2010,5,2,55318,-0.0238258,5.6e-05,66.2078258
2010,5,3,55319,-0.0243904,3.01e-05,66.2083904
2010,5,4,55320,-0.0249144,2.02e-05,66.2089144
2010,5,5,55321,-0.0254739,2.56e-05,66.20947389999999
2010,5,6,55322,-0.0261087,4.7100000000000006e-05,66.21010869999999
2010,5,7,55323,-0.0268358,4.1e-05,66.2108358
2010,5,8,55324,-0.027712,4.64e-05,66.21171199999999
2010,5,9,55325,-0.0287558,4.66e-05,66.2127558
2010,5,10,55326,-0.0299218,2.63e-05,66.2139218
2010,5,11,55327,-0.0311466,1.8100000000000003e-05,66.2151466
2010,5,12,55328,-0.0323484,2.35e-05,66.2163484
2010,5,13,55329,-0.0334194,4.36e-05,66.2174194
2010,5,14,55330,-0.0342962,3.3799999999999995e-05,66.2182962
2010,5,15,55331,-0.0350046,3.85e-05,66.21900459999999
2010,5,16,55332,-0.0356554,5.1e-05,66.2196554
2010,5,17,55333,-0.0363505,2.74e-05,66.2203505
2010,5,18,55334,-0.0371623,1.87e-05,66.2211623
2010,5,19,55335,-0.0382166,2.43e-05,66.2222166
2010,5,20,55336,-0.03952,4.39e-05,66.22352
2010,5,21,55337,-0.0410201,3.2e-05,66.2250201
2010,5,22,55338,-0.0426808,3.7900000000000006e-05,66.2266808
2010,5,23,55339,-0.0443783,6.07e-05,66.2283783
2010,5,24,55340,-0.0459264,7.33e-05,66.2299264
2010,5,25,55341,-0.0472379,4.02e-05,66.2312379
2010,5,26,55342,-0.0482676,2.68e-05,66.2322676
2010,5,27,55343,-0.0490972,3.13e-05,66.2330972
2010,5,28,55344,-0.0498038,3.47e-05,66.2338038
2010,5,29,55345,-0.0503567,4.1e-05,66.23435669999999
2010,5,30,55346,-0.0507621,5.03e-05,66.2347621
2010,5,31,55347,-0.0511263,5.61e-05,66.2351263
2010,6,1,55348,-0.0515854,4.52e-05,66.23558539999999
2010,6,2,55349,-0.0521635,3.24e-05,66.2361635
2010,6,3,55350,-0.0528429,3.73e-05,66.2368429
2010,6,4,55351,-0.0535783,3.74e-05,66.2375783
2010,6,5,55352,-0.0543195,4.4e-05,66.2383195
2010,6,6,55353,-0.0550396,5.21e-05,66.2390396
2010,6,7,55354,-0.0556929,5.03e-05,66.2396929
2010,6,8,55355,-0.0562247,4.49e-05,66.2402247
2010,6,9,55356,-0.0566790999999999,5.8200000000000005e-05,66.2406791
2010,6,10,55357,-0.0569918,5.84e-05,66.2409918
2010,6,11,55358,-0.0571711,3.83e-05,66.2411711
2010,6,12,55359,-0.0572523,4.41e-05,66.2412523
2010,6,13,55360,-0.0573103,5.2400000000000007e-05,66.2413103
2010,6,14,55361,-0.0574101,2.88e-05,66.2414101
2010,6,15,55362,-0.057603,1.97e-05,66.241603
2010,6,16,55363,-0.0579635,2.67e-05,66.2419635
2010,6,17,55364,-0.0584748,3.66e-05,66.2424748
2010,6,18,55365,-0.0590966,3.29e-05,66.2430966
2010,6,19,55366,-0.0597393,4.58e-05,66.2437393
2010,6,20,55367,-0.0602119,4.39e-05,66.2442119
2010,6,21,55368,-0.0604302,3.46e-05,66.2444302
2010,6,22,55369,-0.0604078,2.57e-05,66.24440779999999
2010,6,23,55370,-0.06017,3.54e-05,66.24417
2010,6,24,55371,-0.0597261,6.460000000000001e-05,66.2437261
2010,6,25,55372,-0.0591381,6.18e-05,66.2431381
2010,6,26,55373,-0.0585201,6.3e-05,66.2425201
2010,6,27,55374,-0.0579482,4.45e-05,66.2419482
2010,6,28,55375,-0.0574585,3.47e-05,66.2414585
2010,6,29,55376,-0.0571084,3.15e-05,66.2411084
2010,6,30,55377,-0.0569441,4.35e-05,66.2409441
2010,7,1,55378,-0.0568663,6.52e-05,66.2408663
2010,7,2,55379,-0.0568375,5.06e-05,66.2408375
2010,7,3,55380,-0.0568776999999999,4.74e-05,66.2408777
2010,7,4,55381,-0.0569133,5.56e-05,66.2409133
2010,7,5,55382,-0.0568744,6.39e-05,66.2408744
2010,7,6,55383,-0.0566942999999999,4.61e-05,66.2406943
2010,7,7,55384,-0.0563341,3.6200000000000006e-05,66.2403341
2010,7,8,55385,-0.0558291,3.9800000000000005e-05,66.2398291
2010,7,9,55386,-0.055227,3.04e-05,66.239227
2010,7,10,55387,-0.0546084,4.07e-05,66.2386084
2010,7,11,55388,-0.054068,4.84e-05,66.238068
2010,7,12,55389,-0.0536743,2.93e-05,66.2376743
2010,7,13,55390,-0.0534864,2.04e-05,66.2374864
2010,7,14,55391,-0.0535348,2.9000000000000004e-05,66.23753479999999
2010,7,15,55392,-0.0537596,6.769999999999999e-05,66.2377596
2010,7,16,55393,-0.0540881,8.13e-05,66.2380881
2010,7,17,55394,-0.0544146,8.52e-05,66.2384146
2010,7,18,55395,-0.0545963,7.9e-05,66.2385963
2010,7,19,55396,-0.0546413,6.62e-05,66.2386413
2010,7,20,55397,-0.0544544,6.47e-05,66.2384544
2010,7,21,55398,-0.05404,7.04e-05,66.23804
2010,7,22,55399,-0.0534055,5.76e-05,66.2374055
2010,7,23,55400,-0.0526227,4.3e-05,66.2366227
2010,7,24,55401,-0.0518675,4.59e-05,66.2358675
2010,7,25,55402,-0.0511706,6.28e-05,66.2351706
2010,7,26,55403,-0.0506008,5.6300000000000006e-05,66.2346008
2010,7,27,55404,-0.0502,4.730000000000001e-05,66.2342
2010,7,28,55405,-0.0499592,5.95e-05,66.2339592
2010,7,29,55406,-0.0498367,6.81e-05,66.2338367
2010,7,30,55407,-0.0497781,5.58e-05,66.2337781
2010,7,31,55408,-0.0496993,6.68e-05,66.2336993
2010,8,1,55409,-0.0495394,7.89e-05,66.2335394
2010,8,2,55410,-0.0492866,4.16e-05,66.2332866
2010,8,3,55411,-0.0489503,2.94e-05,66.2329503
2010,8,4,55412,-0.0485733,4.66e-05,66.2325733
2010,8,5,55413,-0.0481333,6.36e-05,66.2321333
2010,8,6,55414,-0.0476802,4.29e-05,66.2316802
2010,8,7,55415,-0.0472937,5.03e-05,66.2312937
2010,8,8,55416,-0.0470486,7.59e-05,66.2310486
2010,8,9,55417,-0.0470499,4.92e-05,66.2310499
2010,8,10,55418,-0.0473544,3.58e-05,66.2313544
2010,8,11,55419,-0.0479683,5.2e-05,66.23196829999999
2010,8,12,55420,-0.0487064,4.74e-05,66.2327064
2010,8,13,55421,-0.0494375,3.43e-05,66.2334375
2010,8,14,55422,-0.0500624,5.2900000000000005e-05,66.2340624
2010,8,15,55423,-0.0504669,7.97e-05,66.2344669
2010,8,16,55424,-0.0506278,5.62e-05,66.2346278
2010,8,17,55425,-0.0505351,4.64e-05,66.2345351
2010,8,18,55426,-0.0502524,6.49e-05,66.2342524
2010,8,19,55427,-0.0498658,8.85e-05,66.2338658
2010,8,20,55428,-0.0494676,8.15e-05,66.2334676
2010,8,21,55429,-0.0491535,8.97e-05,66.2331535
2010,8,22,55430,-0.0489458,9.15e-05,66.2329458
2010,8,23,55431,-0.0489118,5.42e-05,66.2329118
2010,8,24,55432,-0.0490418,3.55e-05,66.2330418
2010,8,25,55433,-0.0492718,4.28e-05,66.2332718
2010,8,26,55434,-0.0495982,7.39e-05,66.2335982
2010,8,27,55435,-0.0499956,5.91e-05,66.2339956
2010,8,28,55436,-0.0503451,6.83e-05,66.2343451
2010,8,29,55437,-0.050615,7.37e-05,66.23461499999999
2010,8,30,55438,-0.0508116,2.9100000000000003e-05,66.2348116
2010,8,31,55439,-0.050905,2e-05,66.234905
2010,9,1,55440,-0.0509028,2.86e-05,66.2349028
2010,9,2,55441,-0.0508201,7.12e-05,66.2348201
2010,9,3,55442,-0.0507293,8.81e-05,66.2347293
2010,9,4,55443,-0.0507277,0.0001027,66.2347277
2010,9,5,55444,-0.0508703999999999,0.0001068,66.23487039999999
2010,9,6,55445,-0.0512435,0.0001037,66.2352435
2010,9,7,55446,-0.0519086,5.48e-05,66.2359086
2010,9,8,55447,-0.0528492,3.85e-05,66.2368492
2010,9,9,55448,-0.0539494,4.96e-05,66.23794939999999
2010,9,10,55449,-0.0549635,4.5100000000000005e-05,66.2389635
2010,9,11,55450,-0.0557543999999999,5.52e-05,66.2397544
2010,9,12,55451,-0.0562918,7.21e-05,66.2402918
2010,9,13,55452,-0.0565707,5.32e-05,66.24057069999999
2010,9,14,55453,-0.0565458,4.23e-05,66.24054579999999
2010,9,15,55454,-0.0564114,5.3e-05,66.2404114
2010,9,16,55455,-0.0563012,7.6e-05,66.24030119999999
2010,9,17,55456,-0.0561969,6.3e-05,66.2401969
2010,9,18,55457,-0.0561732999999999,6.69e-05,66.2401733
2010,9,19,55458,-0.0562961,8.85e-05,66.2402961
2010,9,20,55459,-0.0565569,6.66e-05,66.2405569
2010,9,21,55460,-0.0569087,4.95e-05,66.24090869999999
2010,9,22,55461,-0.0573173,6.25e-05,66.24131729999999
2010,9,23,55462,-0.0577796999999999,4.87e-05,66.2417797
2010,9,24,55463,-0.0582721999999999,3.2e-05,66.2422722
2010,9,25,55464,-0.0587318,4.87e-05,66.2427318
2010,9,26,55465,-0.0591541,7.52e-05,66.2431541
2010,9,27,55466,-0.0594762,4.5400000000000006e-05,66.2434762
2010,9,28,55467,-0.0596564,3.02e-05,66.24365639999999
2010,9,29,55468,-0.0597833,3.86e-05,66.2437833
2010,9,30,55469,-0.0598996,7.41e-05,66.24389959999999
2010,10,1,55470,-0.0600854,9.01e-05,66.2440854
2010,10,2,55471,-0.0604401,8.67e-05,66.24444009999999
2010,10,3,55472,-0.0611022,8.24e-05,66.24510219999999
2010,10,4,55473,-0.0621291999999999,5.62e-05,66.2461292
2010,10,5,55474,-0.0634764,4.2e-05,66.2474764
2010,10,6,55475,-0.0651025,5.61e-05,66.24910249999999
2010,10,7,55476,-0.0668165999999999,6.32e-05,66.2508166
2010,10,8,55477,-0.0684247,4.340000000000001e-05,66.25242469999999
2010,10,9,55478,-0.0698426,4.92e-05,66.2538426
2010,10,10,55479,-0.0710453,4.6e-05,66.25504529999999
2010,10,11,55480,-0.0720168,4.22e-05,66.2560168
2010,10,12,55481,-0.0728348,3.6e-05,66.2568348
2010,10,13,55482,-0.0735948,2.63e-05,66.25759479999999
2010,10,14,55483,-0.0743756,3.39e-05,66.2583756
2010,10,15,55484,-0.0752174,5.22e-05,66.2592174
2010,10,16,55485,-0.0761105,5.09e-05,66.2601105
2010,10,17,55486,-0.0770968,4.6e-05,66.2610968
2010,10,18,55487,-0.0781851,4.04e-05,66.2621851
2010,10,19,55488,-0.0793469,3.08e-05,66.2633469
2010,10,20,55489,-0.0806003,4.05e-05,66.2646003
2010,10,21,55490,-0.0818321,7.290000000000001e-05,66.2658321
2010,10,22,55491,-0.0829551,6.91e-05,66.2669551
2010,10,23,55492,-0.0839413,6.93e-05,66.2679413
2010,10,24,55493,-0.0847849,8.300000000000001e-05,66.2687849
2010,10,25,55494,-0.0855084,4.7600000000000005e-05,66.26950839999999
2010,10,26,55495,-0.0861202,3.2200000000000003e-05,66.2701202
2010,10,27,55496,-0.0866628,4.7e-05,66.2706628
2010,10,28,55497,-0.0872001999999999,0.0001031,66.2712002
2010,10,29,55498,-0.0878399,8.05e-05,66.2718399
2010,10,30,55499,-0.0886693,5.9e-05,66.2726693
2010,10,31,55500,-0.0897501,5.77e-05,66.2737501
2010,11,1,55501,-0.0911179999999999,6.03e-05,66.27511799999999
2010,11,2,55502,-0.0927264,3.95e-05,66.2767264
2010,11,3,55503,-0.0944586999999999,3.14e-05,66.2784587
2010,11,4,55504,-0.096159,4.72e-05,66.280159
2010,11,5,55505,-0.0977148,4.78e-05,66.2817148
2010,11,6,55506,-0.0990741,4.87e-05,66.2830741
2010,11,7,55507,-0.1001672,4.8e-05,66.2841672
2010,11,8,55508,-0.1009818,4.62e-05,66.2849818
2010,11,9,55509,-0.1016653,4.59e-05,66.28566529999999
2010,11,10,55510,-0.1022656,6.450000000000001e-05,66.2862656
2010,11,11,55511,-0.1028537,7.37e-05,66.2868537
2010,11,12,55512,-0.1035282,4.91e-05,66.2875282
2010,11,13,55513,-0.1043572,5.4300000000000005e-05,66.2883572
2010,11,14,55514,-0.1053448,5.4e-05,66.2893448
2010,11,15,55515,-0.1064317,3.51e-05,66.2904317
2010,11,16,55516,-0.1075892,2.54e-05,66.2915892
2010,11,17,55517,-0.1087842,3.66e-05,66.2927842
2010,11,18,55518,-0.1099108,7.41e-05,66.29391079999999
2010,11,19,55519,-0.1109061,5.78e-05,66.29490609999999
2010,11,20,55520,-0.1117385,5.19e-05,66.2957385
2010,11,21,55521,-0.1124169,5.650000000000001e-05,66.2964169
2010,11,22,55522,-0.1129873,4.880000000000001e-05,66.2969873
2010,11,23,55523,-0.1134633,3.92e-05,66.2974633
2010,11,24,55524,-0.1139375,5.3e-05,66.2979375
2010,11,25,55525,-0.1145029,9.53e-05,66.2985029
2010,11,26,55526,-0.1152129,7.69e-05,66.2992129
2010,11,27,55527,-0.1161408,4.31e-05,66.3001408
2010,11,28,55528,-0.1173339,3.88e-05,66.3013339
2010,11,29,55529,-0.1186872,4.03e-05,66.3026872
2010,11,30,55530,-0.1200653,3.13e-05,66.30406529999999
2010,12,1,55531,-0.1214362,4.03e-05,66.3054362
2010,12,2,55532,-0.1226821,1.76e-05,66.3066821
2010,12,3,55533,-0.1236694,4.5e-06,66.3076694
2010,12,4,55534,-0.1244059,5.400000000000001e-06,66.3084059
2010,12,5,55535,-0.1249405,8.500000000000002e-06,66.30894049999999
2010,12,6,55536,-0.1253669,6e-06,66.3093669
2010,12,7,55537,-0.1257788,1.3e-06,66.3097788
2010,12,8,55538,-0.1262382,6.7e-06,66.3102382
2010,12,9,55539,-0.1268013,1.09e-05,66.3108013
2010,12,10,55540,-0.1274716,2.8e-06,66.3114716
2010,12,11,55541,-0.1281777999999999,7.5e-06,66.3121778
2010,12,12,55542,-0.1288967,8.7e-06,66.3128967
2010,12,13,55543,-0.1296359,5e-06,66.3136359
2010,12,14,55544,-0.1303511,1.2e-06,66.3143511
2010,12,15,55545,-0.1309761,7.3e-06,66.3149761
2010,12,16,55546,-0.1315322,1.14e-05,66.31553219999999
2010,12,17,55547,-0.1320332,3.1e-06,66.31603319999999
2010,12,18,55548,-0.1324155,1e-05,66.31641549999999
2010,12,19,55549,-0.1326793,1.4500000000000002e-05,66.3166793
2010,12,20,55550,-0.1328209,8.8e-06,66.3168209
2010,12,21,55551,-0.1329024,1.7e-06,66.3169024
2010,12,22,55552,-0.1330783,4.0000000000000003e-07,66.31707829999999
2010,12,23,55553,-0.133432,5e-07,66.317432
2010,12,24,55554,-0.1339861,9.900000000000002e-06,66.3179861
2010,12,25,55555,-0.1347324,1.77e-05,66.3187324
2010,12,26,55556,-0.1357017999999999,1.4e-05,66.3197018
2010,12,27,55557,-0.1368307,7e-06,66.3208307
2010,12,28,55558,-0.1379451,1.7e-06,66.3219451
2010,12,29,55559,-0.1389107,7e-07,66.3229107
2010,12,30,55560,-0.1396578,8.000000000000001e-07,66.32365779999999
2010,12,31,55561,-0.1401867,2.9e-06,66.3241867
2011,1,1,55562,-0.14054,5.8e-06,66.32454
2011,1,2,55563,-0.1407791,5.3e-06,66.3247791
2011,1,3,55564,-0.1409607,3e-06,66.32496069999999
2011,1,4,55565,-0.1411311,8.000000000000001e-07,66.3251311
2011,1,5,55566,-0.1413342,7.2e-06,66.3253342
2011,1,6,55567,-0.1416388,1.2200000000000002e-05,66.3256388
2011,1,7,55568,-0.1420731,3e-06,66.3260731
2011,1,8,55569,-0.1425751999999999,5e-06,66.3265752
2011,1,9,55570,-0.1431293,6.3e-06,66.3271293
2011,1,10,55571,-0.1437233,4.1000000000000006e-06,66.3277233
2011,1,11,55572,-0.1443244,1e-06,66.3283244
2011,1,12,55573,-0.1449059,1.63e-05,66.3289059
2011,1,13,55574,-0.1454623,2.51e-05,66.3294623
2011,1,14,55575,-0.1459557,6e-06,66.3299557
2011,1,15,55576,-0.1463083,6.7e-06,66.3303083
2011,1,16,55577,-0.1466288,9.8e-06,66.3306288
2011,1,17,55578,-0.1468848,7.9e-06,66.33088479999999
2011,1,18,55579,-0.1471541,4.5e-06,66.33115409999999
2011,1,19,55580,-0.1475526999999999,1.1e-06,66.3315527
2011,1,20,55581,-0.1480899,5e-07,66.3320899
2011,1,21,55582,-0.1488032,6e-07,66.3328032
2011,1,22,55583,-0.1497176,7.100000000000001e-06,66.3337176
2011,1,23,55584,-0.1508190999999999,1.2200000000000002e-05,66.3348191
2011,1,24,55585,-0.1519937999999999,8.8e-06,66.3359938
2011,1,25,55586,-0.1530892,1.8e-06,66.3370892
2011,1,26,55587,-0.154001,1.12e-05,66.33800099999999
2011,1,27,55588,-0.1547086,1.32e-05,66.3387086
2011,1,28,55589,-0.1552226,3.5e-06,66.3392226
2011,1,29,55590,-0.1555677,6.6e-06,66.3395677
2011,1,30,55591,-0.1558652999999999,9e-06,66.3398653
2011,1,31,55592,-0.1561874,5.8e-06,66.34018739999999
2011,2,1,55593,-0.1565684,1.3e-06,66.3405684
2011,2,2,55594,-0.1570526,5.3e-06,66.3410526
2011,2,3,55595,-0.1576721,8.7e-06,66.3416721
2011,2,4,55596,-0.1584166,2.3e-06,66.34241659999999
2011,2,5,55597,-0.1592173,6.6e-06,66.34321729999999
2011,2,6,55598,-0.1600001,9.1e-06,66.3440001
2011,2,7,55599,-0.1607536,5.9e-06,66.3447536
2011,2,8,55600,-0.1614609,1.4e-06,66.34546089999999
2011,2,9,55601,-0.1620813,3.6e-06,66.3460813
2011,2,10,55602,-0.162623,5.8e-06,66.346623
2011,2,11,55603,-0.1630933,1.8e-06,66.3470933
2011,2,12,55604,-0.1634644,7.3e-06,66.34746439999999
2011,2,13,55605,-0.1638058,1.3e-05,66.3478058
2011,2,14,55606,-0.1641841,1e-05,66.3481841
2011,2,15,55607,-0.164667,2.3e-06,66.34866699999999
2011,2,16,55608,-0.1653702,9.6e-06,66.3493702
2011,2,17,55609,-0.1663794,1.12e-05,66.3503794
2011,2,18,55610,-0.1676724,2.9e-06,66.3516724
2011,2,19,55611,-0.1691337,7e-06,66.3531337
2011,2,20,55612,-0.1707531,1.07e-05,66.3547531
2011,2,21,55613,-0.1723867,7.2e-06,66.3563867
2011,2,22,55614,-0.173832,1.7e-06,66.357832
2011,2,23,55615,-0.1749881,6.7e-06,66.35898809999999
2011,2,24,55616,-0.1758488,1.0800000000000002e-05,66.3598488
2011,2,25,55617,-0.176476,3e-06,66.36047599999999
2011,2,26,55618,-0.1769533,6.9e-06,66.36095329999999
2011,2,27,55619,-0.1773739,9.8e-06,66.3613739
2011,2,28,55620,-0.1778564,6.100000000000001e-06,66.3618564
2011,3,1,55621,-0.1784597,1.5e-06,66.3624597
2011,3,2,55622,-0.179186,4.8e-06,66.363186
2011,3,3,55623,-0.1800841,7.7e-06,66.3640841
2011,3,4,55624,-0.1811597999999999,2.5e-06,66.3651598
2011,3,5,55625,-0.1823075,5.9e-06,66.36630749999999
2011,3,6,55626,-0.1835123,1e-05,66.3675123
2011,3,7,55627,-0.1846863,7.5e-06,66.3686863
2011,3,8,55628,-0.1857529,1.5e-06,66.3697529
2011,3,9,55629,-0.1867184,9e-06,66.3707184
2011,3,10,55630,-0.1876065,1.06e-05,66.3716065
2011,3,11,55631,-0.1884108,2.9e-06,66.3724108
2011,3,12,55632,-0.1891028,8.200000000000001e-06,66.3731028
2011,3,13,55633,-0.1897047,1.32e-05,66.37370469999999
2011,3,14,55634,-0.190297,1.1e-05,66.374297
2011,3,15,55635,-0.1910269,6.7e-06,66.3750269
2011,3,16,55636,-0.1919978,2e-06,66.3759978
2011,3,17,55637,-0.1932124,1.2e-06,66.37721239999999
2011,3,18,55638,-0.1946472,1.5e-06,66.3786472
2011,3,19,55639,-0.1962361,8.3e-06,66.38023609999999
2011,3,20,55640,-0.1978561,1.49e-05,66.3818561
2011,3,21,55641,-0.1993772,1.21e-05,66.3833772
2011,3,22,55642,-0.200726,2.9e-06,66.384726
2011,3,23,55643,-0.2018511,7.3e-06,66.3858511
2011,3,24,55644,-0.2027735,1.13e-05,66.3867735
2011,3,25,55645,-0.203584,3.4e-06,66.387584
2011,3,26,55646,-0.2044191,8.3e-06,66.3884191
2011,3,27,55647,-0.2053152,1.55e-05,66.3893152
2011,3,28,55648,-0.2063423,1.25e-05,66.3903423
2011,3,29,55649,-0.2075319,2.7000000000000004e-06,66.3915319
2011,3,30,55650,-0.2088403999999999,5.400000000000001e-06,66.3928404
2011,3,31,55651,-0.2102397,8.500000000000002e-06,66.3942397
2011,4,1,55652,-0.2117082,2.3e-06,66.3957082
2011,4,2,55653,-0.213202,9.8e-06,66.397202
2011,4,3,55654,-0.2146833,1.33e-05,66.3986833
2011,4,4,55655,-0.2160584,1.28e-05,66.40005839999999
2011,4,5,55656,-0.2172537,1.35e-05,66.4012537
2011,4,6,55657,-0.2183242,1.26e-05,66.4023242
2011,4,7,55658,-0.2192632,1.62e-05,66.4032632
2011,4,8,55659,-0.2199944999999999,4e-06,66.4039945
2011,4,9,55660,-0.2207232,8.3e-06,66.40472319999999
2011,4,10,55661,-0.2215012,1.29e-05,66.4055012
2011,4,11,55662,-0.2223388,9.1e-06,66.4063388
2011,4,12,55663,-0.2233096,2e-06,66.40730959999999
2011,4,13,55664,-0.2244705,5.2e-06,66.40847049999999
2011,4,14,55665,-0.2258108,8.3e-06,66.4098108
2011,4,15,55666,-0.2273021,2.5e-06,66.4113021
2011,4,16,55667,-0.2289336,6.100000000000001e-06,66.4129336
2011,4,17,55668,-0.2305883,6.3e-06,66.41458829999999
2011,4,18,55669,-0.2321251,2.9e-06,66.4161251
2011,4,19,55670,-0.2334575,1.5e-06,66.4174575
2011,4,20,55671,-0.2345629,9e-07,66.4185629
2011,4,21,55672,-0.2354512,1.9e-06,66.4194512
2011,4,22,55673,-0.2361882,4.2e-06,66.4201882
2011,4,23,55674,-0.2369074,5e-06,66.4209074
2011,4,24,55675,-0.2377005,3.7e-06,66.4217005
2011,4,25,55676,-0.2385595,3.3e-06,66.42255949999999
2011,4,26,55677,-0.2395203,2.1e-06,66.42352029999999
2011,4,27,55678,-0.2405563,9e-07,66.42455629999999
2011,4,28,55679,-0.2416538,7e-07,66.42565379999999
2011,4,29,55680,-0.2427748,8.000000000000001e-07,66.4267748
2011,4,30,55681,-0.2438777,2.6e-06,66.4278777
2011,5,1,55682,-0.2449186,3.2000000000000003e-06,66.4289186
2011,5,2,55683,-0.2459039,2.1e-06,66.4299039
2011,5,3,55684,-0.2468451,1e-06,66.4308451
2011,5,4,55685,-0.2477525,4.6e-06,66.4317525
2011,5,5,55686,-0.2486055,5.5e-06,66.4326055
2011,5,6,55687,-0.2494086,2e-06,66.43340859999999
2011,5,7,55688,-0.2502129,2e-06,66.43421289999999
2011,5,8,55689,-0.2510699,2.6e-06,66.4350699
2011,5,9,55690,-0.2520929,2.2e-06,66.43609289999999
2011,5,10,55691,-0.2533293,1.3e-06,66.4373293
2011,5,11,55692,-0.2547697,2.1e-06,66.4387697
2011,5,12,55693,-0.2563952,2.1e-06,66.4403952
2011,5,13,55694,-0.2581605,9e-07,66.4421605
2011,5,14,55695,-0.2599833,1.8e-06,66.4439833
2011,5,15,55696,-0.2617813,3.2000000000000003e-06,66.4457813
2011,5,16,55697,-0.2634262,3e-06,66.4474262
2011,5,17,55698,-0.2648365,1.5e-06,66.4488365
2011,5,18,55699,-0.2660121,6.3e-06,66.4500121
2011,5,19,55700,-0.2669744,7e-06,66.45097439999999
2011,5,20,55701,-0.2677934,2.5e-06,66.4517934
2011,5,21,55702,-0.2685692,2.5e-06,66.4525692
2011,5,22,55703,-0.2693637,4e-06,66.4533637
2011,5,23,55704,-0.2702106999999999,5.400000000000001e-06,66.4542107
2011,5,24,55705,-0.2710988,6.5e-06,66.4550988
2011,5,25,55706,-0.2719887,7.7e-06,66.45598869999999
2011,5,26,55707,-0.2729216,6.8e-06,66.4569216
2011,5,27,55708,-0.2739063,2.9e-06,66.45790629999999
2011,5,28,55709,-0.2748641,2.9e-06,66.4588641
2011,5,29,55710,-0.2757712,4.4e-06,66.45977119999999
2011,5,30,55711,-0.2765865,2.8e-06,66.46058649999999
2011,5,31,55712,-0.2772868,2.5e-06,66.4612868
2011,6,1,55713,-0.2778924,3.5e-06,66.4618924
2011,6,2,55714,-0.2784095,2.6e-06,66.46240949999999
2011,6,3,55715,-0.2789007,1.6e-06,66.46290069999999
2011,6,4,55716,-0.2794511999999999,1.8e-06,66.4634512
2011,6,5,55717,-0.2800896,6.4000000000000006e-06,66.4640896
2011,6,6,55718,-0.2808814,3.7e-06,66.4648814
2011,6,7,55719,-0.2818605,8.000000000000001e-07,66.46586049999999
2011,6,8,55720,-0.2829859,2.5e-06,66.4669859
2011,6,9,55721,-0.2841634,3.1e-06,66.4681634
2011,6,10,55722,-0.2853034,1.3e-06,66.4693034
2011,6,11,55723,-0.2863546999999999,2.7000000000000004e-06,66.4703547
2011,6,12,55724,-0.2872457,4.6e-06,66.4712457
2011,6,13,55725,-0.2879341,4.8e-06,66.4719341
2011,6,14,55726,-0.2884387,3.9e-06,66.4724387
2011,6,15,55727,-0.2887910999999999,3.3e-06,66.4727911
2011,6,16,55728,-0.289011,2.4e-06,66.473011
2011,6,17,55729,-0.2891878,1.4e-06,66.47318779999999
2011,6,18,55730,-0.2894212,2.8e-06,66.4734212
2011,6,19,55731,-0.2897294,4.6e-06,66.4737294
2011,6,20,55732,-0.2900923,4.4e-06,66.4740923
2011,6,21,55733,-0.2904839999999999,2.7000000000000004e-06,66.474484
2011,6,22,55734,-0.2908755,7.100000000000001e-06,66.4748755
2011,6,23,55735,-0.2912314,7.8e-06,66.4752314
2011,6,24,55736,-0.2915119,2.4e-06,66.4755119
2011,6,25,55737,-0.2916827,3.6e-06,66.4756827
2011,6,26,55738,-0.2917393,5.400000000000001e-06,66.4757393
2011,6,27,55739,-0.2917005,5e-06,66.4757005
2011,6,28,55740,-0.2915916,3.7e-06,66.4755916
2011,6,29,55741,-0.2914241,7.8e-06,66.4754241
2011,6,30,55742,-0.2911834,8.1e-06,66.47518339999999
2011,7,1,55743,-0.2908949,2.6e-06,66.4748949
2011,7,2,55744,-0.2906481,4e-06,66.4746481
2011,7,3,55745,-0.2905549,5.9e-06,66.4745549
2011,7,4,55746,-0.2906998,5.7000000000000005e-06,66.4746998
2011,7,5,55747,-0.2910693,4.2e-06,66.4750693
2011,7,6,55748,-0.2915638,1e-06,66.4755638
2011,7,7,55749,-0.2920686999999999,6e-07,66.4760687
2011,7,8,55750,-0.2924904,1e-06,66.4764904
2011,7,9,55751,-0.2927677,3.8e-06,66.4767677
2011,7,10,55752,-0.2928497,5.8e-06,66.4768497
2011,7,11,55753,-0.2927382,7.2e-06,66.4767382
2011,7,12,55754,-0.2924943,9.7e-06,66.4764943
2011,7,13,55755,-0.2921683,1.09e-05,66.4761683
2011,7,14,55756,-0.2918385,8.6e-06,66.4758385
2011,7,15,55757,-0.2915695,2.4e-06,66.47556949999999
2011,7,16,55758,-0.2913946,3.5e-06,66.4753946
2011,7,17,55759,-0.2913389,5.5e-06,66.4753389
2011,7,18,55760,-0.2914008,4.5e-06,66.4754008
2011,7,19,55761,-0.2915828,2e-06,66.4755828
2011,7,20,55762,-0.2918225,3.3e-06,66.47582249999999
2011,7,21,55763,-0.2920306,3.5e-06,66.4760306
2011,7,22,55764,-0.2921587,1.7e-06,66.4761587
2011,7,23,55765,-0.2922171,3.9e-06,66.4762171
2011,7,24,55766,-0.2922033,5.7000000000000005e-06,66.4762033
2011,7,25,55767,-0.2920853,5.1e-06,66.4760853
2011,7,26,55768,-0.2918663,4.4e-06,66.47586629999999
2011,7,27,55769,-0.2915591,7.4e-06,66.4755591
2011,7,28,55770,-0.2912183,7.7e-06,66.4752183
2011,7,29,55771,-0.2909239999999999,2.6e-06,66.474924
2011,7,30,55772,-0.2907634,3.7e-06,66.4747634
2011,7,31,55773,-0.2908164,5.3e-06,66.4748164
2011,8,1,55774,-0.2911213,4.6e-06,66.4751213
2011,8,2,55775,-0.2916512,3.5e-06,66.4756512
2011,8,3,55776,-0.2923161999999999,4.4e-06,66.4763162
2011,8,4,55777,-0.2930062,4.3e-06,66.47700619999999
2011,8,5,55778,-0.2935951,2.5e-06,66.4775951
2011,8,6,55779,-0.2939755,3.9e-06,66.4779755
2011,8,7,55780,-0.2941342,5.1e-06,66.4781342
2011,8,8,55781,-0.2941007,5.400000000000001e-06,66.4781007
2011,8,9,55782,-0.2939617,6e-06,66.4779617
2011,8,10,55783,-0.2937733999999999,3.3e-06,66.4777734
2011,8,11,55784,-0.2935942,2.3e-06,66.4775942
2011,8,12,55785,-0.2934782,1.6e-06,66.4774782
2011,8,13,55786,-0.2934662,2.8e-06,66.4774662
2011,8,14,55787,-0.2935508,3.7e-06,66.4775508
2011,8,15,55788,-0.2937164,6.100000000000001e-06,66.47771639999999
2011,8,16,55789,-0.2939483,5.8e-06,66.4779483
2011,8,17,55790,-0.2941932,3e-06,66.47819319999999
2011,8,18,55791,-0.2944362,3e-06,66.4784362
2011,8,19,55792,-0.2946286,3e-06,66.4786286
2011,8,20,55793,-0.2947074,3.5e-06,66.47870739999999
2011,8,21,55794,-0.2946704,3.5e-06,66.4786704
2011,8,22,55795,-0.2945534,2.1e-06,66.4785534
2011,8,23,55796,-0.2944008,8.000000000000001e-07,66.4784008
2011,8,24,55797,-0.2942441,5.400000000000001e-06,66.4782441
2011,8,25,55798,-0.2941475,6.5e-06,66.47814749999999
2011,8,26,55799,-0.2942076,2e-06,66.47820759999999
2011,8,27,55800,-0.2945205,3e-06,66.4785205
2011,8,28,55801,-0.2950962,4.5e-06,66.4790962
2011,8,29,55802,-0.2959112,3.5e-06,66.4799112
2011,8,30,55803,-0.2968942,1.1e-06,66.4808942
2011,8,31,55804,-0.2979139,4.8e-06,66.4819139
2011,9,1,55805,-0.2988842,6.100000000000001e-06,66.4828842
2011,9,2,55806,-0.2997153,1.6e-06,66.4837153
2011,9,3,55807,-0.3003073,2.1e-06,66.4843073
2011,9,4,55808,-0.3006671,3.9e-06,66.4846671
2011,9,5,55809,-0.3008698999999999,4.9e-06,66.48486989999999
2011,9,6,55810,-0.3010301,3.6e-06,66.4850301
2011,9,7,55811,-0.3012158,8.000000000000001e-07,66.48521579999999
2011,9,8,55812,-0.3014952,5e-07,66.4854952
2011,9,9,55813,-0.3018704,8.000000000000001e-07,66.4858704
2011,9,10,55814,-0.3023134999999999,2.2e-06,66.4863135
2011,9,11,55815,-0.3028359,3.6e-06,66.4868359
2011,9,12,55816,-0.3034327,3.3e-06,66.4874327
2011,9,13,55817,-0.3040874,1.1e-06,66.4880874
2011,9,14,55818,-0.304797,5.400000000000001e-06,66.48879699999999
2011,9,15,55819,-0.3054993,8.4e-06,66.48949929999999
2011,9,16,55820,-0.3061241,7.2e-06,66.4901241
2011,9,17,55821,-0.3066456,4.1000000000000006e-06,66.4906456
2011,9,18,55822,-0.3070928,7.9e-06,66.4910928
2011,9,19,55823,-0.3074917,9.3e-06,66.4914917
2011,9,20,55824,-0.3079086,1.27e-05,66.4919086
2011,9,21,55825,-0.3084027,1.26e-05,66.4924027
2011,9,22,55826,-0.3090523,1.27e-05,66.4930523
2011,9,23,55827,-0.3099038,1.24e-05,66.4939038
2011,9,24,55828,-0.3110186,9e-06,66.4950186
2011,9,25,55829,-0.3124054,6.2e-06,66.4964054
2011,9,26,55830,-0.3140048,8e-06,66.4980048
2011,9,27,55831,-0.3157536999999999,1.12e-05,66.4997537
2011,9,28,55832,-0.3175151,1.3e-05,66.50151509999999
2011,9,29,55833,-0.3191195,1.2e-05,66.5031195
2011,9,30,55834,-0.3204773,1.03e-05,66.50447729999999
2011,10,1,55835,-0.321624,8.1e-06,66.505624
2011,10,2,55836,-0.3226205,5.6e-06,66.5066205
2011,10,3,55837,-0.323538,6.6e-06,66.507538
2011,10,4,55838,-0.3244635,8.1e-06,66.50846349999999
2011,10,5,55839,-0.3254753999999999,1.03e-05,66.5094754
2011,10,6,55840,-0.326618,9.4e-06,66.510618
2011,10,7,55841,-0.3278837,4e-06,66.5118837
2011,10,8,55842,-0.3292236,4.6e-06,66.5132236
2011,10,9,55843,-0.3306084,6e-06,66.5146084
2011,10,10,55844,-0.3319957,4.7e-06,66.51599569999999
2011,10,11,55845,-0.3333527,1.5e-06,66.5173527
2011,10,12,55846,-0.3346458,8.3e-06,66.5186458
2011,10,13,55847,-0.3358019,1.01e-05,66.5198019
2011,10,14,55848,-0.3367629,3.6e-06,66.5207629
2011,10,15,55849,-0.337524,3.6e-06,66.521524
2011,10,16,55850,-0.3381339,5.6e-06,66.5221339
2011,10,17,55851,-0.3386601999999999,6.8e-06,66.5226602
2011,10,18,55852,-0.3391624,1.7e-06,66.5231624
2011,10,19,55853,-0.3397206,1.4e-06,66.5237206
2011,10,20,55854,-0.3404103,3.4e-06,66.5244103
2011,10,21,55855,-0.3412874,6.3e-06,66.5252874
2011,10,22,55856,-0.3423758,9.1e-06,66.5263758
2011,10,23,55857,-0.3436797,1.21e-05,66.5276797
2011,10,24,55858,-0.3451755,9.8e-06,66.5291755
2011,10,25,55859,-0.346752,2.3e-06,66.53075199999999
2011,10,26,55860,-0.3482801,7e-06,66.5322801
2011,10,27,55861,-0.3496489,1.14e-05,66.5336489
2011,10,28,55862,-0.3508068,7.3e-06,66.5348068
2011,10,29,55863,-0.3517721,5.9e-06,66.5357721
2011,10,30,55864,-0.352608,6.100000000000001e-06,66.536608
2011,10,31,55865,-0.3534266,1.6899999999999997e-05,66.5374266
2011,11,1,55866,-0.3543095,1.88e-05,66.5383095
2011,11,2,55867,-0.3552931,8e-06,66.5392931
2011,11,3,55868,-0.3564103,2.8e-06,66.54041029999999
2011,11,4,55869,-0.357675,1.2e-06,66.541675
2011,11,5,55870,-0.3590591,1.77e-05,66.5430591
2011,11,6,55871,-0.3604864,1.46e-05,66.5444864
2011,11,7,55872,-0.3618758,2.7000000000000004e-06,66.5458758
2011,11,8,55873,-0.3632035,2.2e-06,66.5472035
2011,11,9,55874,-0.3643795999999999,1.54e-05,66.5483796
2011,11,10,55875,-0.36538,3.7e-06,66.54938
2011,11,11,55876,-0.3662325,1.5e-06,66.55023249999999
2011,11,12,55877,-0.3669756,1.41e-05,66.5509756
2011,11,13,55878,-0.3676496,2.4e-06,66.55164959999999
2011,11,14,55879,-0.3683045,2.8e-06,66.55230449999999
2011,11,15,55880,-0.3690006,1.5e-06,66.5530006
2011,11,16,55881,-0.3697897,9.4e-06,66.5537897
2011,11,17,55882,-0.3707237,3.7e-06,66.5547237
2011,11,18,55883,-0.3718646,1.6e-06,66.55586459999999
2011,11,19,55884,-0.3731984,1.4e-06,66.5571984
2011,11,20,55885,-0.3746762,1.46e-05,66.5586762
2011,11,21,55886,-0.3762171,3e-07,66.5602171
2011,11,22,55887,-0.3777327,3e-07,66.5617327
2011,11,23,55888,-0.3791537,3.3e-06,66.5631537
2011,11,24,55889,-0.3804026,8.500000000000002e-06,66.5644026
2011,11,25,55890,-0.3814334,2e-06,66.5654334
2011,11,26,55891,-0.3822806,2e-06,66.5662806
2011,11,27,55892,-0.3830397,2e-06,66.5670397
2011,11,28,55893,-0.3837921,1.0000000000000001e-07,66.56779209999999
2011,11,29,55894,-0.3846065,2.0000000000000002e-07,66.5686065
2011,11,30,55895,-0.3855333999999999,6e-07,66.5695334
2011,12,1,55896,-0.3865803,3e-07,66.5705803
2011,12,2,55897,-0.3877325,1.3e-06,66.5717325
2011,12,3,55898,-0.3889094,2.2e-06,66.5729094
2011,12,4,55899,-0.3900109,3.1e-06,66.57401089999999
2011,12,5,55900,-0.3910158999999999,3.1e-06,66.5750159
2011,12,6,55901,-0.3919309,1.4e-06,66.5759309
2011,12,7,55902,-0.392699,1.88e-05,66.57669899999999
2011,12,8,55903,-0.3933303,4.2e-06,66.5773303
2011,12,9,55904,-0.3939013,1.7e-06,66.5779013
2011,12,10,55905,-0.3944609,2.4e-06,66.5784609
2011,12,11,55906,-0.395013,3.1e-06,66.579013
2011,12,12,55907,-0.3955934,3.1e-06,66.5795934
2011,12,13,55908,-0.3962759,2.8e-06,66.5802759
2011,12,14,55909,-0.3971234,2e-05,66.5811234
2011,12,15,55910,-0.3981619999999999,2.2e-06,66.582162
2011,12,16,55911,-0.399383,1.3e-06,66.583383
2011,12,17,55912,-0.4007753,2.2e-06,66.5847753
2011,12,18,55913,-0.4022345,3.1e-06,66.5862345
2011,12,19,55914,-0.4037276,3.1e-06,66.5877276
2011,12,20,55915,-0.4051147,1.7e-06,66.5891147
2011,12,21,55916,-0.4063581,3.1e-05,66.5903581
2011,12,22,55917,-0.4073917999999999,2.9e-06,66.5913918
2011,12,23,55918,-0.408216,2.6e-06,66.592216
2011,12,24,55919,-0.408948,2.2e-06,66.59294799999999
2011,12,25,55920,-0.409744,2.2e-06,66.593744
2011,12,26,55921,-0.4107022,2.2e-06,66.5947022
2011,12,27,55922,-0.4118681,2.2e-06,66.5958681
2011,12,28,55923,-0.4132189,3.8e-06,66.5972189
2011,12,29,55924,-0.4146747,2.3800000000000003e-05,66.5986747
2011,12,30,55925,-0.4162016,3.4e-06,66.60020159999999
2011,12,31,55926,-0.4176734,6.5e-06,66.6016734
2012,1,1,55927,-0.4190307,7e-06,66.60303069999999
2012,1,2,55928,-0.420266,4.3e-06,66.604266
2012,1,3,55929,-0.4213913999999999,4.6e-06,66.6053914
2012,1,4,55930,-0.4223894,2.4e-06,66.6063894
2012,1,5,55931,-0.4232747,1.4e-05,66.60727469999999
2012,1,6,55932,-0.4240546,3.1e-06,66.6080546
2012,1,7,55933,-0.4247816,3.6e-06,66.6087816
2012,1,8,55934,-0.4255338,5.6e-06,66.6095338
2012,1,9,55935,-0.4263648,6.6e-06,66.6103648
2012,1,10,55936,-0.4272859,3e-06,66.6112859
2012,1,11,55937,-0.4283517,1.52e-05,66.61235169999999
2012,1,12,55938,-0.4295935999999999,4.1000000000000006e-06,66.6135936
2012,1,13,55939,-0.4310036,2.9e-06,66.6150036
2012,1,14,55940,-0.4325201,5.8e-06,66.6165201
2012,1,15,55941,-0.4340233,7.6e-06,66.6180233
2012,1,16,55942,-0.4354233,6.3e-06,66.6194233
2012,1,17,55943,-0.4366664,4e-06,66.6206664
2012,1,18,55944,-0.437722,1.2e-06,66.62172199999999
2012,1,19,55945,-0.4385853,2.19e-05,66.6225853
2012,1,20,55946,-0.4393168,4.2e-06,66.6233168
2012,1,21,55947,-0.4400245,2.4e-06,66.6240245
2012,1,22,55948,-0.4408023,4.2e-06,66.6248023
2012,1,23,55949,-0.4416951,5.6e-06,66.6256951
2012,1,24,55950,-0.4427049,2.8e-06,66.6267049
2012,1,25,55951,-0.4437962,1.51e-05,66.62779619999999
2012,1,26,55952,-0.4449204,7.100000000000001e-06,66.6289204
2012,1,27,55953,-0.4460333999999999,2.5e-06,66.6300334
2012,1,28,55954,-0.4470732,1.54e-05,66.6310732
2012,1,29,55955,-0.4479982,4.9e-06,66.6319982
2012,1,30,55956,-0.4487993,4.8e-06,66.6327993
2012,1,31,55957,-0.4494656,2e-06,66.6334656
2012,2,1,55958,-0.4499897,2.6e-06,66.6339897
2012,2,2,55959,-0.4504155,4e-06,66.6344155
2012,2,3,55960,-0.4508188999999999,1.8e-06,66.6348189
2012,2,4,55961,-0.4512567,1.96e-05,66.6352567
2012,2,5,55962,-0.4517747,8e-06,66.6357747
2012,2,6,55963,-0.4524402,7e-06,66.6364402
2012,2,7,55964,-0.4533091,2.3e-06,66.6373091
2012,2,8,55965,-0.4544131,3.5000000000000004e-05,66.6384131
2012,2,9,55966,-0.4557227,8.7e-06,66.6397227
2012,2,10,55967,-0.457164,2.8e-06,66.641164
2012,2,11,55968,-0.4586395,1.03e-05,66.6426395
2012,2,12,55969,-0.460056,9e-06,66.64405599999999
2012,2,13,55970,-0.4613256,8.1e-06,66.64532559999999
2012,2,14,55971,-0.4623763,3e-06,66.6463763
2012,2,15,55972,-0.4631795,6.379999999999999e-05,66.6471795
2012,2,16,55973,-0.4637969,6.7e-06,66.6477969
2012,2,17,55974,-0.4643422,1.9e-06,66.6483422
2012,2,18,55975,-0.4649159,3.3e-06,66.64891589999999
2012,2,19,55976,-0.4655836,5.2e-06,66.6495836
2012,2,20,55977,-0.4663655,6e-06,66.65036549999999
2012,2,21,55978,-0.4672389999999999,5.2e-06,66.651239
2012,2,22,55979,-0.4681516,2.7000000000000004e-06,66.6521516
2012,2,23,55980,-0.4690539999999999,1.9800000000000004e-05,66.653054
2012,2,24,55981,-0.4698906,1.6e-06,66.6538906
2012,2,25,55982,-0.4706252999999999,2.8e-06,66.65462529999999
2012,2,26,55983,-0.4712585,6.3e-06,66.6552585
2012,2,27,55984,-0.4718084,6.9e-06,66.6558084
2012,2,28,55985,-0.4722734,2.4e-06,66.6562734
2012,2,29,55986,-0.4726379,3.56e-05,66.65663789999999
2012,3,1,55987,-0.4729194,8.6e-06,66.65691939999999
2012,3,2,55988,-0.4731884,4e-06,66.6571884
2012,3,3,55989,-0.4735285,3.9e-06,66.6575285
2012,3,4,55990,-0.4739946,4.3e-06,66.6579946
2012,3,5,55991,-0.4746191,4e-06,66.6586191
2012,3,6,55992,-0.475444,2.3e-06,66.659444
2012,3,7,55993,-0.4764778,2.53e-05,66.6604778
2012,3,8,55994,-0.4776973,1.1e-05,66.6616973
2012,3,9,55995,-0.4790665,2.7000000000000004e-06,66.6630665
2012,3,10,55996,-0.480527,4.8e-06,66.66452699999999
2012,3,11,55997,-0.4819953,6.4000000000000006e-06,66.66599529999999
2012,3,12,55998,-0.4833724,7.6e-06,66.66737239999999
2012,3,13,55999,-0.484616,7.6e-06,66.668616
2012,3,14,56000,-0.4857658,2.3e-06,66.6697658
2012,3,15,56001,-0.4868843,2.39e-05,66.6708843
2012,3,16,56002,-0.4880525,2.2e-06,66.67205249999999
2012,3,17,56003,-0.489352,6e-06,66.673352
2012,3,18,56004,-0.4907959,9.8e-06,66.67479589999999
2012,3,19,56005,-0.49234,8.8e-06,66.67634
2012,3,20,56006,-0.493923,3.3e-06,66.67792299999999
2012,3,21,56007,-0.4954831,3.08e-05,66.6794831
2012,3,22,56008,-0.4969786,7.4e-06,66.6809786
2012,3,23,56009,-0.4983959,3.2000000000000003e-06,66.6823959
2012,3,24,56010,-0.4997354,4e-06,66.6837354
2012,3,25,56011,-0.5009856,6.5e-06,66.6849856
2012,3,26,56012,-0.5021345,6e-06,66.6861345
2012,3,27,56013,-0.5031977,2.2e-06,66.6871977
2012,3,28,56014,-0.5042043,3.7e-06,66.6882043
2012,3,29,56015,-0.5051893000000001,5.1e-06,66.6891893
2012,3,30,56016,-0.5061999,2.4e-06,66.6901999
2012,3,31,56017,-0.5072863,1.8e-06,66.6912863
2012,4,1,56018,-0.5085085,4.4e-06,66.6925085
2012,4,2,56019,-0.5098935,5.9e-06,66.6938935
2012,4,3,56020,-0.5114393,2.9e-06,66.6954393
2012,4,4,56021,-0.5131549,2.41e-05,66.6971549
2012,4,5,56022,-0.5149928,1.9e-06,66.6989928
2012,4,6,56023,-0.5168595,2.02e-05,66.70085949999999
2012,4,7,56024,-0.5186314,8.8e-06,66.7026314
2012,4,8,56025,-0.5202021,7.9e-06,66.7042021
2012,4,9,56026,-0.5215394999999999,6.9e-06,66.7055395
2012,4,10,56027,-0.5226753,4.6e-06,66.7066753
2012,4,11,56028,-0.5236983000000001,2.8e-06,66.7076983
2012,4,12,56029,-0.5247296,1.84e-05,66.7087296
2012,4,13,56030,-0.5258404000000001,2.6e-06,66.7098404
2012,4,14,56031,-0.5270311000000001,4.1000000000000006e-06,66.7110311
2012,4,15,56032,-0.5282793,6.6e-06,66.71227929999999
2012,4,16,56033,-0.5295673000000001,4.8e-06,66.7135673
2012,4,17,56034,-0.5308783,1.5e-06,66.7148783
2012,4,18,56035,-0.5321965000000001,2.1600000000000003e-05,66.7161965
2012,4,19,56036,-0.5334911,3.4e-06,66.7174911
2012,4,20,56037,-0.5347248,1.5e-06,66.7187248
2012,4,21,56038,-0.5358613,1.84e-05,66.71986129999999
2012,4,22,56039,-0.5368881,4.8e-06,66.7208881
2012,4,23,56040,-0.5378074,5.6e-06,66.7218074
2012,4,24,56041,-0.5386339,2e-06,66.72263389999999
2012,4,25,56042,-0.5394047000000001,2.3800000000000003e-05,66.7234047
2012,4,26,56043,-0.5401644999999999,7.8e-06,66.7241645
2012,4,27,56044,-0.5409514000000001,1.02e-05,66.7249514
2012,4,28,56045,-0.5417935,8.500000000000002e-06,66.7257935
2012,4,29,56046,-0.5427025999999999,7.5e-06,66.7267026
2012,4,30,56047,-0.543686,8.1e-06,66.72768599999999
2012,5,1,56048,-0.5448627,6e-06,66.7288627
2012,5,2,56049,-0.5462259,3.8e-06,66.7302259
2012,5,3,56050,-0.5476981,1.1e-06,66.7316981
2012,5,4,56051,-0.5491911,3e-07,66.7331911
2012,5,5,56052,-0.5505806,1.24e-05,66.7345806
2012,5,6,56053,-0.5519143000000001,1.0800000000000002e-05,66.7359143
2012,5,7,56054,-0.5529813,8.200000000000001e-06,66.7369813
2012,5,8,56055,-0.5538805,2.3e-06,66.7378805
2012,5,9,56056,-0.5546775,8.4e-06,66.7386775
2012,5,10,56057,-0.5555654,9.4e-06,66.7395654
2012,5,11,56058,-0.5564987,2.1e-06,66.7404987
2012,5,12,56059,-0.5574633999999999,1.47e-05,66.7414634
2012,5,13,56060,-0.5584999,1.3e-05,66.7424999
2012,5,14,56061,-0.5595553999999999,7.5e-06,66.74355539999999
2012,5,15,56062,-0.5606061999999999,2.6e-06,66.74460619999999
2012,5,16,56063,-0.5617379,1.14e-05,66.7457379
2012,5,17,56064,-0.562689,6.8e-06,66.746689
2012,5,18,56065,-0.5636053000000001,3.7e-06,66.7476053
2012,5,19,56066,-0.5643392,6e-06,66.7483392
2012,5,20,56067,-0.5649455000000001,6.100000000000001e-06,66.74894549999999
2012,5,21,56068,-0.5653980000000001,1.18e-05,66.749398
2012,5,22,56069,-0.5657928000000001,6.100000000000001e-06,66.7497928
2012,5,23,56070,-0.5661695999999999,1.11e-05,66.75016959999999
2012,5,24,56071,-0.5665821,7.5e-06,66.7505821
2012,5,25,56072,-0.5670902999999999,3.9e-06,66.7510903
2012,5,26,56073,-0.5677077,1.59e-05,66.7517077
2012,5,27,56074,-0.5684351000000001,1.42e-05,66.7524351
2012,5,28,56075,-0.5693419000000001,1.29e-05,66.7533419
2012,5,29,56076,-0.5703691,8.8e-06,66.75436909999999
2012,5,30,56077,-0.5714640000000001,4.5e-06,66.755464
2012,5,31,56078,-0.5726044,6.2e-06,66.7566044
2012,6,1,56079,-0.5738579,2e-06,66.75785789999999
2012,6,2,56080,-0.5750136,4.8e-06,66.7590136
2012,6,3,56081,-0.5759777,6.4000000000000006e-06,66.7599777
2012,6,4,56082,-0.5768206,6.6e-06,66.7608206
2012,6,5,56083,-0.5774835,4.9e-06,66.7614835
2012,6,6,56084,-0.578025,2e-06,66.762025
2012,6,7,56085,-0.5786821999999999,1.17e-05,66.7626822
2012,6,8,56086,-0.5794676,3.3e-06,66.7634676
2012,6,9,56087,-0.5803155000000001,1.42e-05,66.7643155
2012,6,10,56088,-0.5812727999999999,8.6e-06,66.76527279999999
2012,6,11,56089,-0.5820705,9.2e-06,66.7660705
2012,6,12,56090,-0.5828366,8e-06,66.76683659999999
2012,6,13,56091,-0.5835287,2.1e-06,66.7675287
2012,6,14,56092,-0.5840927,5.5e-06,66.7680927
2012,6,15,56093,-0.5844996,1.9e-06,66.7684996
2012,6,16,56094,-0.5847645,8e-06,66.7687645
2012,6,17,56095,-0.5849683999999999,8.8e-06,66.76896839999999
2012,6,18,56096,-0.5850269,9e-06,66.7690269
2012,6,19,56097,-0.5849518,4.4e-06,66.7689518
2012,6,20,56098,-0.584834,2.5e-06,66.768834
2012,6,21,56099,-0.5847583,1.9e-06,66.7687583
2012,6,22,56100,-0.5847443,1.3e-06,66.7687443
2012,6,23,56101,-0.5848059,1.6e-05,66.7688059
2012,6,24,56102,-0.5850064,8.6e-06,66.7690064
2012,6,25,56103,-0.585303,1.04e-05,66.769303
2012,6,26,56104,-0.5857136000000001,4.4e-06,66.7697136
2012,6,27,56105,-0.5861801000000001,1.36e-05,66.7701801
2012,6,28,56106,-0.5865662,7.7e-06,66.77056619999999
2012,6,29,56107,-0.5867776,1.8e-06,66.7707776
2012,6,30,56108,-0.5868238,4.49e-05,66.7708238
2012,7,1,56109,0.4131816,1.2200000000000002e-05,66.7708184
2012,7,2,56110,0.4133963,8.7e-06,66.7706037
2012,7,3,56111,0.4136688,2.4e-06,66.7703312
2012,7,4,56112,0.4137809,1.53e-05,66.77021909999999
2012,7,5,56113,0.4138739,9.1e-06,66.7701261
2012,7,6,56114,0.4138922,2.8e-06,66.77010779999999
2012,7,7,56115,0.4137229,1.6100000000000002e-05,66.7702771
2012,7,8,56116,0.4134589,1.24e-05,66.7705411
2012,7,9,56117,0.4131662,7.6e-06,66.77083379999999
2012,7,10,56118,0.4128977,1.9e-06,66.7711023
2012,7,11,56119,0.4127029,1.26e-05,66.7712971
2012,7,12,56120,0.4126306,1.06e-05,66.7713694
2012,7,13,56121,0.4128536,2.7000000000000004e-06,66.77114639999999
2012,7,14,56122,0.4131009,8.200000000000001e-06,66.7708991
2012,7,15,56123,0.4133775999999999,5.2e-06,66.7706224
2012,7,16,56124,0.4137799,1.17e-05,66.7702201
2012,7,17,56125,0.414068,4e-06,66.769932
2012,7,18,56126,0.4141897,5.5e-06,66.7698103
2012,7,19,56127,0.414208,3.4e-06,66.769792
2012,7,20,56128,0.414065,1.3e-06,66.769935
2012,7,21,56129,0.4137358,5.1e-06,66.7702642
2012,7,22,56130,0.413271,4.7e-06,66.770729
2012,7,23,56131,0.4127181,4.1000000000000006e-06,66.77128189999999
2012,7,24,56132,0.4121307,1.4e-06,66.77186929999999
2012,7,25,56133,0.4115946,1.39e-05,66.7724054
2012,7,26,56134,0.4110659,8.4e-06,66.7729341
2012,7,27,56135,0.4107666,2e-06,66.7732334
2012,7,28,56136,0.4105485,7.8e-06,66.7734515
2012,7,29,56137,0.4104218,5.1e-06,66.7735782
2012,7,30,56138,0.4103389,1.02e-05,66.7736611
2012,7,31,56139,0.4102122,1e-05,66.7737878
2012,8,1,56140,0.409939,1.01e-05,66.774061
2012,8,2,56141,0.4095109,2.48e-05,66.7744891
2012,8,3,56142,0.4090457,5.6e-06,66.7749543
2012,8,4,56143,0.408497,4.7e-06,66.775503
2012,8,5,56144,0.407898,5.2e-06,66.776102
2012,8,6,56145,0.4074006,1.78e-05,66.7765994
2012,8,7,56146,0.4069557,6e-06,66.7770443
2012,8,8,56147,0.4066848,1.3e-05,66.7773152
2012,8,9,56148,0.4065725,1.46e-05,66.7774275
2012,8,10,56149,0.4065859,3.6e-06,66.7774141
2012,8,11,56150,0.4066744,8.8e-06,66.7773256
2012,8,12,56151,0.4068334,1.01e-05,66.7771666
2012,8,13,56152,0.4070462,1.34e-05,66.7769538
2012,8,14,56153,0.407188,4.1000000000000006e-06,66.77681199999999
2012,8,15,56154,0.4072338,1.78e-05,66.7767662
2012,8,16,56155,0.4071029,1.02e-05,66.7768971
2012,8,17,56156,0.4068344,2.5e-06,66.7771656
2012,8,18,56157,0.4064603,2.22e-05,66.77753969999999
2012,8,19,56158,0.4058641,9.8e-06,66.7781359
2012,8,20,56159,0.4051827,1.5e-05,66.7788173
2012,8,21,56160,0.404497,4.4e-06,66.77950299999999
2012,8,22,56161,0.4039089,1.07e-05,66.78009109999999
2012,8,23,56162,0.4034457,1.3e-05,66.78055429999999
2012,8,24,56163,0.4031042,3.1e-06,66.7808958
2012,8,25,56164,0.4029126,1.27e-05,66.7810874
2012,8,26,56165,0.4027897,9.1e-06,66.7812103
2012,8,27,56166,0.4025922,7.5e-06,66.7814078
2012,8,28,56167,0.4022464,2.3e-06,66.7817536
2012,8,29,56168,0.4017502,1.44e-05,66.7822498
2012,8,30,56169,0.4010153,7.4e-06,66.7829847
2012,8,31,56170,0.4002225,1.8e-06,66.7837775
2012,9,1,56171,0.3993713,6.8e-06,66.7846287
2012,9,2,56172,0.3985346,6.2e-06,66.78546539999999
2012,9,3,56173,0.397735,3.8e-06,66.786265
2012,9,4,56174,0.3969768,2.1e-06,66.7870232
2012,9,5,56175,0.3964221,1e-06,66.7875779
2012,9,6,56176,0.3960766,1.27e-05,66.7879234
2012,9,7,56177,0.3957532,3.3e-06,66.7882468
2012,9,8,56178,0.3954737,1.11e-05,66.7885263
2012,9,9,56179,0.3953274,6.3e-06,66.7886726
2012,9,10,56180,0.3950609,5.400000000000001e-06,66.7889391
2012,9,11,56181,0.3946589,1.5e-06,66.7893411
2012,9,12,56182,0.3940966,9.8e-06,66.7899034
2012,9,13,56183,0.393351,4.7e-06,66.790649
2012,9,14,56184,0.3923733,1.7e-06,66.7916267
2012,9,15,56185,0.3911818,1.24e-05,66.7928182
2012,9,16,56186,0.3897334,6.5e-06,66.7942666
2012,9,17,56187,0.3883458999999999,6.6e-06,66.7956541
2012,9,18,56188,0.3869787,2.2e-06,66.7970213
2012,9,19,56189,0.3857794,8.9e-06,66.7982206
2012,9,20,56190,0.3847136,5.400000000000001e-06,66.7992864
2012,9,21,56191,0.3838781,2e-06,66.8001219
2012,9,22,56192,0.3832649999999999,2.13e-05,66.800735
2012,9,23,56193,0.3825801,8.200000000000001e-06,66.8014199
2012,9,24,56194,0.3818287,5e-06,66.8021713
2012,9,25,56195,0.3810195,1.3e-06,66.8029805
2012,9,26,56196,0.3799844,1.4500000000000002e-05,66.8040156
2012,9,27,56197,0.3787985,6.6e-06,66.8052015
2012,9,28,56198,0.377463,1.8e-06,66.80653699999999
2012,9,29,56199,0.3761286,6.7e-06,66.8078714
2012,9,30,56200,0.3748269,1.06e-05,66.8091731
2012,10,1,56201,0.3736728,6.2e-06,66.8103272
2012,10,2,56202,0.3726886,2.1e-06,66.8113114
2012,10,3,56203,0.3719108,8.500000000000002e-06,66.8120892
2012,10,4,56204,0.3712561,1.87e-05,66.8127439
2012,10,5,56205,0.3706736,4.3e-06,66.8133264
2012,10,6,56206,0.3701592999999999,2.53e-05,66.8138407
2012,10,7,56207,0.3696645,8.1e-06,66.8143355
2012,10,8,56208,0.3691114,2.7000000000000004e-06,66.8148886
2012,10,9,56209,0.3684334,2.05e-05,66.8155666
2012,10,10,56210,0.3675127,2.96e-05,66.81648729999999
2012,10,11,56211,0.3664814,5.3e-06,66.8175186
2012,10,12,56212,0.3652754,1.0000000000000001e-07,66.8187246
2012,10,13,56213,0.3638544999999999,1.1e-05,66.8201455
2012,10,14,56214,0.3623838,6.9e-06,66.8216162
2012,10,15,56215,0.3608963,8.7e-06,66.8231037
2012,10,16,56216,0.3594887,1.7e-06,66.8245113
2012,10,17,56217,0.3582199,1.13e-05,66.8257801
2012,10,18,56218,0.3571501,2.01e-05,66.8268499
2012,10,19,56219,0.3562671,4.4e-06,66.8277329
2012,10,20,56220,0.3554928,8.500000000000002e-06,66.8285072
2012,10,21,56221,0.354744,6.100000000000001e-06,66.829256
2012,10,22,56222,0.3538588,6e-06,66.8301412
2012,10,23,56223,0.3530058,1.8e-06,66.83099419999999
2012,10,24,56224,0.3519872,6.6e-06,66.8320128
2012,10,25,56225,0.3509033,4.1000000000000006e-06,66.8330967
2012,10,26,56226,0.3497695,1.6e-06,66.8342305
2012,10,27,56227,0.3485935,1.18e-05,66.83540649999999
2012,10,28,56228,0.3474828,1.42e-05,66.8365172
2012,10,29,56229,0.3464489,7.7e-06,66.8375511
2012,10,30,56230,0.3455521,1.2e-06,66.83844789999999
2012,10,31,56231,0.3446854,1.1e-05,66.8393146
2012,11,1,56232,0.3439558,7.8e-06,66.8400442
2012,11,2,56233,0.3432281,1.8e-06,66.8407719
2012,11,3,56234,0.3425405,4.3e-06,66.8414595
2012,11,4,56235,0.3417878,7e-06,66.84221219999999
2012,11,5,56236,0.340954,5.6e-06,66.843046
2012,11,6,56237,0.3400027,1.6e-06,66.8439973
2012,11,7,56238,0.3389408,8.1e-06,66.8450592
2012,11,8,56239,0.3377096,1.51e-05,66.8462904
2012,11,9,56240,0.3363673,3.5e-06,66.84763269999999
2012,11,10,56241,0.3349822,1.17e-05,66.8490178
2012,11,11,56242,0.3335328,1.14e-05,66.8504672
2012,11,12,56243,0.3320174,7.8e-06,66.8519826
2012,11,13,56244,0.3305276,1.7e-06,66.8534724
2012,11,14,56245,0.3291377,6.100000000000001e-06,66.8548623
2012,11,15,56246,0.3278387,9.4e-06,66.8561613
2012,11,16,56247,0.326525,2.2e-06,66.857475
2012,11,17,56248,0.3252155,5e-06,66.8587845
2012,11,18,56249,0.3237803999999999,5.7000000000000005e-06,66.8602196
2012,11,19,56250,0.3221868,1.11e-05,66.8618132
2012,11,20,56251,0.3204734,3.3e-06,66.8635266
2012,11,21,56252,0.3187318,2.0000000000000002e-07,66.8652682
2012,11,22,56253,0.317001,8.500000000000002e-06,66.86699899999999
2012,11,23,56254,0.3153139,7.7e-06,66.86868609999999
2012,11,24,56255,0.3137377,6.8e-06,66.8702623
2012,11,25,56256,0.3123183,5.8e-06,66.8716817
2012,11,26,56257,0.3110089,6.8e-06,66.8729911
2012,11,27,56258,0.3098756,1.7e-06,66.8741244
2012,11,28,56259,0.3088455,1.7000000000000003e-05,66.8751545
2012,11,29,56260,0.3079206,5.1e-06,66.8760794
2012,11,30,56261,0.3070117,1.1e-06,66.8769883
2012,12,1,56262,0.3061411,4.8e-06,66.87785889999999
2012,12,2,56263,0.305172,5.9e-06,66.878828
2012,12,3,56264,0.304142,5.1e-06,66.879858
2012,12,4,56265,0.3030426,1.3e-06,66.8809574
2012,12,5,56266,0.3018303,1.54e-05,66.88216969999999
2012,12,6,56267,0.3005523,8.7e-06,66.88344769999999
2012,12,7,56268,0.2991894,2e-06,66.8848106
2012,12,8,56269,0.2977818,1.38e-05,66.8862182
2012,12,9,56270,0.2964589,1.01e-05,66.88754109999999
2012,12,10,56271,0.2951313,7e-06,66.8888687
2012,12,11,56272,0.2938971,1.3e-06,66.8901029
2012,12,12,56273,0.2928453,2.03e-05,66.8911547
2012,12,13,56274,0.2919197,3.48e-05,66.8920803
2012,12,14,56275,0.2909741,7.5e-06,66.8930259
2012,12,15,56276,0.2899782,1.19e-05,66.8940218
2012,12,16,56277,0.2890034999999999,9e-06,66.89499649999999
2012,12,17,56278,0.2879406,8.6e-06,66.8960594
2012,12,18,56279,0.2868441,5e-06,66.8971559
2012,12,19,56280,0.2857065,1.4e-06,66.8982935
2012,12,20,56281,0.2846565,8.4e-06,66.8993435
2012,12,21,56282,0.2837893,2e-06,66.9002107
2012,12,22,56283,0.2830603,1.11e-05,66.9009397
2012,12,23,56284,0.2823224,8.8e-06,66.9016776
2012,12,24,56285,0.2816902,6.8e-06,66.9023098
2012,12,25,56286,0.2811304,5e-06,66.9028696
2012,12,26,56287,0.2806345,3.2000000000000003e-06,66.90336549999999
2012,12,27,56288,0.2801731,1.5e-06,66.9038269
2012,12,28,56289,0.2797111,3e-07,66.9042889
2012,12,29,56290,0.2792361,7e-06,66.90476389999999
2012,12,30,56291,0.278618,9.3e-06,66.905382
2012,12,31,56292,0.2778751,8.200000000000001e-06,66.9061249
2013,1,1,56293,0.2770907,5.3e-06,66.9069093
2013,1,2,56294,0.2761366,3e-06,66.9078634
2013,1,3,56295,0.2750374,8.000000000000001e-07,66.9089626
2013,1,4,56296,0.2738579,2.0000000000000002e-07,66.9101421
2013,1,5,56297,0.2726572,1.2e-05,66.9113428
2013,1,6,56298,0.2714547,1.05e-05,66.91254529999999
2013,1,7,56299,0.2703786999999999,6.100000000000001e-06,66.9136213
2013,1,8,56300,0.269461,1.3e-06,66.91453899999999
2013,1,9,56301,0.2686011,9.3e-06,66.9153989
2013,1,10,56302,0.2677166,5.5e-06,66.9162834
2013,1,11,56303,0.2667804,1.7e-06,66.9172196
2013,1,12,56304,0.2657273,7.3e-06,66.9182727
2013,1,13,56305,0.2644642,5.1e-06,66.91953579999999
2013,1,14,56306,0.2630661,6.100000000000001e-06,66.9209339
2013,1,15,56307,0.2615439,6.7e-06,66.92245609999999
2013,1,16,56308,0.2600685,1.4e-06,66.9239315
2013,1,17,56309,0.2586723,9.8e-06,66.9253277
2013,1,18,56310,0.2573663,2.4e-06,66.9266337
2013,1,19,56311,0.2561193,7.7e-06,66.9278807
2013,1,20,56312,0.2549468,8.9e-06,66.9290532
2013,1,21,56313,0.2538462,7.8e-06,66.9301538
2013,1,22,56314,0.2527747,4.5e-06,66.9312253
2013,1,23,56315,0.2517351,1e-06,66.93226489999999
2013,1,24,56316,0.2506394,1.3e-05,66.9333606
2013,1,25,56317,0.2495234,2.1e-06,66.9344766
2013,1,26,56318,0.2483765,1.23e-05,66.93562349999999
2013,1,27,56319,0.2471377,3.8e-06,66.9368623
2013,1,28,56320,0.2457751,4e-06,66.9382249
2013,1,29,56321,0.2443075,1.6e-06,66.93969249999999
2013,1,30,56322,0.2427764,1.41e-05,66.9412236
2013,1,31,56323,0.2412309,5.2e-06,66.94276909999999
2013,2,1,56324,0.2397409,1.5e-06,66.9442591
2013,2,2,56325,0.2383674,9.5e-06,66.9456326
2013,2,3,56326,0.2371341,3.9e-06,66.94686589999999
2013,2,4,56327,0.2360251,3.9e-06,66.94797489999999
2013,2,5,56328,0.2350277,1.5e-06,66.9489723
2013,2,6,56329,0.2341112,1.03e-05,66.9498888
2013,2,7,56330,0.2331814,2.7000000000000004e-06,66.95081859999999
2013,2,8,56331,0.2321391,1.5e-06,66.9518609
2013,2,9,56332,0.2309424,1.3100000000000002e-05,66.9530576
2013,2,10,56333,0.2296106,3.7e-06,66.9543894
2013,2,11,56334,0.2281931999999999,5.8e-06,66.95580679999999
2013,2,12,56335,0.2267687,5.9e-06,66.9572313
2013,2,13,56336,0.2254403,1.2e-06,66.9585597
2013,2,14,56337,0.2242863,1.62e-05,66.9597137
2013,2,15,56338,0.2232824,1.1e-06,66.9607176
2013,2,16,56339,0.2223836,1.89e-05,66.9616164
2013,2,17,56340,0.2215868,3.2000000000000003e-06,66.9624132
2013,2,18,56341,0.220898,3.6e-06,66.96310199999999
2013,2,19,56342,0.2202777,1.7e-06,66.9637223
2013,2,20,56343,0.2196491,2.08e-05,66.9643509
2013,2,21,56344,0.2189361,6.3e-06,66.9650639
2013,2,22,56345,0.2180799,1.3e-06,66.96592009999999
2013,2,23,56346,0.2170537,3.6e-05,66.9669463
2013,2,24,56347,0.2158533,3.5e-06,66.96814669999999
2013,2,25,56348,0.2144766,3.3e-06,66.9695234
2013,2,26,56349,0.212924,1.3e-06,66.971076
2013,2,27,56350,0.2112407,2.1e-05,66.97275929999999
2013,2,28,56351,0.2094895,6.2e-06,66.9745105
2013,3,1,56352,0.2077371,1.5e-06,66.9762629
2013,3,2,56353,0.206079,1.41e-05,66.977921
2013,3,3,56354,0.2045416,3.5e-06,66.9794584
2013,3,4,56355,0.2030631,3.5e-06,66.9809369
2013,3,5,56356,0.2015976,2.2e-06,66.9824024
2013,3,6,56357,0.2001138,1.04e-05,66.9838862
2013,3,7,56358,0.1985635,4e-06,66.98543649999999
2013,3,8,56359,0.196909,1.6e-06,66.98709099999999
2013,3,9,56360,0.195148,1.51e-05,66.988852
2013,3,10,56361,0.1932915999999999,2.9e-06,66.9907084
2013,3,11,56362,0.1913827,6.2e-06,66.99261729999999
2013,3,12,56363,0.1894875,6.7e-06,66.9945125
2013,3,13,56364,0.1876517,1.2e-06,66.9963483
2013,3,14,56365,0.1859185,1.4500000000000002e-05,66.9980815
2013,3,15,56366,0.1843097,1.3e-06,66.9996903
2013,3,16,56367,0.1828274,1.39e-05,67.0011726
2013,3,17,56368,0.1814609,3.1e-06,67.00253909999999
2013,3,18,56369,0.1801933,3.2000000000000003e-06,67.0038067
2013,3,19,56370,0.1790038,1.6e-06,67.0049962
2013,3,20,56371,0.1778524,1.82e-05,67.00614759999999
2013,3,21,56372,0.176694,7.6e-06,67.007306
2013,3,22,56373,0.1754806,1.1e-06,67.0085194
2013,3,23,56374,0.1741466,1.24e-05,67.0098534
2013,3,24,56375,0.1726579,3.3e-06,67.0113421
2013,3,25,56376,0.1710171,3.4e-06,67.0129829
2013,3,26,56377,0.169235,1.2e-06,67.014765
2013,3,27,56378,0.1673193,3e-07,67.0166807
2013,3,28,56379,0.1653462,1.32e-05,67.0186538
2013,3,29,56380,0.1634083,9.8e-06,67.0205917
2013,3,30,56381,0.1615621,6.6e-06,67.0224379
2013,3,31,56382,0.1598229,3.4e-06,67.0241771
2013,4,1,56383,0.1581763,3.2000000000000003e-06,67.0258237
2013,4,2,56384,0.1565882,2.6e-06,67.0274118
2013,4,3,56385,0.1550193,9e-07,67.02898069999999
2013,4,4,56386,0.1534214,1.26e-05,67.0305786
2013,4,5,56387,0.1517328,1e-06,67.03226719999999
2013,4,6,56388,0.1499249,1.28e-05,67.0340751
2013,4,7,56389,0.1480361,3.4e-06,67.0359639
2013,4,8,56390,0.1461365,3.4e-06,67.0378635
2013,4,9,56391,0.1442935,1e-06,67.0397065
2013,4,10,56392,0.1425544,1.62e-05,67.0414456
2013,4,11,56393,0.1409548,7.8e-06,67.0430452
2013,4,12,56394,0.139511,1.2e-06,67.044489
2013,4,13,56395,0.1382134,2.35e-05,67.0457866
2013,4,14,56396,0.1370305,4e-06,67.0469695
2013,4,15,56397,0.1359184,3.7e-06,67.0480816
2013,4,16,56398,0.1348169,2.6e-06,67.0491831
2013,4,17,56399,0.1336791,1.7e-06,67.0503209
2013,4,18,56400,0.1325124999999999,1.19e-05,67.0514875
2013,4,19,56401,0.1312775,1.1e-06,67.0527225
2013,4,20,56402,0.1298979999999999,1.46e-05,67.054102
2013,4,21,56403,0.1283636,3.3e-06,67.0556364
2013,4,22,56404,0.1267085,3.1e-06,67.05729149999999
2013,4,23,56405,0.1249559,1e-06,67.0590441
2013,4,24,56406,0.1231388,2.25e-05,67.06086119999999
2013,4,25,56407,0.1213194,5.1e-06,67.0626806
2013,4,26,56408,0.1195726,2.9e-06,67.0644274
2013,4,27,56409,0.117955,1.1e-05,67.066045
2013,4,28,56410,0.1164902,3.6e-06,67.0675098
2013,4,29,56411,0.1151226,3.1e-06,67.06887739999999
2013,4,30,56412,0.1137639,1.2e-06,67.0702361
2013,5,1,56413,0.1123734,1.33e-05,67.0716266
2013,5,2,56414,0.1108968,2.5e-06,67.07310319999999
2013,5,3,56415,0.1092979,1.3e-06,67.0747021
2013,5,4,56416,0.107628,1.33e-05,67.07637199999999
2013,5,5,56417,0.105946,2.4e-06,67.078054
2013,5,6,56418,0.1042827,5.3e-06,67.0797173
2013,5,7,56419,0.1026651,5.9e-06,67.0813349
2013,5,8,56420,0.1011258,1.3e-06,67.08287419999999
2013,5,9,56421,0.0997499,1.36e-05,67.08425009999999
2013,5,10,56422,0.0985505,2.1e-06,67.0854495
2013,5,11,56423,0.0974696,1.3100000000000002e-05,67.0865304
2013,5,12,56424,0.096481,3.1e-06,67.087519
2013,5,13,56425,0.0955606,3.4e-06,67.0884394
2013,5,14,56426,0.0946677,1.5e-06,67.0893323
2013,5,15,56427,0.0937433999999999,1.6400000000000002e-05,67.0902566
2013,5,16,56428,0.0927334,6.100000000000001e-06,67.0912666
2013,5,17,56429,0.0916057,1.3e-06,67.0923943
2013,5,18,56430,0.0903432,1.7000000000000003e-05,67.09365679999999
2013,5,19,56431,0.088958,3.1e-06,67.09504199999999
2013,5,20,56432,0.0874807,3.1e-06,67.0965193
2013,5,21,56433,0.0859534,2.6e-06,67.0980466
2013,5,22,56434,0.0844501,4e-06,67.0995499
2013,5,23,56435,0.0830146,0.0001122,67.1009854
2013,5,24,56436,0.0817241,1.8e-06,67.1022759
2013,5,25,56437,0.0805331,2.5e-05,67.1034669
2013,5,26,56438,0.0794448,5.400000000000001e-06,67.1045552
2013,5,27,56439,0.0784812,3.1e-06,67.1055188
2013,5,28,56440,0.0775747,2.6e-06,67.1064253
2013,5,29,56441,0.0766735,1.9e-06,67.1073265
2013,5,30,56442,0.0757525,1.12e-05,67.1082475
2013,5,31,56443,0.0748141,1.6e-06,67.1091859
2013,6,1,56444,0.0739569,8.1e-06,67.1100431
2013,6,2,56445,0.073206,3e-06,67.110794
2013,6,3,56446,0.0725254,2.9e-06,67.1114746
2013,6,4,56447,0.0719147,1.3e-06,67.1120853
2013,6,5,56448,0.0714299,1.74e-05,67.1125701
2013,6,6,56449,0.0710683,5.9e-06,67.1129317
2013,6,7,56450,0.0707839,1.4e-06,67.1132161
2013,6,8,56451,0.070611,2.79e-05,67.113389
2013,6,9,56452,0.0705070999999999,3.3e-06,67.1134929
2013,6,10,56453,0.0704022,2.7000000000000004e-06,67.1135978
2013,6,11,56454,0.0702341,1.3e-06,67.1137659
2013,6,12,56455,0.0699942,1.87e-05,67.1140058
2013,6,13,56456,0.0696499,2.8e-06,67.1143501
2013,6,14,56457,0.0691558,1.6e-06,67.1148442
2013,6,15,56458,0.0685337,2.17e-05,67.1154663
2013,6,16,56459,0.067808,3.4e-06,67.116192
2013,6,17,56460,0.0669948,3.4e-06,67.1170052
2013,6,18,56461,0.066128,1.8e-06,67.11787199999999
2013,6,19,56462,0.0652818999999999,2.46e-05,67.1187181
2013,6,20,56463,0.0644927,2.7000000000000004e-06,67.1195073
2013,6,21,56464,0.0637729,1.1e-06,67.1202271
2013,6,22,56465,0.0631683,1.59e-05,67.1208317
2013,6,23,56466,0.0626275,2.6e-06,67.12137249999999
2013,6,24,56467,0.0620426,3e-06,67.1219574
2013,6,25,56468,0.0613753,1.6e-06,67.1226247
2013,6,26,56469,0.0606312,1.55e-05,67.1233688
2013,6,27,56470,0.0598411,5.1e-06,67.1241589
2013,6,28,56471,0.0590512,1e-06,67.1249488
2013,6,29,56472,0.0583348,2.99e-05,67.1256652
2013,6,30,56473,0.0577584,3.2000000000000003e-06,67.1262416
2013,7,1,56474,0.0573666,3.6e-06,67.1266334
2013,7,2,56475,0.0571657,2.6e-06,67.1268343
2013,7,3,56476,0.0571563999999999,1.5e-06,67.1268436
2013,7,4,56477,0.0572832,9.4e-06,67.1267168
2013,7,5,56478,0.0575537,8.7e-06,67.1264463
2013,7,6,56479,0.057928,9.6e-06,67.126072
2013,7,7,56480,0.0583167,1.63e-05,67.12568329999999
2013,7,8,56481,0.0585779,1.25e-05,67.1254221
2013,7,9,56482,0.0587683,4.4e-06,67.1252317
2013,7,10,56483,0.0588276,1.09e-05,67.1251724
2013,7,11,56484,0.0587436999999999,6.8e-06,67.1252563
2013,7,12,56485,0.0585248,3.8e-06,67.1254752
2013,7,13,56486,0.0582255,1.8100000000000003e-05,67.12577449999999
2013,7,14,56487,0.057848,8.500000000000002e-06,67.12615199999999
2013,7,15,56488,0.057429,9.3e-06,67.126571
2013,7,16,56489,0.0569832,1.09e-05,67.12701679999999
2013,7,17,56490,0.0565385,4.8e-06,67.1274615
2013,7,18,56491,0.0561746,9.4e-06,67.12782539999999
2013,7,19,56492,0.0558663,2.9e-06,67.12813369999999
2013,7,20,56493,0.0556151,1.78e-05,67.1283849
2013,7,21,56494,0.0554059,6.7e-06,67.1285941
2013,7,22,56495,0.0551523,6.9e-06,67.1288477
2013,7,23,56496,0.0547829,2.8e-06,67.12921709999999
2013,7,24,56497,0.054281,1.66e-05,67.129719
2013,7,25,56498,0.0536717,1.05e-05,67.1303283
2013,7,26,56499,0.0530071,3.5e-06,67.1309929
2013,7,27,56500,0.052363,1.21e-05,67.131637
2013,7,28,56501,0.0518196999999999,1.0800000000000002e-05,67.1321803
2013,7,29,56502,0.0513965,1.05e-05,67.1326035
2013,7,30,56503,0.0510988,6.5e-06,67.13290119999999
2013,7,31,56504,0.0509293,1.26e-05,67.13307069999999
2013,8,1,56505,0.0508664,1.16e-05,67.1331336
2013,8,2,56506,0.0508698,2.1e-06,67.1331302
2013,8,3,56507,0.0508896,1.59e-05,67.13311039999999
2013,8,4,56508,0.050892,9.2e-06,67.133108
2013,8,5,56509,0.0508653,1.53e-05,67.1331347
2013,8,6,56510,0.0507704999999999,5.5e-06,67.1332295
2013,8,7,56511,0.0505584,1.25e-05,67.1334416
2013,8,8,56512,0.0502376999999999,5.9e-06,67.1337623
2013,8,9,56513,0.049832,2.1e-06,67.134168
2013,8,10,56514,0.0493378,1.04e-05,67.1346622
2013,8,11,56515,0.0487936,8.200000000000001e-06,67.1352064
2013,8,12,56516,0.048271,9.1e-06,67.135729
2013,8,13,56517,0.0477934,3.3e-06,67.1362066
2013,8,14,56518,0.0473953,1.3e-06,67.13660469999999
2013,8,15,56519,0.047061,8.7e-06,67.136939
2013,8,16,56520,0.0467545,9.6e-06,67.13724549999999
2013,8,17,56521,0.0464163,8.9e-06,67.1375837
2013,8,18,56522,0.0459741,8.8e-06,67.1380259
2013,8,19,56523,0.0453977,7.9e-06,67.1386023
2013,8,20,56524,0.0446799,2.5e-06,67.13932009999999
2013,8,21,56525,0.0438305,1.39e-05,67.1401695
2013,8,22,56526,0.0429512,9.2e-06,67.1410488
2013,8,23,56527,0.0420842,4.1000000000000006e-06,67.14191579999999
2013,8,24,56528,0.0412703,9e-06,67.1427297
2013,8,25,56529,0.0405795,7.2e-06,67.14342049999999
2013,8,26,56530,0.0400021,1.14e-05,67.1439979
2013,8,27,56531,0.0395337,1e-05,67.14446629999999
2013,8,28,56532,0.0391717,1.39e-05,67.1448283
2013,8,29,56533,0.0388973,1.42e-05,67.1451027
2013,8,30,56534,0.0386768,5.8e-06,67.14532319999999
2013,8,31,56535,0.0384634,1.2200000000000002e-05,67.1455366
2013,9,1,56536,0.0382068,8.4e-06,67.1457932
2013,9,2,56537,0.0378617,1.02e-05,67.1461383
2013,9,3,56538,0.0373927,1.27e-05,67.1466073
2013,9,4,56539,0.0367879,4.9e-06,67.1472121
2013,9,5,56540,0.036045,1.14e-05,67.147955
2013,9,6,56541,0.0351748,4.6e-06,67.1488252
2013,9,7,56542,0.034224,1.18e-05,67.149776
2013,9,8,56543,0.0332625999999999,8.500000000000002e-06,67.1507374
2013,9,9,56544,0.0323532999999999,8.500000000000002e-06,67.1516467
2013,9,10,56545,0.0315245,7.5e-06,67.1524755
2013,9,11,56546,0.0307834,9.6e-06,67.1532166
2013,9,12,56547,0.0301155,7e-06,67.1538845
2013,9,13,56548,0.0294761999999999,3e-06,67.15452379999999
2013,9,14,56549,0.0288024999999999,1.44e-05,67.1551975
2013,9,15,56550,0.0280242,7.100000000000001e-06,67.1559758
2013,9,16,56551,0.0270896,6.8e-06,67.1569104
2013,9,17,56552,0.0259667999999999,7.9e-06,67.15803319999999
2013,9,18,56553,0.024677,5.6e-06,67.159323
2013,9,19,56554,0.0232973,1.29e-05,67.1607027
2013,9,20,56555,0.0219443,3.8e-06,67.1620557
2013,9,21,56556,0.0207179,8.200000000000001e-06,67.1632821
2013,9,22,56557,0.0196438,8.3e-06,67.1643562
2013,9,23,56558,0.0186897,9.6e-06,67.1653103
2013,9,24,56559,0.0178077,1e-05,67.16619229999999
2013,9,25,56560,0.0169717,2.8e-06,67.1670283
2013,9,26,56561,0.0161801,9e-06,67.1678199
2013,9,27,56562,0.0154370999999999,3.6e-06,67.1685629
2013,9,28,56563,0.014728,8e-06,67.16927199999999
2013,9,29,56564,0.0140048,1.06e-05,67.1699952
2013,9,30,56565,0.0131976,1.04e-05,67.1708024
2013,10,1,56566,0.0122633,4.3e-06,67.1717367
2013,10,2,56567,0.0112038,4.9e-06,67.1727962
2013,10,3,56568,0.0100389,7e-06,67.1739611
2013,10,4,56569,0.0088032,4e-06,67.1751968
2013,10,5,56570,0.0075119,6.4000000000000006e-06,67.1764881
2013,10,6,56571,0.0062221,5.5e-06,67.1777779
2013,10,7,56572,0.0049648,1.01e-05,67.1790352
2013,10,8,56573,0.0037538,5.3e-06,67.1802462
2013,10,9,56574,0.0025855,1.43e-05,67.1814145
2013,10,10,56575,0.0014693,1.03e-05,67.1825307
2013,10,11,56576,0.0003773,3.8e-06,67.1836227
2013,10,12,56577,-0.0007606000000000001,9.4e-06,67.1847606
2013,10,13,56578,-0.0019609,8.200000000000001e-06,67.1859609
2013,10,14,56579,-0.0032639,6.5e-06,67.18726389999999
2013,10,15,56580,-0.0047073,7e-06,67.1887073
2013,10,16,56581,-0.0062374,5.5e-06,67.1902374
2013,10,17,56582,-0.0077677,7.2e-06,67.1917677
2013,10,18,56583,-0.0092485,3.8e-06,67.1932485
2013,10,19,56584,-0.0106016999999999,5.7000000000000005e-06,67.19460169999999
2013,10,20,56585,-0.0117696,7e-06,67.19576959999999
2013,10,21,56586,-0.0127744,9.6e-06,67.1967744
2013,10,22,56587,-0.0136435,4.5e-06,67.1976435
2013,10,23,56588,-0.0144146,8.4e-06,67.19841459999999
2013,10,24,56589,-0.0151819,8.4e-06,67.1991819
2013,10,25,56590,-0.0160382,3.4e-06,67.2000382
2013,10,26,56591,-0.0170097,9.4e-06,67.2010097
2013,10,27,56592,-0.0180777,8.1e-06,67.2020777
2013,10,28,56593,-0.0192744,1.21e-05,67.2032744
2013,10,29,56594,-0.0206159,4.7e-06,67.2046159
2013,10,30,56595,-0.0220701,5.9e-06,67.20607009999999
2013,10,31,56596,-0.0235933,4.1000000000000006e-06,67.2075933
2013,11,1,56597,-0.0251053,4.7e-06,67.2091053
2013,11,2,56598,-0.0265341999999999,7.3e-06,67.2105342
2013,11,3,56599,-0.0278983,8.7e-06,67.2118983
2013,11,4,56600,-0.0292178,1.14e-05,67.2132178
2013,11,5,56601,-0.0305056,1.21e-05,67.2145056
2013,11,6,56602,-0.0317375,3.9e-06,67.2157375
2013,11,7,56603,-0.0328981,8.7e-06,67.2168981
2013,11,8,56604,-0.0340371,6.8e-06,67.2180371
2013,11,9,56605,-0.0352054,8.4e-06,67.21920539999999
2013,11,10,56606,-0.036451,7.6e-06,67.220451
2013,11,11,56607,-0.0377943,5e-06,67.2217943
2013,11,12,56608,-0.0392306,5.7000000000000005e-06,67.2232306
2013,11,13,56609,-0.040721,2.7000000000000004e-06,67.224721
2013,11,14,56610,-0.0421969,5.9e-06,67.22619689999999
2013,11,15,56611,-0.043571,3.1e-06,67.227571
2013,11,16,56612,-0.0447887,7.3e-06,67.2287887
2013,11,17,56613,-0.0458782,7.6e-06,67.2298782
2013,11,18,56614,-0.0468692,5.6e-06,67.2308692
2013,11,19,56615,-0.0477974,2.6e-06,67.23179739999999
2013,11,20,56616,-0.0486896,6e-06,67.2326896
2013,11,21,56617,-0.0495709,6.9e-06,67.2335709
2013,11,22,56618,-0.0504526,5.2e-06,67.2344526
2013,11,23,56619,-0.05141,6.2e-06,67.23541
2013,11,24,56620,-0.0525353,9.900000000000002e-06,67.2365353
2013,11,25,56621,-0.0537384,8.1e-06,67.2377384
2013,11,26,56622,-0.0550058999999999,1.21e-05,67.2390059
2013,11,27,56623,-0.0563624,8.500000000000002e-06,67.2403624
2013,11,28,56624,-0.0577845,5.6e-06,67.2417845
2013,11,29,56625,-0.0592309,9.5e-06,67.2432309
2013,11,30,56626,-0.0606302,7.6e-06,67.2446302
2013,12,1,56627,-0.0619823,7.5e-06,67.2459823
2013,12,2,56628,-0.0632813,1.17e-05,67.2472813
2013,12,3,56629,-0.0644885,4.4e-06,67.2484885
2013,12,4,56630,-0.0656052,3.8e-06,67.24960519999999
2013,12,5,56631,-0.0667424,5.2e-06,67.2507424
2013,12,6,56632,-0.0679462,6.4000000000000006e-06,67.25194619999999
2013,12,7,56633,-0.0692497,7.4e-06,67.2532497
2013,12,8,56634,-0.0706396,1.09e-05,67.2546396
2013,12,9,56635,-0.0720708,1.07e-05,67.2560708
2013,12,10,56636,-0.0734731,4.9e-06,67.2574731
2013,12,11,56637,-0.0747678,8.200000000000001e-06,67.2587678
2013,12,12,56638,-0.0759663999999999,1.3e-05,67.2599664
2013,12,13,56639,-0.0770616,3.9e-06,67.26106159999999
2013,12,14,56640,-0.0780346,8e-06,67.26203459999999
2013,12,15,56641,-0.0788823,9.900000000000002e-06,67.2628823
2013,12,16,56642,-0.0796017,7.8e-06,67.2636017
2013,12,17,56643,-0.080245,5.5e-06,67.264245
2013,12,18,56644,-0.0808446,4.8e-06,67.2648446
2013,12,19,56645,-0.0814731,6.5e-06,67.2654731
2013,12,20,56646,-0.0821956,3e-06,67.2661956
2013,12,21,56647,-0.0830489,6.5e-06,67.26704889999999
2013,12,22,56648,-0.0840445,6e-06,67.2680445
2013,12,23,56649,-0.0851722,9.5e-06,67.2691722
2013,12,24,56650,-0.0864091,3.7e-06,67.2704091
2013,12,25,56651,-0.0877291,7.5e-06,67.2717291
2013,12,26,56652,-0.0891107,1.11e-05,67.2731107
2013,12,27,56653,-0.0905322,3.6e-06,67.2745322
2013,12,28,56654,-0.0919602,9e-06,67.2759602
2013,12,29,56655,-0.0933502,1.03e-05,67.2773502
2013,12,30,56656,-0.0946605,6e-06,67.2786605
2013,12,31,56657,-0.0958816,1.3e-06,67.2798816
2014,1,1,56658,-0.0970509,6.2e-06,67.2810509
2014,1,2,56659,-0.0982417,1e-05,67.2822417
2014,1,3,56660,-0.0995045,4.4e-06,67.28350449999999
2014,1,4,56661,-0.1008534,9e-06,67.2848534
2014,1,5,56662,-0.1022594,8.4e-06,67.28625939999999
2014,1,6,56663,-0.103667,6e-06,67.287667
2014,1,7,56664,-0.1049941,1.5e-06,67.2889941
2014,1,8,56665,-0.1061719,5.3e-06,67.2901719
2014,1,9,56666,-0.1072008,1.07e-05,67.2912008
2014,1,10,56667,-0.1080952,6e-06,67.29209519999999
2014,1,11,56668,-0.108851,7.3e-06,67.292851
2014,1,12,56669,-0.1094762,6.6e-06,67.2934762
2014,1,13,56670,-0.1100333,7.6e-06,67.2940333
2014,1,14,56671,-0.1105752,2.6e-06,67.2945752
2014,1,15,56672,-0.111169,9.6e-06,67.295169
2014,1,16,56673,-0.1118388999999999,1.48e-05,67.29583889999999
2014,1,17,56674,-0.1126042999999999,6e-06,67.2966043
2014,1,18,56675,-0.1134933,6.9e-06,67.2974933
2014,1,19,56676,-0.1145454,8.1e-06,67.2985454
2014,1,20,56677,-0.1157127,7.3e-06,67.2997127
2014,1,21,56678,-0.1169561,1.09e-05,67.3009561
2014,1,22,56679,-0.1182377,4.6e-06,67.30223769999999
2014,1,23,56680,-0.1195135,8.4e-06,67.3035135
2014,1,24,56681,-0.1207234,5e-06,67.3047234
2014,1,25,56682,-0.1218334,5.9e-06,67.3058334
2014,1,26,56683,-0.1228609,1.0800000000000002e-05,67.3068609
2014,1,27,56684,-0.1238269,1.06e-05,67.3078269
2014,1,28,56685,-0.1247856,1.05e-05,67.3087856
2014,1,29,56686,-0.1258104,3.9e-06,67.3098104
2014,1,30,56687,-0.1269629,8.3e-06,67.31096289999999
2014,1,31,56688,-0.1282635,4.1000000000000006e-06,67.3122635
2014,2,1,56689,-0.1296531,9.4e-06,67.3136531
2014,2,2,56690,-0.1310704,6.3e-06,67.3150704
2014,2,3,56691,-0.1324575,6.9e-06,67.3164575
2014,2,4,56692,-0.1337438,2.3e-06,67.3177438
2014,2,5,56693,-0.1348635,1.0800000000000002e-05,67.31886349999999
2014,2,6,56694,-0.1357882,1.46e-05,67.31978819999999
2014,2,7,56695,-0.1365501999999999,8.6e-06,67.3205502
2014,2,8,56696,-0.1372079,9e-06,67.3212079
2014,2,9,56697,-0.1378092,1.25e-05,67.3218092
2014,2,10,56698,-0.1383968,9.7e-06,67.32239679999999
2014,2,11,56699,-0.1390051,2.1e-06,67.3230051
2014,2,12,56700,-0.1396693,5.8e-06,67.32366929999999
2014,2,13,56701,-0.1404603999999999,6.7e-06,67.32446039999999
2014,2,14,56702,-0.1413985999999999,4.9e-06,67.3253986
2014,2,15,56703,-0.1424512,6e-06,67.3264512
2014,2,16,56704,-0.1436580999999999,8.6e-06,67.3276581
2014,2,17,56705,-0.144961,7.7e-06,67.32896099999999
2014,2,18,56706,-0.1463208,4.2e-06,67.3303208
2014,2,19,56707,-0.147707,7.100000000000001e-06,67.331707
2014,2,20,56708,-0.149055,7.6e-06,67.333055
2014,2,21,56709,-0.150343,4.6e-06,67.334343
2014,2,22,56710,-0.1515427,1.15e-05,67.33554269999999
2014,2,23,56711,-0.1526833,8.1e-06,67.3366833
2014,2,24,56712,-0.1538325,7.2e-06,67.33783249999999
2014,2,25,56713,-0.1550436,2.2e-06,67.3390436
2014,2,26,56714,-0.1563845,5.400000000000001e-06,67.3403845
2014,2,27,56715,-0.1579346999999999,4.8e-06,67.3419347
2014,2,28,56716,-0.1597391,2.9e-06,67.3437391
2014,3,1,56717,-0.1616963,7.5e-06,67.3456963
2014,3,2,56718,-0.1637004,6.7e-06,67.3477004
2014,3,3,56719,-0.1656639999999999,7.8e-06,67.349664
2014,3,4,56720,-0.1675270999999999,2.6e-06,67.3515271
2014,3,5,56721,-0.1692176,7.4e-06,67.3532176
2014,3,6,56722,-0.1707396,8e-06,67.3547396
2014,3,7,56723,-0.172113,5.8e-06,67.356113
2014,3,8,56724,-0.173349,9.7e-06,67.357349
2014,3,9,56725,-0.1744791,5.3e-06,67.3584791
2014,3,10,56726,-0.17556,5e-06,67.35956
2014,3,11,56727,-0.1766225,5.5e-06,67.36062249999999
2014,3,12,56728,-0.1776624,2.6e-06,67.3616624
2014,3,13,56729,-0.1787709999999999,4.1000000000000006e-06,67.362771
2014,3,14,56730,-0.179975,2.7000000000000004e-06,67.363975
2014,3,15,56731,-0.1812403,6.2e-06,67.3652403
2014,3,16,56732,-0.1825144,8.9e-06,67.3665144
2014,3,17,56733,-0.183786,8.3e-06,67.367786
2014,3,18,56734,-0.1850368,3.7e-06,67.3690368
2014,3,19,56735,-0.1862549,8.8e-06,67.37025489999999
2014,3,20,56736,-0.1874422,8.7e-06,67.3714422
2014,3,21,56737,-0.1885777,1.18e-05,67.3725777
2014,3,22,56738,-0.1896834,1.33e-05,67.3736834
2014,3,23,56739,-0.190827,8e-06,67.374827
2014,3,24,56740,-0.1920415,7.8e-06,67.3760415
2014,3,25,56741,-0.193348,2.2e-06,67.377348
2014,3,26,56742,-0.1947922,8.6e-06,67.37879219999999
2014,3,27,56743,-0.1963878,7.5e-06,67.3803878
2014,3,28,56744,-0.1980989,2.3e-06,67.3820989
2014,3,29,56745,-0.1998809,6.3e-06,67.3838809
2014,3,30,56746,-0.2016754,1.02e-05,67.3856754
2014,3,31,56747,-0.203406,9.5e-06,67.387406
2014,4,1,56748,-0.2050077,2.3e-06,67.3890077
2014,4,2,56749,-0.2064734,5.3e-06,67.39047339999999
2014,4,3,56750,-0.2078192,9.2e-06,67.3918192
2014,4,4,56751,-0.2090728,6.9e-06,67.3930728
2014,4,5,56752,-0.2102804999999999,7.9e-06,67.3942805
2014,4,6,56753,-0.2114745,7.9e-06,67.39547449999999
2014,4,7,56754,-0.2126716,6.8e-06,67.39667159999999
2014,4,8,56755,-0.2138681,1.8e-06,67.3978681
2014,4,9,56756,-0.2150826,7.100000000000001e-06,67.3990826
2014,4,10,56757,-0.2163479,5e-06,67.4003479
2014,4,11,56758,-0.2176742,6.6e-06,67.4016742
2014,4,12,56759,-0.2190704,5.5e-06,67.4030704
2014,4,13,56760,-0.2205171,5.9e-06,67.40451709999999
2014,4,14,56761,-0.2219822,6.4000000000000006e-06,67.4059822
2014,4,15,56762,-0.2234228,1.9e-06,67.40742279999999
2014,4,16,56763,-0.2247319,8.000000000000001e-07,67.40873189999999
2014,4,17,56764,-0.2259407,8.200000000000001e-06,67.40994069999999
2014,4,18,56765,-0.2271293,6.6e-06,67.4111293
2014,4,19,56766,-0.2283317,7.3e-06,67.4123317
2014,4,20,56767,-0.2295651,7.100000000000001e-06,67.4135651
2014,4,21,56768,-0.2308723,8.9e-06,67.4148723
2014,4,22,56769,-0.2323122,8.6e-06,67.4163122
2014,4,23,56770,-0.2339072999999999,3.5e-06,67.4179073
2014,4,24,56771,-0.2356245,9.5e-06,67.4196245
2014,4,25,56772,-0.2374787,5.2e-06,67.4214787
2014,4,26,56773,-0.2394521,8.1e-06,67.42345209999999
2014,4,27,56774,-0.2414476,8.7e-06,67.4254476
2014,4,28,56775,-0.2433329,8e-06,67.4273329
2014,4,29,56776,-0.24504,5.7000000000000005e-06,67.42904
2014,4,30,56777,-0.2465380999999999,5e-06,67.43053809999999
2014,5,1,56778,-0.2478474,9.5e-06,67.4318474
2014,5,2,56779,-0.2490244999999999,7.3e-06,67.4330245
2014,5,3,56780,-0.2501213,7.2e-06,67.4341213
2014,5,4,56781,-0.2512088,8.1e-06,67.4352088
2014,5,5,56782,-0.2523436,6.4000000000000006e-06,67.4363436
2014,5,6,56783,-0.2535523,5.7000000000000005e-06,67.4375523
2014,5,7,56784,-0.2548052,7.3e-06,67.4388052
2014,5,8,56785,-0.2561005,4.4e-06,67.4401005
2014,5,9,56786,-0.2575154999999999,5.1e-06,67.4415155
2014,5,10,56787,-0.2589546,5.3e-06,67.4429546
2014,5,11,56788,-0.2604017,6.9e-06,67.4444017
2014,5,12,56789,-0.2618137,6.3e-06,67.4458137
2014,5,13,56790,-0.2631202,5.3e-06,67.4471202
2014,5,14,56791,-0.2642922,4.8e-06,67.4482922
2014,5,15,56792,-0.2654011,6.5e-06,67.4494011
2014,5,16,56793,-0.2664293,4.3e-06,67.4504293
2014,5,17,56794,-0.2674262,6.2e-06,67.4514262
2014,5,18,56795,-0.2684641,8.200000000000001e-06,67.4524641
2014,5,19,56796,-0.2696075,6.9e-06,67.4536075
2014,5,20,56797,-0.2708827,5.400000000000001e-06,67.4548827
2014,5,21,56798,-0.272291,8.8e-06,67.456291
2014,5,22,56799,-0.2737805,8e-06,67.4577805
2014,5,23,56800,-0.2752375,9.4e-06,67.4592375
2014,5,24,56801,-0.2766382,1.09e-05,67.46063819999999
2014,5,25,56802,-0.2779007,9.1e-06,67.4619007
2014,5,26,56803,-0.2790132,7.9e-06,67.46301319999999
2014,5,27,56804,-0.279933,7.4e-06,67.463933
2014,5,28,56805,-0.2807038,7.100000000000001e-06,67.4647038
2014,5,29,56806,-0.281365,8.1e-06,67.46536499999999
2014,5,30,56807,-0.2818336,6.8e-06,67.4658336
2014,5,31,56808,-0.282227,1.11e-05,67.466227
2014,6,1,56809,-0.2826153,1.05e-05,67.4666153
2014,6,2,56810,-0.2830498,1.05e-05,67.4670498
2014,6,3,56811,-0.283495,1.01e-05,67.467495
2014,6,4,56812,-0.2839821999999999,1.02e-05,67.4679822
2014,6,5,56813,-0.2845849,9.7e-06,67.4685849
2014,6,6,56814,-0.2852332,8.7e-06,67.46923319999999
2014,6,7,56815,-0.2859436,8.200000000000001e-06,67.4699436
2014,6,8,56816,-0.2866815,9.4e-06,67.4706815
2014,6,9,56817,-0.2874153,1.2200000000000002e-05,67.4714153
2014,6,10,56818,-0.2880883,1.06e-05,67.4720883
2014,6,11,56819,-0.2887605,6.3e-06,67.47276049999999
2014,6,12,56820,-0.289397,6.4000000000000006e-06,67.47339699999999
2014,6,13,56821,-0.2900595,5.6e-06,67.4740595
2014,6,14,56822,-0.2906988,1e-05,67.4746988
2014,6,15,56823,-0.2914264,1.04e-05,67.4754264
2014,6,16,56824,-0.2922607,8.500000000000002e-06,67.4762607
2014,6,17,56825,-0.2932405,6.7e-06,67.4772405
2014,6,18,56826,-0.2943619,6.8e-06,67.4783619
2014,6,19,56827,-0.2955058,7.9e-06,67.4795058
2014,6,20,56828,-0.2966766,1.53e-05,67.4806766
2014,6,21,56829,-0.2977464,7.5e-06,67.48174639999999
2014,6,22,56830,-0.2986589,9.8e-06,67.4826589
2014,6,23,56831,-0.2994144,8.3e-06,67.4834144
2014,6,24,56832,-0.299973,6.8e-06,67.48397299999999
2014,6,25,56833,-0.3003881,5.400000000000001e-06,67.4843881
2014,6,26,56834,-0.3007135999999999,7.5e-06,67.48471359999999
2014,6,27,56835,-0.3008724,7.100000000000001e-06,67.4848724
2014,6,28,56836,-0.3010209,7.100000000000001e-06,67.4850209
2014,6,29,56837,-0.301259,1.2200000000000002e-05,67.485259
2014,6,30,56838,-0.3015202,9.900000000000002e-06,67.4855202
2014,7,1,56839,-0.3018256,6.5e-06,67.4858256
2014,7,2,56840,-0.3022262,9.1e-06,67.4862262
2014,7,3,56841,-0.3026986,4.9e-06,67.4866986
2014,7,4,56842,-0.3032319,9.7e-06,67.4872319
2014,7,5,56843,-0.3037737,1.36e-05,67.48777369999999
2014,7,6,56844,-0.3042749,1.43e-05,67.4882749
2014,7,7,56845,-0.3047022,1.3e-05,67.48870219999999
2014,7,8,56846,-0.3050522,3.6e-06,67.4890522
2014,7,9,56847,-0.3053516,8.8e-06,67.48935159999999
2014,7,10,56848,-0.3056397999999999,8.4e-06,67.48963979999999
2014,7,11,56849,-0.305967,3.2000000000000003e-06,67.489967
2014,7,12,56850,-0.3063817,8.6e-06,67.4903817
2014,7,13,56851,-0.3069373,1.0800000000000002e-05,67.4909373
2014,7,14,56852,-0.3076573,1.27e-05,67.4916573
2014,7,15,56853,-0.3085126,3.8e-06,67.4925126
2014,7,16,56854,-0.309431,1.13e-05,67.493431
2014,7,17,56855,-0.3103337,1.35e-05,67.4943337
2014,7,18,56856,-0.3111583,4.6e-06,67.4951583
2014,7,19,56857,-0.3118707,6.2e-06,67.4958707
2014,7,20,56858,-0.3124329,1.19e-05,67.4964329
2014,7,21,56859,-0.3128114,1.02e-05,67.4968114
2014,7,22,56860,-0.3130149,2.5e-06,67.4970149
2014,7,23,56861,-0.3131042,6.4000000000000006e-06,67.4971042
2014,7,24,56862,-0.3131364,9.2e-06,67.4971364
2014,7,25,56863,-0.3131554,5.2e-06,67.4971554
2014,7,26,56864,-0.3131873,6.4000000000000006e-06,67.4971873
2014,7,27,56865,-0.3132671,8.200000000000001e-06,67.4972671
2014,7,28,56866,-0.3134241,8.9e-06,67.4974241
2014,7,29,56867,-0.3136739,2.5e-06,67.4976739
2014,7,30,56868,-0.3140308,6.3e-06,67.4980308
2014,7,31,56869,-0.3144660999999999,7.9e-06,67.4984661
2014,8,1,56870,-0.314918,4.6e-06,67.498918
2014,8,2,56871,-0.3153221,9.1e-06,67.4993221
2014,8,3,56872,-0.3156532,1.2200000000000002e-05,67.4996532
2014,8,4,56873,-0.3159237,1.2e-05,67.4999237
2014,8,5,56874,-0.3161087,5.8e-06,67.5001087
2014,8,6,56875,-0.3162337,1.01e-05,67.5002337
2014,8,7,56876,-0.3162889,1.24e-05,67.5002889
2014,8,8,56877,-0.3164058999999999,5.2e-06,67.5004059
2014,8,9,56878,-0.3166604,1.55e-05,67.5006604
2014,8,10,56879,-0.3170661999999999,9.6e-06,67.5010662
2014,8,11,56880,-0.3176599,8.1e-06,67.50165989999999
2014,8,12,56881,-0.318399,2.03e-05,67.502399
2014,8,13,56882,-0.3192062,1.1e-05,67.5032062
2014,8,14,56883,-0.3200319,8.4e-06,67.5040319
2014,8,15,56884,-0.3207939999999999,4.5e-06,67.504794
2014,8,16,56885,-0.3214326,8.8e-06,67.50543259999999
2014,8,17,56886,-0.3219427,6.8e-06,67.50594269999999
2014,8,18,56887,-0.3223478,5.2e-06,67.5063478
2014,8,19,56888,-0.3226678,1.4e-06,67.5066678
2014,8,20,56889,-0.3228885,6.4000000000000006e-06,67.5068885
2014,8,21,56890,-0.3230546,1.3100000000000002e-05,67.5070546
2014,8,22,56891,-0.3232201,7.7e-06,67.5072201
2014,8,23,56892,-0.3234237,7.4e-06,67.5074237
2014,8,24,56893,-0.323653,1.04e-05,67.50765299999999
2014,8,25,56894,-0.3239004,8e-06,67.5079004
2014,8,26,56895,-0.3242013,1.9e-06,67.5082013
2014,8,27,56896,-0.3245978,9.1e-06,67.5085978
2014,8,28,56897,-0.3250736,6.100000000000001e-06,67.5090736
2014,8,29,56898,-0.3255686,3.1e-06,67.5095686
2014,8,30,56899,-0.3260477,6.8e-06,67.5100477
2014,8,31,56900,-0.3265573,6.6e-06,67.5105573
2014,9,1,56901,-0.3270923,7.100000000000001e-06,67.5110923
2014,9,2,56902,-0.3276247,8.1e-06,67.5116247
2014,9,3,56903,-0.3281455,2.5e-06,67.5121455
2014,9,4,56904,-0.3286822,8.9e-06,67.5126822
2014,9,5,56905,-0.3292906,5.3e-06,67.51329059999999
2014,9,6,56906,-0.3300434,1.18e-05,67.51404339999999
2014,9,7,56907,-0.3309869,1e-05,67.5149869
2014,9,8,56908,-0.3321229,1.01e-05,67.5161229
2014,9,9,56909,-0.3333963,3.5e-06,67.5173963
2014,9,10,56910,-0.3346955,5.7000000000000005e-06,67.51869549999999
2014,9,11,56911,-0.335899,8e-06,67.519899
2014,9,12,56912,-0.3369328,3.1e-06,67.5209328
2014,9,13,56913,-0.3377885,9.7e-06,67.5217885
2014,9,14,56914,-0.3384975,1.23e-05,67.5224975
2014,9,15,56915,-0.3391027,1.07e-05,67.5231027
2014,9,16,56916,-0.3396742,3.3e-06,67.5236742
2014,9,17,56917,-0.3402699999999999,9.6e-06,67.52427
2014,9,18,56918,-0.34093,6.7e-06,67.52493
2014,9,19,56919,-0.3416089,3.3e-06,67.5256089
2014,9,20,56920,-0.3423237,1.7000000000000003e-05,67.52632369999999
2014,9,21,56921,-0.3430803,8.1e-06,67.5270803
2014,9,22,56922,-0.3439067,5e-06,67.5279067
2014,9,23,56923,-0.3448263,1.4e-06,67.52882629999999
2014,9,24,56924,-0.3457492,7.5e-06,67.5297492
2014,9,25,56925,-0.3466943,9.3e-06,67.5306943
2014,9,26,56926,-0.3475865999999999,1.42e-05,67.5315866
2014,9,27,56927,-0.3483859,1.9800000000000004e-05,67.5323859
2014,9,28,56928,-0.3491545,9.7e-06,67.5331545
2014,9,29,56929,-0.3498722,7.2e-06,67.53387219999999
2014,9,30,56930,-0.3505718,1.4e-06,67.5345718
2014,10,1,56931,-0.3512794,1.66e-05,67.5352794
2014,10,2,56932,-0.3520541,8.200000000000001e-06,67.5360541
2014,10,3,56933,-0.3529071,1.03e-05,67.5369071
2014,10,4,56934,-0.354009,6.8e-06,67.538009
2014,10,5,56935,-0.3553203,7.5e-06,67.5393203
2014,10,6,56936,-0.3567873,7.2e-06,67.54078729999999
2014,10,7,56937,-0.3583098,2.3e-06,67.5423098
2014,10,8,56938,-0.359909,6.2e-06,67.543909
2014,10,9,56939,-0.3614646,1.04e-05,67.5454646
2014,10,10,56940,-0.3628205,8.9e-06,67.5468205
2014,10,11,56941,-0.3639987,1.42e-05,67.5479987
2014,10,12,56942,-0.3650981,7.7e-06,67.5490981
2014,10,13,56943,-0.3660845,7.7e-06,67.5500845
2014,10,14,56944,-0.3670167,7.5e-06,67.55101669999999
2014,10,15,56945,-0.3679266,2.6200000000000003e-05,67.5519266
2014,10,16,56946,-0.3688523,1.05e-05,67.5528523
2014,10,17,56947,-0.3698265,1.27e-05,67.5538265
2014,10,18,56948,-0.3707948,8.500000000000002e-06,67.5547948
2014,10,19,56949,-0.3718466,5.2e-06,67.5558466
2014,10,20,56950,-0.3730119,5.1e-06,67.55701189999999
2014,10,21,56951,-0.3742853,1.3e-06,67.5582853
2014,10,22,56952,-0.375644,1.3e-05,67.55964399999999
2014,10,23,56953,-0.3770165,8.7e-06,67.5610165
2014,10,24,56954,-0.3783068,9.4e-06,67.5623068
2014,10,25,56955,-0.3794935,1.54e-05,67.56349349999999
2014,10,26,56956,-0.3805876,3.43e-05,67.5645876
2014,10,27,56957,-0.3816146,1.68e-05,67.5656146
2014,10,28,56958,-0.3825948,2.5e-06,67.5665948
2014,10,29,56959,-0.3836041,6.7e-06,67.5676041
2014,10,30,56960,-0.3846753,1.17e-05,67.5686753
2014,10,31,56961,-0.385818,1.47e-05,67.569818
2014,11,1,56962,-0.3871212,9.1e-06,67.5711212
2014,11,2,56963,-0.3886438,4.8e-06,67.5726438
2014,11,3,56964,-0.39032,6.5e-06,67.57432
2014,11,4,56965,-0.3920231999999999,2e-06,67.5760232
2014,11,5,56966,-0.3936596,6.100000000000001e-06,67.5776596
2014,11,6,56967,-0.3951745,1.04e-05,67.5791745
2014,11,7,56968,-0.3965413,6.9e-06,67.5805413
2014,11,8,56969,-0.3977463,7.100000000000001e-06,67.58174629999999
2014,11,9,56970,-0.3987699,8.500000000000002e-06,67.5827699
2014,11,10,56971,-0.3996746,8.6e-06,67.5836746
2014,11,11,56972,-0.4005178,2.4e-06,67.5845178
2014,11,12,56973,-0.4013658,4.6e-06,67.58536579999999
2014,11,13,56974,-0.4022707,5.5e-06,67.5862707
2014,11,14,56975,-0.4032264,3.7e-06,67.58722639999999
2014,11,15,56976,-0.4042241,6.2e-06,67.58822409999999
2014,11,16,56977,-0.4052751,5.8e-06,67.5892751
2014,11,17,56978,-0.4064355,4.4e-06,67.5904355
2014,11,18,56979,-0.4076894,1.6e-06,67.59168939999999
2014,11,19,56980,-0.4089491,6.5e-06,67.5929491
2014,11,20,56981,-0.410176,8.200000000000001e-06,67.594176
2014,11,21,56982,-0.4113379,7.2e-06,67.5953379
2014,11,22,56983,-0.4124443,6.6e-06,67.5964443
2014,11,23,56984,-0.4135151,8e-06,67.5975151
2014,11,24,56985,-0.4145452,6.8e-06,67.5985452
2014,11,25,56986,-0.4155369,2.3e-06,67.5995369
2014,11,26,56987,-0.4165109,4.7e-06,67.6005109
2014,11,27,56988,-0.4175503,1.17e-05,67.6015503
2014,11,28,56989,-0.4187293,1.38e-05,67.6027293
2014,11,29,56990,-0.4200745999999999,1.03e-05,67.6040746
2014,11,30,56991,-0.4215228,8.500000000000002e-06,67.6055228
2014,12,1,56992,-0.4230186,6.6e-06,67.6070186
2014,12,2,56993,-0.4244887,5.5e-06,67.6084887
2014,12,3,56994,-0.4258803,7.100000000000001e-06,67.6098803
2014,12,4,56995,-0.4272192999999999,1.05e-05,67.6112193
2014,12,5,56996,-0.4284417,1.15e-05,67.61244169999999
2014,12,6,56997,-0.4295356,4.5e-06,67.61353559999999
2014,12,7,56998,-0.4305244,6e-06,67.6145244
2014,12,8,56999,-0.4314891,5.5e-06,67.61548909999999
2014,12,9,57000,-0.4324693,7e-06,67.61646929999999
2014,12,10,57001,-0.4334848,3.5e-06,67.6174848
2014,12,11,57002,-0.4345401,9.8e-06,67.6185401
2014,12,12,57003,-0.4357065,5.5e-06,67.61970649999999
2014,12,13,57004,-0.4369431,6.8e-06,67.62094309999999
2014,12,14,57005,-0.4381812,6.4000000000000006e-06,67.6221812
2014,12,15,57006,-0.4393885,8.4e-06,67.6233885
2014,12,16,57007,-0.440663,3.6e-06,67.624663
2014,12,17,57008,-0.4419529,1.36e-05,67.6259529
2014,12,18,57009,-0.4432099,7.2e-06,67.6272099
2014,12,19,57010,-0.4443914,8.500000000000002e-06,67.6283914
2014,12,20,57011,-0.4454715,4.9e-06,67.6294715
2014,12,21,57012,-0.4464581999999999,3.2000000000000003e-06,67.63045819999999
2014,12,22,57013,-0.4473857,4.8e-06,67.6313857
2014,12,23,57014,-0.4483507,2.1e-06,67.6323507
2014,12,24,57015,-0.4494138,1.06e-05,67.6334138
2014,12,25,57016,-0.4505837,2e-05,67.6345837
2014,12,26,57017,-0.4518828,1.7899999999999998e-05,67.6358828
2014,12,27,57018,-0.4533158,1.01e-05,67.6373158
2014,12,28,57019,-0.4548478,6.100000000000001e-06,67.6388478
2014,12,29,57020,-0.4563905,4.7e-06,67.6403905
2014,12,30,57021,-0.4577323,1.6e-06,67.6417323
2014,12,31,57022,-0.4588866,2.2700000000000003e-05,67.6428866
2015,1,1,57023,-0.459909,9.900000000000002e-06,67.643909
2015,1,2,57024,-0.4608087,1.9e-05,67.6448087
2015,1,3,57025,-0.4616065,1.94e-05,67.6456065
2015,1,4,57026,-0.4623302,7.2e-06,67.6463302
2015,1,5,57027,-0.4630077,8e-06,67.6470077
2015,1,6,57028,-0.4636688,3e-06,67.64766879999999
2015,1,7,57029,-0.4643162,9.2e-06,67.6483162
2015,1,8,57030,-0.4650833,1.23e-05,67.6490833
2015,1,9,57031,-0.4660034999999999,5.6e-06,67.6500035
2015,1,10,57032,-0.4670502,7.9e-06,67.6510502
2015,1,11,57033,-0.4681696999999999,5.2e-06,67.6521697
2015,1,12,57034,-0.4692848,3.8e-06,67.6532848
2015,1,13,57035,-0.4704109,6.3e-06,67.6544109
2015,1,14,57036,-0.4715388,2.5e-06,67.6555388
2015,1,15,57037,-0.4726693,6.4000000000000006e-06,67.6566693
2015,1,16,57038,-0.4737919,4.8e-06,67.65779189999999
2015,1,17,57039,-0.4748909,5.6e-06,67.6588909
2015,1,18,57040,-0.47596,6.7e-06,67.65996
2015,1,19,57041,-0.4770237,5.6e-06,67.6610237
2015,1,20,57042,-0.4781499999999999,6.9e-06,67.66215
2015,1,21,57043,-0.4793933999999999,1.0800000000000002e-05,67.6633934
2015,1,22,57044,-0.4807921,6.100000000000001e-06,67.6647921
2015,1,23,57045,-0.4823235,6.3e-06,67.6663235
2015,1,24,57046,-0.4838686,6.4000000000000006e-06,67.66786859999999
2015,1,25,57047,-0.4854036,5.7000000000000005e-06,67.6694036
2015,1,26,57048,-0.4867861,5e-06,67.6707861
2015,1,27,57049,-0.4880195,2.6e-06,67.67201949999999
2015,1,28,57050,-0.4890627,6.8e-06,67.6730627
2015,1,29,57051,-0.4899632,6.8e-06,67.6739632
2015,1,30,57052,-0.4908208,6e-06,67.67482079999999
2015,1,31,57053,-0.4916557,6.7e-06,67.6756557
2015,2,1,57054,-0.4925323,1.02e-05,67.67653229999999
2015,2,2,57055,-0.49346,8.9e-06,67.67746
2015,2,3,57056,-0.4944398,2.7000000000000004e-06,67.67843979999999
2015,2,4,57057,-0.4955034,6e-06,67.6795034
2015,2,5,57058,-0.4966539,7.4e-06,67.6806539
2015,2,6,57059,-0.4978688,4e-06,67.6818688
2015,2,7,57060,-0.4991464,7.9e-06,67.6831464
2015,2,8,57061,-0.5004886000000001,8.8e-06,67.6844886
2015,2,9,57062,-0.5018508,9.2e-06,67.6858508
2015,2,10,57063,-0.5031633,2.5e-06,67.6871633
2015,2,11,57064,-0.5043726,2.5e-06,67.6883726
2015,2,12,57065,-0.5055342,6.9e-06,67.6895342
2015,2,13,57066,-0.5067089,4.8e-06,67.6907089
2015,2,14,57067,-0.5078836999999999,6.6e-06,67.69188369999999
2015,2,15,57068,-0.5090545000000001,6.2e-06,67.6930545
2015,2,16,57069,-0.5102619,4.3e-06,67.6942619
2015,2,17,57070,-0.5115819,1.6e-06,67.6955819
2015,2,18,57071,-0.5130727,4.8e-06,67.69707269999999
2015,2,19,57072,-0.5147414,5.3e-06,67.6987414
2015,2,20,57073,-0.5165082999999999,1.5e-06,67.7005083
2015,2,21,57074,-0.5182649,7.6e-06,67.7022649
2015,2,22,57075,-0.5199549,5.3e-06,67.7039549
2015,2,23,57076,-0.5215203,3.6e-06,67.7055203
2015,2,24,57077,-0.5228868999999999,1.1e-06,67.7068869
2015,2,25,57078,-0.5240267000000001,5.7000000000000005e-06,67.70802669999999
2015,2,26,57079,-0.5250326,3.5e-06,67.7090326
2015,2,27,57080,-0.5259483,1.4e-06,67.7099483
2015,2,28,57081,-0.5268069000000001,6.7e-06,67.7108069
2015,3,1,57082,-0.5276805000000001,6.6e-06,67.7116805
2015,3,2,57083,-0.5285949000000001,6e-06,67.7125949
2015,3,3,57084,-0.5295678,4.7e-06,67.71356779999999
2015,3,4,57085,-0.5306119,1.3e-06,67.7146119
2015,3,5,57086,-0.5317172000000001,2.3e-06,67.7157172
2015,3,6,57087,-0.5328776000000001,4.4e-06,67.7168776
2015,3,7,57088,-0.5340912,5.9e-06,67.7180912
2015,3,8,57089,-0.5353642,5.7000000000000005e-06,67.7193642
2015,3,9,57090,-0.5366752,6.4000000000000006e-06,67.7206752
2015,3,10,57091,-0.5380399,2.6e-06,67.7220399
2015,3,11,57092,-0.5394279000000001,3.8e-06,67.7234279
2015,3,12,57093,-0.5408453,5.9e-06,67.7248453
2015,3,13,57094,-0.5422514,6.5e-06,67.7262514
2015,3,14,57095,-0.5436824,5.5e-06,67.72768239999999
2015,3,15,57096,-0.5451996,4.9e-06,67.7291996
2015,3,16,57097,-0.5468126,7.100000000000001e-06,67.7308126
2015,3,17,57098,-0.5485493,2.2e-06,67.7325493
2015,3,18,57099,-0.5504479,1.41e-05,67.73444789999999
2015,3,19,57100,-0.5525349,1.42e-05,67.7365349
2015,3,20,57101,-0.5547683,1.26e-05,67.7387683
2015,3,21,57102,-0.5570533000000001,6e-06,67.7410533
2015,3,22,57103,-0.5592698,5.8e-06,67.7432698
2015,3,23,57104,-0.5613227000000001,4.6e-06,67.7453227
2015,3,24,57105,-0.563226,1.3e-06,67.747226
2015,3,25,57106,-0.5650037,6.4000000000000006e-06,67.7490037
2015,3,26,57107,-0.5666389000000001,5.9e-06,67.7506389
2015,3,27,57108,-0.5681216,5.400000000000001e-06,67.7521216
2015,3,28,57109,-0.5695374000000001,5e-06,67.7535374
2015,3,29,57110,-0.5709323000000001,5e-06,67.7549323
2015,3,30,57111,-0.5723081,3.5e-06,67.7563081
2015,3,31,57112,-0.5736728000000001,1e-06,67.7576728
2015,4,1,57113,-0.5750574,7.4e-06,67.7590574
2015,4,2,57114,-0.5764211,6.5e-06,67.7604211
2015,4,3,57115,-0.577729,6.3e-06,67.761729
2015,4,4,57116,-0.5789797,4.4e-06,67.7629797
2015,4,5,57117,-0.5801864000000001,4.3e-06,67.7641864
2015,4,6,57118,-0.581408,3.7e-06,67.765408
2015,4,7,57119,-0.58264,2.3e-06,67.76664
2015,4,8,57120,-0.5838834,9e-07,67.7678834
2015,4,9,57121,-0.5851289000000001,6.7e-06,67.7691289
2015,4,10,57122,-0.5863971,5.8e-06,67.7703971
2015,4,11,57123,-0.5877583,6.7e-06,67.7717583
2015,4,12,57124,-0.5892569999999999,4.2e-06,67.773257
2015,4,13,57125,-0.5908875,4.5e-06,67.77488749999999
2015,4,14,57126,-0.5926606000000001,1.8e-06,67.7766606
2015,4,15,57127,-0.5945716999999999,1.14e-05,67.7785717
2015,4,16,57128,-0.5965752,9.1e-06,67.7805752
2015,4,17,57129,-0.5985544,7e-06,67.7825544
2015,4,18,57130,-0.600426,5.400000000000001e-06,67.784426
2015,4,19,57131,-0.6021824,4.3e-06,67.7861824
2015,4,20,57132,-0.6037251,4.3e-06,67.7877251
2015,4,21,57133,-0.6050515000000001,1.7e-06,67.7890515
2015,4,22,57134,-0.6061778000000001,8.6e-06,67.7901778
2015,4,23,57135,-0.6071989999999999,1.15e-05,67.79119899999999
2015,4,24,57136,-0.6082036000000001,6.4000000000000006e-06,67.7922036
2015,4,25,57137,-0.6092599000000001,7.5e-06,67.7932599
2015,4,26,57138,-0.6104274000000001,4.5e-06,67.7944274
2015,4,27,57139,-0.6116699999999999,5.2e-06,67.79567
2015,4,28,57140,-0.6129818,6.8e-06,67.7969818
2015,4,29,57141,-0.6143624,1.7500000000000002e-05,67.7983624
2015,4,30,57142,-0.6157623,1.24e-05,67.7997623
2015,5,1,57143,-0.6171588,1.52e-05,67.8011588
2015,5,2,57144,-0.6185128999999999,5.5e-06,67.8025129
2015,5,3,57145,-0.619776,4.6e-06,67.803776
2015,5,4,57146,-0.6209607,5.3e-06,67.8049607
2015,5,5,57147,-0.6220656,6.6e-06,67.8060656
2015,5,6,57148,-0.6230694,7.6e-06,67.8070694
2015,5,7,57149,-0.6241095,8.6e-06,67.8081095
2015,5,8,57150,-0.6251746,7.5e-06,67.80917459999999
2015,5,9,57151,-0.6262782,9.5e-06,67.8102782
2015,5,10,57152,-0.6275179000000001,6.8e-06,67.8115179
2015,5,11,57153,-0.6289469000000001,4.4e-06,67.8129469
2015,5,12,57154,-0.6305931,1.3e-06,67.8145931
2015,5,13,57155,-0.6323832,1.03e-05,67.8163832
2015,5,14,57156,-0.6342549000000001,1.11e-05,67.8182549
2015,5,15,57157,-0.6361527,7.8e-06,67.8201527
2015,5,16,57158,-0.6380002,6.6e-06,67.82200019999999
2015,5,17,57159,-0.6397527000000001,1.05e-05,67.8237527
2015,5,18,57160,-0.6413201000000001,7.7e-06,67.8253201
2015,5,19,57161,-0.6427497,2.2e-06,67.8267497
2015,5,20,57162,-0.6440719,6.4000000000000006e-06,67.8280719
2015,5,21,57163,-0.6452826,5.7000000000000005e-06,67.8292826
2015,5,22,57164,-0.6464049000000001,4.1000000000000006e-06,67.83040489999999
2015,5,23,57165,-0.647498,7.6e-06,67.831498
2015,5,24,57166,-0.6485609,7.100000000000001e-06,67.8325609
2015,5,25,57167,-0.6495894,7.6e-06,67.8335894
2015,5,26,57168,-0.6506112000000001,7.4e-06,67.8346112
2015,5,27,57169,-0.6516389,2.4e-06,67.83563889999999
2015,5,28,57170,-0.6526495,4.9e-06,67.8366495
2015,5,29,57171,-0.6536436,7.3e-06,67.83764359999999
2015,5,30,57172,-0.65459,7.3e-06,67.83859
2015,5,31,57173,-0.655457,8.7e-06,67.839457
2015,6,1,57174,-0.6562324,6.9e-06,67.84023239999999
2015,6,2,57175,-0.6569267,1.8e-06,67.8409267
2015,6,3,57176,-0.6575615,5.5e-06,67.8415615
2015,6,4,57177,-0.6581853,1e-05,67.8421853
2015,6,5,57178,-0.6588331,9.7e-06,67.8428331
2015,6,6,57179,-0.6595597000000001,8.4e-06,67.8435597
2015,6,7,57180,-0.660404,7.4e-06,67.844404
2015,6,8,57181,-0.6613914999999999,8.6e-06,67.84539149999999
2015,6,9,57182,-0.6624542,8.200000000000001e-06,67.8464542
2015,6,10,57183,-0.6635244,3.5e-06,67.8475244
2015,6,11,57184,-0.6645576999999999,5.400000000000001e-06,67.8485577
2015,6,12,57185,-0.665501,5.3e-06,67.849501
2015,6,13,57186,-0.6663144,8.6e-06,67.8503144
2015,6,14,57187,-0.666963,1e-05,67.850963
2015,6,15,57188,-0.6674357,1.0800000000000002e-05,67.8514357
2015,6,16,57189,-0.6677664,3.5e-06,67.8517664
2015,6,17,57190,-0.6679883999999999,8.4e-06,67.8519884
2015,6,18,57191,-0.6681745,1.39e-05,67.8521745
2015,6,19,57192,-0.668432,5.7000000000000005e-06,67.852432
2015,6,20,57193,-0.6688141000000001,5.7000000000000005e-06,67.8528141
2015,6,21,57194,-0.6692972,7.5e-06,67.8532972
2015,6,22,57195,-0.6698793,7.8e-06,67.8538793
2015,6,23,57196,-0.6705564,2.3e-06,67.85455639999999
2015,6,24,57197,-0.6713167999999999,9.4e-06,67.8553168
2015,6,25,57198,-0.6721296999999999,5.6e-06,67.8561297
2015,6,26,57199,-0.6729658,8.8e-06,67.8569658
2015,6,27,57200,-0.6738103999999999,7.4e-06,67.85781039999999
2015,6,28,57201,-0.674629,9.7e-06,67.858629
2015,6,29,57202,-0.6753627,6.5e-06,67.85936269999999
2015,6,30,57203,-0.6760362,1.8e-06,67.8600362
2015,7,1,57204,0.3233627,5.400000000000001e-06,67.8606373
2015,7,2,57205,0.3227541,7e-06,67.8612459
2015,7,3,57206,0.3220635,9.2e-06,67.8619365
2015,7,4,57207,0.3212544,1.3100000000000002e-05,67.8627456
2015,7,5,57208,0.3202374,1.47e-05,67.8637626
2015,7,6,57209,0.3190359,1.26e-05,67.8649641
2015,7,7,57210,0.317755,2.7000000000000004e-06,67.86624499999999
2015,7,8,57211,0.3164272,5.1e-06,67.86757279999999
2015,7,9,57212,0.3151028999999999,8.500000000000002e-06,67.8688971
2015,7,10,57213,0.3138535999999999,7.2e-06,67.8701464
2015,7,11,57214,0.3127484,1.41e-05,67.8712516
2015,7,12,57215,0.3118268,9.4e-06,67.87217319999999
2015,7,13,57216,0.3110995,8.9e-06,67.8729005
2015,7,14,57217,0.3105491999999999,2.7000000000000004e-06,67.8734508
2015,7,15,57218,0.3101196,8.3e-06,67.8738804
2015,7,16,57219,0.3097187,1.04e-05,67.87428129999999
2015,7,17,57220,0.3092781,9.900000000000002e-06,67.8747219
2015,7,18,57221,0.3088115,1.15e-05,67.8751885
2015,7,19,57222,0.3083407,7.9e-06,67.8756593
2015,7,20,57223,0.3078559,7.6e-06,67.87614409999999
2015,7,21,57224,0.3073444,2.5e-06,67.87665559999999
2015,7,22,57225,0.3068111,1.51e-05,67.8771889
2015,7,23,57226,0.3062962999999999,7.9e-06,67.8777037
2015,7,24,57227,0.3057998,6.6e-06,67.8782002
2015,7,25,57228,0.3053001,8.8e-06,67.8786999
2015,7,26,57229,0.304877,9.900000000000002e-06,67.87912299999999
2015,7,27,57230,0.3044891,9.2e-06,67.8795109
2015,7,28,57231,0.3040959,6.2e-06,67.8799041
2015,7,29,57232,0.3037026,7.5e-06,67.8802974
2015,7,30,57233,0.3032393,8e-06,67.8807607
2015,7,31,57234,0.3026387,6.9e-06,67.8813613
2015,8,1,57235,0.3018390999999999,9.5e-06,67.8821609
2015,8,2,57236,0.3008572,7.8e-06,67.8831428
2015,8,3,57237,0.2996969,7.2e-06,67.8843031
2015,8,4,57238,0.2984583,8.6e-06,67.8855417
2015,8,5,57239,0.2972129,3.7e-06,67.88678709999999
2015,8,6,57240,0.2960378999999999,1.2e-05,67.8879621
2015,8,7,57241,0.2950022,4.1000000000000006e-06,67.8889978
2015,8,8,57242,0.2941144,6.8e-06,67.8898856
2015,8,9,57243,0.2933549,1.27e-05,67.8906451
2015,8,10,57244,0.2927032,1.36e-05,67.89129679999999
2015,8,11,57245,0.2921184,8e-06,67.89188159999999
2015,8,12,57246,0.2915273,3.4e-06,67.8924727
2015,8,13,57247,0.2908879,1e-05,67.8931121
2015,8,14,57248,0.2901791,9.7e-06,67.8938209
2015,8,15,57249,0.2894124,1.24e-05,67.8945876
2015,8,16,57250,0.2886072,6.100000000000001e-06,67.8953928
2015,8,17,57251,0.2877681,5.6e-06,67.8962319
2015,8,18,57252,0.2869277,1.8e-06,67.89707229999999
2015,8,19,57253,0.2861077,6.100000000000001e-06,67.8978923
2015,8,20,57254,0.2852848,7.100000000000001e-06,67.8987152
2015,8,21,57255,0.2844522,8.3e-06,67.8995478
2015,8,22,57256,0.2836352,7.3e-06,67.90036479999999
2015,8,23,57257,0.2828717,6.4000000000000006e-06,67.9011283
2015,8,24,57258,0.2821161,6.7e-06,67.9018839
2015,8,25,57259,0.2813097,2e-06,67.9026903
2015,8,26,57260,0.2804202,5.3e-06,67.9035798
2015,8,27,57261,0.279454,7.4e-06,67.904546
2015,8,28,57262,0.278338,6.5e-06,67.90566199999999
2015,8,29,57263,0.2770254,5.400000000000001e-06,67.9069746
2015,8,30,57264,0.2755048,6.8e-06,67.9084952
2015,8,31,57265,0.2738016,6.7e-06,67.9101984
2015,9,1,57266,0.2719916,2.4e-06,67.91200839999999
2015,9,2,57267,0.2701919,2.29e-05,67.9138081
2015,9,3,57268,0.268507,8.9e-06,67.915493
2015,9,4,57269,0.2670035,1.2200000000000002e-05,67.9169965
2015,9,5,57270,0.2656947,9.4e-06,67.9183053
2015,9,6,57271,0.2644795,7.5e-06,67.9195205
2015,9,7,57272,0.2633532,8.4e-06,67.9206468
2015,9,8,57273,0.2622934,6.9e-06,67.9217066
2015,9,9,57274,0.2612369,4.7e-06,67.9227631
2015,9,10,57275,0.260191,5.9e-06,67.92380899999999
2015,9,11,57276,0.2591332,6.5e-06,67.9248668
2015,9,12,57277,0.2579611,8.6e-06,67.9260389
2015,9,13,57278,0.256689,9.1e-06,67.927311
2015,9,14,57279,0.2553816,7.7e-06,67.92861839999999
2015,9,15,57280,0.2540451,2.1e-06,67.9299549
2015,9,16,57281,0.2527345,8.6e-06,67.9312655
2015,9,17,57282,0.2514939,8.200000000000001e-06,67.9325061
2015,9,18,57283,0.2503038,7e-06,67.9336962
2015,9,19,57284,0.249131,7.5e-06,67.93486899999999
2015,9,20,57285,0.2479678,7.100000000000001e-06,67.9360322
2015,9,21,57286,0.2467838,8.7e-06,67.9372162
2015,9,22,57287,0.2455444,2.8e-06,67.9384556
2015,9,23,57288,0.2441986,6.4000000000000006e-06,67.9398014
2015,9,24,57289,0.2427444,7.7e-06,67.94125559999999
2015,9,25,57290,0.2411481,1.12e-05,67.9428519
2015,9,26,57291,0.2393472999999999,1.24e-05,67.94465269999999
2015,9,27,57292,0.2373405,6e-06,67.9466595
2015,9,28,57293,0.235219,7.2e-06,67.948781
2015,9,29,57294,0.2331205,2.2e-06,67.9508795
2015,9,30,57295,0.2311416,1.15e-05,67.9528584
2015,10,1,57296,0.2293549,1.01e-05,67.9546451
2015,10,2,57297,0.2278026,6.6e-06,67.9561974
2015,10,3,57298,0.2264602,8.500000000000002e-06,67.95753979999999
2015,10,4,57299,0.225226,8e-06,67.95877399999999
2015,10,5,57300,0.2240132,8.3e-06,67.9599868
2015,10,6,57301,0.2227487,2.5e-06,67.9612513
2015,10,7,57302,0.2214176,7.4e-06,67.9625824
2015,10,8,57303,0.2200253999999999,8.6e-06,67.9639746
2015,10,9,57304,0.2185837,6.100000000000001e-06,67.9654163
2015,10,10,57305,0.217061,8e-06,67.966939
2015,10,11,57306,0.2154551999999999,7.2e-06,67.9685448
2015,10,12,57307,0.2138006,6.4000000000000006e-06,67.9701994
2015,10,13,57308,0.2121427,8.9e-06,67.9718573
2015,10,14,57309,0.2105316,3.5e-06,67.9734684
2015,10,15,57310,0.209014,1.6400000000000002e-05,67.974986
2015,10,16,57311,0.2075757,1.93e-05,67.97642429999999
2015,10,17,57312,0.2061557,6.9e-06,67.9778443
2015,10,18,57313,0.2047136,6.100000000000001e-06,67.97928639999999
2015,10,19,57314,0.2031835,6.5e-06,67.9808165
2015,10,20,57315,0.2016408999999999,1.6e-06,67.9823591
2015,10,21,57316,0.2000617,1.68e-05,67.98393829999999
2015,10,22,57317,0.1983822999999999,8.500000000000002e-06,67.98561769999999
2015,10,23,57318,0.1965274,7.100000000000001e-06,67.9874726
2015,10,24,57319,0.1944681,6e-06,67.9895319
2015,10,25,57320,0.1922482,8.7e-06,67.9917518
2015,10,26,57321,0.1899635,5.6e-06,67.99403649999999
2015,10,27,57322,0.1876658,1.4e-06,67.99633419999999
2015,10,28,57323,0.1854666,6.4000000000000006e-06,67.9985334
2015,10,29,57324,0.1834452,6e-06,68.0005548
2015,10,30,57325,0.1816418,6.100000000000001e-06,68.0023582
2015,10,31,57326,0.1800122,5.2e-06,68.0039878
2015,11,1,57327,0.1785094,5.2e-06,68.0054906
2015,11,2,57328,0.1770419,7.100000000000001e-06,68.00695809999999
2015,11,3,57329,0.1756031,9e-06,68.0083969
2015,11,4,57330,0.1741816,3e-06,68.0098184
2015,11,5,57331,0.1727352,1.02e-05,68.01126479999999
2015,11,6,57332,0.1712262,9.7e-06,68.01277379999999
2015,11,7,57333,0.1696433,5.400000000000001e-06,68.0143567
2015,11,8,57334,0.1680302,5.400000000000001e-06,68.0159698
2015,11,9,57335,0.1664291,8.9e-06,68.0175709
2015,11,10,57336,0.1648719,4.2e-06,68.0191281
2015,11,11,57337,0.1633563,7.6e-06,68.0206437
2015,11,12,57338,0.1618871,7.3e-06,68.0221129
2015,11,13,57339,0.1604772,6.3e-06,68.0235228
2015,11,14,57340,0.1591024,7e-06,68.0248976
2015,11,15,57341,0.1577249,6.6e-06,68.02627509999999
2015,11,16,57342,0.1563533,5.7000000000000005e-06,68.02764669999999
2015,11,17,57343,0.1549246,6.100000000000001e-06,68.0290754
2015,11,18,57344,0.1534352,6.9e-06,68.0305648
2015,11,19,57345,0.1518766,6.6e-06,68.0321234
2015,11,20,57346,0.1502462,6e-06,68.0337538
2015,11,21,57347,0.1485186,5.8e-06,68.0354814
2015,11,22,57348,0.1466966999999999,5.9e-06,68.03730329999999
2015,11,23,57349,0.1448702,4.5e-06,68.0391298
2015,11,24,57350,0.1430801,4.2e-06,68.04091989999999
2015,11,25,57351,0.1413871,5.8e-06,68.0426129
2015,11,26,57352,0.1397747,5.9e-06,68.0442253
2015,11,27,57353,0.1383294,1.27e-05,68.0456706
2015,11,28,57354,0.1369723,9.2e-06,68.0470277
2015,11,29,57355,0.1355883,5.400000000000001e-06,68.0484117
2015,11,30,57356,0.1341175,6.7e-06,68.0498825
2015,12,1,57357,0.1325904,1.01e-05,68.0514096
2015,12,2,57358,0.1309615,5.3e-06,68.0530385
2015,12,3,57359,0.1292883,5.400000000000001e-06,68.0547117
2015,12,4,57360,0.1276238,5.5e-06,68.0563762
2015,12,5,57361,0.125928,5.6e-06,68.058072
2015,12,6,57362,0.1242687,5.8e-06,68.0597313
2015,12,7,57363,0.122621,6e-06,68.061379
2015,12,8,57364,0.1209575,6.2e-06,68.0630425
2015,12,9,57365,0.1193117,6.3e-06,68.0646883
2015,12,10,57366,0.117728,6.5e-06,68.066272
2015,12,11,57367,0.1162206,6.5e-06,68.06777939999999
2015,12,12,57368,0.1147805,6.6e-06,68.0692195
2015,12,13,57369,0.1133593,6.6e-06,68.0706407
2015,12,14,57370,0.1119733,6.6e-06,68.0720267
2015,12,15,57371,0.1105164999999999,6.7e-06,68.0734835
2015,12,16,57372,0.1089185,6.7e-06,68.0750815
2015,12,17,57373,0.1072182,6.7e-06,68.07678179999999
2015,12,18,57374,0.1054086,6.7e-06,68.0785914
2015,12,19,57375,0.1035126,6.6e-06,68.0804874
2015,12,20,57376,0.101511,6.5e-06,68.082489
2015,12,21,57377,0.0995037,6.4000000000000006e-06,68.0844963
2015,12,22,57378,0.0976237,6.3e-06,68.0863763
2015,12,23,57379,0.0958802,6.2e-06,68.0881198
2015,12,24,57380,0.0942904,6.2e-06,68.08970959999999
2015,12,25,57381,0.0928075,6.2e-06,68.09119249999999
2015,12,26,57382,0.0914544,6.2e-06,68.0925456
2015,12,27,57383,0.0900941,6.100000000000001e-06,68.0939059
2015,12,28,57384,0.0885893,6e-06,68.0954107
2015,12,29,57385,0.0869659,5.8e-06,68.0970341
2015,12,30,57386,0.0852711,5.6e-06,68.0987289
2015,12,31,57387,0.0834477,5.400000000000001e-06,68.1005523
2016,1,1,57388,0.0815253,5.1e-06,68.1024747
2016,1,2,57389,0.079613,4.9e-06,68.104387
2016,1,3,57390,0.0776943,4.7e-06,68.1063057
2016,1,4,57391,0.0757555,4.6e-06,68.1082445
2016,1,5,57392,0.073839,4.6e-06,68.11016099999999
2016,1,6,57393,0.071957,4.6e-06,68.112043
2016,1,7,57394,0.0700952,4.8e-06,68.1139048
2016,1,8,57395,0.0683071,5e-06,68.1156929
2016,1,9,57396,0.0665729,5.400000000000001e-06,68.1174271
2016,1,10,57397,0.0647930999999999,5.7000000000000005e-06,68.1192069
2016,1,11,57398,0.0629571,6e-06,68.12104289999999
2016,1,12,57399,0.0610363,6.2e-06,68.1229637
2016,1,13,57400,0.0589996999999999,6.100000000000001e-06,68.1250003
2016,1,14,57401,0.0568343,5.9e-06,68.12716569999999
2016,1,15,57402,0.0546315,5.7000000000000005e-06,68.1293685
2016,1,16,57403,0.0524774,5.400000000000001e-06,68.1315226
2016,1,17,57404,0.0503893,5.2e-06,68.13361069999999
2016,1,18,57405,0.0484085,5.1e-06,68.1355915
2016,1,19,57406,0.0465071,5e-06,68.1374929
2016,1,20,57407,0.0447225,5.1e-06,68.13927749999999
2016,1,21,57408,0.043111,5.2e-06,68.140889
2016,1,22,57409,0.0415745,5.400000000000001e-06,68.1424255
2016,1,23,57410,0.0400270999999999,5.6e-06,68.1439729
2016,1,24,57411,0.0384109,5.9e-06,68.1455891
2016,1,25,57412,0.036815,6e-06,68.147185
2016,1,26,57413,0.0352002,6.100000000000001e-06,68.14879979999999
2016,1,27,57414,0.0335813,6e-06,68.1504187
2016,1,28,57415,0.0319957,5.8e-06,68.1520043
2016,1,29,57416,0.0304551,5.5e-06,68.1535449
2016,1,30,57417,0.0289368,5.3e-06,68.1550632
2016,1,31,57418,0.0275519,5e-06,68.15644809999999
2016,2,1,57419,0.0262719,4.9e-06,68.1577281
2016,2,2,57420,0.0249958,4.6e-06,68.1590042
2016,2,3,57421,0.0238016,4.6e-06,68.1601984
2016,2,4,57422,0.0226308,4.7e-06,68.1613692
2016,2,5,57423,0.0214305999999999,4.9e-06,68.1625694
2016,2,6,57424,0.0201500999999999,5e-06,68.1638499
2016,2,7,57425,0.0187256,5.2e-06,68.1652744
2016,2,8,57426,0.0171286,5.3e-06,68.16687139999999
2016,2,9,57427,0.0153216,5.400000000000001e-06,68.1686784
2016,2,10,57428,0.0133091,5.5e-06,68.1706909
2016,2,11,57429,0.0112339,5.6e-06,68.1727661
2016,2,12,57430,0.0091407,5.7000000000000005e-06,68.1748593
2016,2,13,57431,0.0071356,5.9e-06,68.1768644
2016,2,14,57432,0.0052511,6e-06,68.1787489
2016,2,15,57433,0.0035069,6.100000000000001e-06,68.18049309999999
2016,2,16,57434,0.0019126,6.100000000000001e-06,68.1820874
2016,2,17,57435,0.0004608,6.100000000000001e-06,68.1835392
2016,2,18,57436,-0.0008581,6.100000000000001e-06,68.1848581
2016,2,19,57437,-0.002113,5.9e-06,68.18611299999999
2016,2,20,57438,-0.0034487,5.7000000000000005e-06,68.1874487
2016,2,21,57439,-0.0048827,5.5e-06,68.1888827
2016,2,22,57440,-0.0064324,5.3e-06,68.19043239999999
2016,2,23,57441,-0.0080787,5.2e-06,68.1920787
2016,2,24,57442,-0.0097889,5.1e-06,68.1937889
2016,2,25,57443,-0.0115637,5e-06,68.1955637
2016,2,26,57444,-0.0134119,5e-06,68.19741189999999
2016,2,27,57445,-0.0152189,4.9e-06,68.19921889999999
2016,2,28,57446,-0.0169781,4.8e-06,68.2009781
2016,2,29,57447,-0.0186952,4.7e-06,68.2026952
2016,3,1,57448,-0.0203678,4.6e-06,68.2043678
2016,3,2,57449,-0.0219964,4.3e-06,68.2059964
2016,3,3,57450,-0.0236932,4.3e-06,68.2076932
2016,3,4,57451,-0.0254431,4.2e-06,68.2094431
2016,3,5,57452,-0.0272362,4.2e-06,68.2112362
2016,3,6,57453,-0.029211,4.2e-06,68.213211
2016,3,7,57454,-0.0313363,4.2e-06,68.2153363
2016,3,8,57455,-0.0335662,4.2e-06,68.2175662
2016,3,9,57456,-0.0359202999999999,4.3e-06,68.2199203
2016,3,10,57457,-0.0383632,4.4e-06,68.2223632
2016,3,11,57458,-0.0408584,4.5e-06,68.2248584
2016,3,12,57459,-0.043278,4.7e-06,68.227278
2016,3,13,57460,-0.0455811,4.8e-06,68.2295811
2016,3,14,57461,-0.0477513,4.9e-06,68.2317513
2016,3,15,57462,-0.0497721999999999,5.1e-06,68.2337722
2016,3,16,57463,-0.0516443,5.2e-06,68.2356443
2016,3,17,57464,-0.0534764,5.400000000000001e-06,68.23747639999999
2016,3,18,57465,-0.0552905,5.6e-06,68.2392905
2016,3,19,57466,-0.0571464,5.8e-06,68.24114639999999
2016,3,20,57467,-0.0590904,6e-06,68.2430904
2016,3,21,57468,-0.0611074,6.2e-06,68.2451074
2016,3,22,57469,-0.0631844,6.3e-06,68.2471844
2016,3,23,57470,-0.0652904,6.4000000000000006e-06,68.24929039999999
2016,3,24,57471,-0.067338,6.4000000000000006e-06,68.251338
2016,3,25,57472,-0.0693414,6.4000000000000006e-06,68.2533414
2016,3,26,57473,-0.0713826,6.4000000000000006e-06,68.2553826
2016,3,27,57474,-0.0733909,6.3e-06,68.2573909
2016,3,28,57475,-0.075336,6.2e-06,68.25933599999999
2016,3,29,57476,-0.0771799,6.100000000000001e-06,68.2611799
2016,3,30,57477,-0.0789548,5.9e-06,68.2629548
2016,3,31,57478,-0.0807071,5.8e-06,68.2647071
2016,4,1,57479,-0.0824567,5.7000000000000005e-06,68.26645669999999
2016,4,2,57480,-0.0842475,5.2e-06,68.2682475
2016,4,3,57481,-0.0861566,5.2e-06,68.27015659999999
2016,4,4,57482,-0.0881485,5.2e-06,68.2721485
2016,4,5,57483,-0.0902908,5.3e-06,68.2742908
2016,4,6,57484,-0.0925718,5.400000000000001e-06,68.2765718
2016,4,7,57485,-0.0949381,5.5e-06,68.27893809999999
2016,4,8,57486,-0.0972752,5.7000000000000005e-06,68.2812752
2016,4,9,57487,-0.0995874,5.8e-06,68.2835874
2016,4,10,57488,-0.1017366,6e-06,68.28573659999999
2016,4,11,57489,-0.1036569,6.2e-06,68.2876569
2016,4,12,57490,-0.1054689,6.4000000000000006e-06,68.2894689
2016,4,13,57491,-0.1071724,6.5e-06,68.2911724
2016,4,14,57492,-0.1087662,6.6e-06,68.2927662
2016,4,15,57493,-0.1103057,6.5e-06,68.2943057
2016,4,16,57494,-0.1118989,6.5e-06,68.2958989
2016,4,17,57495,-0.1135536,6.3e-06,68.2975536
2016,4,18,57496,-0.1151898,6.2e-06,68.2991898
2016,4,19,57497,-0.1168924,6.100000000000001e-06,68.3008924
2016,4,20,57498,-0.118645,6e-06,68.302645
2016,4,21,57499,-0.1203397,6e-06,68.3043397
2016,4,22,57500,-0.1219701,6.100000000000001e-06,68.3059701
2016,4,23,57501,-0.1235851,6.100000000000001e-06,68.3075851
2016,4,24,57502,-0.1251294,6.100000000000001e-06,68.3091294
2016,4,25,57503,-0.1265293,6.100000000000001e-06,68.3105293
2016,4,26,57504,-0.1278089,6.100000000000001e-06,68.3118089
2016,4,27,57505,-0.1290299,6.100000000000001e-06,68.3130299
2016,4,28,57506,-0.130305,6.100000000000001e-06,68.314305
2016,4,29,57507,-0.131709,6.100000000000001e-06,68.315709
2016,4,30,57508,-0.1331836,6.2e-06,68.31718359999999
2016,5,1,57509,-0.1348151,6.4000000000000006e-06,68.3188151
2016,5,2,57510,-0.1365813,6.6e-06,68.3205813
2016,5,3,57511,-0.1385302,6.8e-06,68.3225302
2016,5,4,57512,-0.1406614,7.100000000000001e-06,68.3246614
2016,5,5,57513,-0.1428617999999999,7.4e-06,68.3268618
2016,5,6,57514,-0.145011,7.6e-06,68.329011
2016,5,7,57515,-0.1470091,7.8e-06,68.3310091
2016,5,8,57516,-0.1488921,8e-06,68.3328921
2016,5,9,57517,-0.1505476,8.1e-06,68.3345476
2016,5,10,57518,-0.152071,8.200000000000001e-06,68.336071
2016,5,11,57519,-0.1534758,8.3e-06,68.33747579999999
2016,5,12,57520,-0.1548622,8.3e-06,68.3388622
2016,5,13,57521,-0.1562674,8.3e-06,68.3402674
2016,5,14,57522,-0.1578078,8.3e-06,68.3418078
2016,5,15,57523,-0.1594425,8.200000000000001e-06,68.3434425
2016,5,16,57524,-0.1611736,8.1e-06,68.3451736
2016,5,17,57525,-0.1629401,7.9e-06,68.3469401
2016,5,18,57526,-0.1646544,7.8e-06,68.3486544
2016,5,19,57527,-0.1662751,7.7e-06,68.3502751
2016,5,20,57528,-0.1678518,7.7e-06,68.35185179999999
2016,5,21,57529,-0.1693837,7.7e-06,68.3533837
2016,5,22,57530,-0.1708579,7.8e-06,68.3548579
2016,5,23,57531,-0.1722878,8e-06,68.3562878
2016,5,24,57532,-0.1737417,8.200000000000001e-06,68.35774169999999
2016,5,25,57533,-0.1751964,8.4e-06,68.3591964
2016,5,26,57534,-0.1765603,8.6e-06,68.3605603
2016,5,27,57535,-0.1779233999999999,8.8e-06,68.3619234
2016,5,28,57536,-0.1794009,8.9e-06,68.3634009
2016,5,29,57537,-0.1809563,8.9e-06,68.3649563
2016,5,30,57538,-0.182733,8.7e-06,68.366733
2016,5,31,57539,-0.1845656,8.4e-06,68.3685656
2016,6,1,57540,-0.1863573,8.200000000000001e-06,68.3703573
2016,6,2,57541,-0.1881951,7.9e-06,68.3721951
2016,6,3,57542,-0.1899368,7.7e-06,68.3739368
2016,6,4,57543,-0.1914948,7.6e-06,68.3754948
2016,6,5,57544,-0.1928437999999999,7.5e-06,68.3768438
2016,6,6,57545,-0.1940884,7.4e-06,68.3780884
2016,6,7,57546,-0.1951955,7.2e-06,68.3791955
2016,6,8,57547,-0.1961933,6.7e-06,68.3801933
2016,6,9,57548,-0.1971955,6.5e-06,68.3811955
2016,6,10,57549,-0.198129,6.3e-06,68.38212899999999
2016,6,11,57550,-0.1990509,6.2e-06,68.3830509
2016,6,12,57551,-0.1999818,6e-06,68.3839818
2016,6,13,57552,-0.2008783,5.9e-06,68.3848783
2016,6,14,57553,-0.2016865,5.8e-06,68.38568649999999
2016,6,15,57554,-0.2024447999999999,5.7000000000000005e-06,68.38644479999999
2016,6,16,57555,-0.2030978,5.6e-06,68.38709779999999
2016,6,17,57556,-0.2036267,5.5e-06,68.3876267
2016,6,18,57557,-0.2040509,5.400000000000001e-06,68.3880509
2016,6,19,57558,-0.2043702999999999,5.400000000000001e-06,68.38837029999999
2016,6,20,57559,-0.2046364,5.5e-06,68.3886364
2016,6,21,57560,-0.2048536,5.6e-06,68.3888536
2016,6,22,57561,-0.2050465,5.5e-06,68.38904649999999
2016,6,23,57562,-0.205433,5.7000000000000005e-06,68.389433
2016,6,24,57563,-0.2058968,5.9e-06,68.3898968
2016,6,25,57564,-0.2065243,6.100000000000001e-06,68.3905243
2016,6,26,57565,-0.2073158,6.3e-06,68.3913158
2016,6,27,57566,-0.2083025,6.5e-06,68.3923025
2016,6,28,57567,-0.2093296,6.6e-06,68.3933296
2016,6,29,57568,-0.2104126,6.6e-06,68.3944126
2016,6,30,57569,-0.2114899,6.7e-06,68.3954899
2016,7,1,57570,-0.2124527,6.8e-06,68.3964527
2016,7,2,57571,-0.21332,6.8e-06,68.39732
2016,7,3,57572,-0.2141277,6.9e-06,68.3981277
2016,7,4,57573,-0.2147590999999999,6.4000000000000006e-06,68.39875909999999
2016,7,5,57574,-0.2153081,6.3e-06,68.3993081
2016,7,6,57575,-0.2158672,6.3e-06,68.3998672
2016,7,7,57576,-0.2163752,6.3e-06,68.4003752
2016,7,8,57577,-0.2169021,6.3e-06,68.4009021
2016,7,9,57578,-0.2175152,6.3e-06,68.40151519999999
2016,7,10,57579,-0.2181624,6.4000000000000006e-06,68.4021624
2016,7,11,57580,-0.2186828999999999,6.5e-06,68.4026829
2016,7,12,57581,-0.2191433,6.6e-06,68.4031433
2016,7,13,57582,-0.2195596,6.7e-06,68.4035596
2016,7,14,57583,-0.2198827,6.8e-06,68.4038827
2016,7,15,57584,-0.2200479,6.8e-06,68.4040479
2016,7,16,57585,-0.2200629999999999,6.9e-06,68.404063
2016,7,17,57586,-0.2200451,6.9e-06,68.40404509999999
2016,7,18,57587,-0.2200336,6.9e-06,68.40403359999999
2016,7,19,57588,-0.2200072,6.8e-06,68.4040072
2016,7,20,57589,-0.2200787,6.7e-06,68.4040787
2016,7,21,57590,-0.2202607,6.6e-06,68.4042607
2016,7,22,57591,-0.2205736,6.4000000000000006e-06,68.40457359999999
2016,7,23,57592,-0.2209836,6.3e-06,68.4049836
2016,7,24,57593,-0.2214412,6.100000000000001e-06,68.4054412
2016,7,25,57594,-0.2220002,5.8e-06,68.4060002
2016,7,26,57595,-0.2225987,5.9e-06,68.4065987
2016,7,27,57596,-0.2232011,6e-06,68.4072011
2016,7,28,57597,-0.2237757,6.2e-06,68.4077757
2016,7,29,57598,-0.224293,6.5e-06,68.408293
2016,7,30,57599,-0.2247073,6.8e-06,68.4087073
2016,7,31,57600,-0.2250792999999999,7.100000000000001e-06,68.4090793
2016,8,1,57601,-0.2254321,7.4e-06,68.4094321
2016,8,2,57602,-0.2258343,7.6e-06,68.4098343
2016,8,3,57603,-0.2263575,7.3e-06,68.4103575
2016,8,4,57604,-0.2269202,7.3e-06,68.41092019999999
2016,8,5,57605,-0.2275827,7.4e-06,68.4115827
2016,8,6,57606,-0.2282619,7.4e-06,68.4122619
2016,8,7,57607,-0.2289634,7.4e-06,68.4129634
2016,8,8,57608,-0.2296717999999999,3.2000000000000003e-06,68.4136718
2016,8,9,57609,-0.2303625,3.3e-06,68.4143625
2016,8,10,57610,-0.2310476,6.6e-06,68.4150476
2016,8,11,57611,-0.2316284,6.7e-06,68.4156284
2016,8,12,57612,-0.2320804,6.8e-06,68.4160804
2016,8,13,57613,-0.2324432,6.9e-06,68.4164432
2016,8,14,57614,-0.2327313,7e-06,68.4167313
2016,8,15,57615,-0.2329815999999999,6.9e-06,68.4169816
2016,8,16,57616,-0.233317,7e-06,68.417317
2016,8,17,57617,-0.2337884,7.100000000000001e-06,68.41778839999999
2016,8,18,57618,-0.2344143,7.2e-06,68.4184143
2016,8,19,57619,-0.2352406,7.3e-06,68.4192406
2016,8,20,57620,-0.2362207,7.4e-06,68.4202207
2016,8,21,57621,-0.2373304,7.5e-06,68.4213304
2016,8,22,57622,-0.2384286,7.6e-06,68.4224286
2016,8,23,57623,-0.239534,7.6e-06,68.423534
2016,8,24,57624,-0.2405792,7.7e-06,68.4245792
2016,8,25,57625,-0.2415054,7.8e-06,68.42550539999999
2016,8,26,57626,-0.2423223,7.9e-06,68.4263223
2016,8,27,57627,-0.2430489,8e-06,68.4270489
2016,8,28,57628,-0.243717,8.1e-06,68.427717
2016,8,29,57629,-0.2443293,8e-06,68.4283293
2016,8,30,57630,-0.2449645,8e-06,68.42896449999999
2016,8,31,57631,-0.2456864,8.1e-06,68.4296864
2016,9,1,57632,-0.2464507,8.1e-06,68.4304507
2016,9,2,57633,-0.2472648,8.200000000000001e-06,68.4312648
2016,9,3,57634,-0.2481694,8.200000000000001e-06,68.43216939999999
2016,9,4,57635,-0.249125,8.200000000000001e-06,68.433125
2016,9,5,57636,-0.2500891,7.7e-06,68.4340891
2016,9,6,57637,-0.2510317,7.7e-06,68.4350317
2016,9,7,57638,-0.2519171,7.5e-06,68.4359171
2016,9,8,57639,-0.2527518,7.5e-06,68.4367518
2016,9,9,57640,-0.2535144,7.5e-06,68.4375144
2016,9,10,57641,-0.2541955,7.5e-06,68.43819549999999
2016,9,11,57642,-0.2548795,7.5e-06,68.4388795
2016,9,12,57643,-0.2556315,7.4e-06,68.4396315
2016,9,13,57644,-0.2563977,7.4e-06,68.44039769999999
2016,9,14,57645,-0.2572526,7.100000000000001e-06,68.4412526
2016,9,15,57646,-0.2583099,7.100000000000001e-06,68.4423099
2016,9,16,57647,-0.2595654,7.100000000000001e-06,68.4435654
2016,9,17,57648,-0.2609397,7e-06,68.44493969999999
2016,9,18,57649,-0.2623922999999999,7e-06,68.4463923
2016,9,19,57650,-0.2638949,6.9e-06,68.4478949
2016,9,20,57651,-0.2653634,6.9e-06,68.4493634
2016,9,21,57652,-0.2667541,6.9e-06,68.4507541
2016,9,22,57653,-0.2679836,6.9e-06,68.45198359999999
2016,9,23,57654,-0.269107,7e-06,68.453107
2016,9,24,57655,-0.2701936,7e-06,68.4541936
2016,9,25,57656,-0.2712425,7e-06,68.4552425
2016,9,26,57657,-0.2723752,6.100000000000001e-06,68.4563752
2016,9,27,57658,-0.273579,6.2e-06,68.457579
2016,9,28,57659,-0.2748204,6.3e-06,68.4588204
2016,9,29,57660,-0.2761489,6.4000000000000006e-06,68.4601489
2016,9,30,57661,-0.2775772,6.5e-06,68.4615772
2016,10,1,57662,-0.2789856,6.6e-06,68.4629856
2016,10,2,57663,-0.2803453,6.7e-06,68.46434529999999
2016,10,3,57664,-0.2816152,6.4000000000000006e-06,68.4656152
2016,10,4,57665,-0.2827883,6.4000000000000006e-06,68.46678829999999
2016,10,5,57666,-0.2839001,6.3e-06,68.4679001
2016,10,6,57667,-0.2849592,6.3e-06,68.4689592
2016,10,7,57668,-0.2859454999999999,6.4000000000000006e-06,68.4699455
2016,10,8,57669,-0.2869081,6.5e-06,68.4709081
2016,10,9,57670,-0.2878658,6.5e-06,68.4718658
2016,10,10,57671,-0.2889328,6.2e-06,68.4729328
2016,10,11,57672,-0.2901511,6.3e-06,68.4741511
2016,10,12,57673,-0.2915676,6.4000000000000006e-06,68.47556759999999
2016,10,13,57674,-0.2931858,6.4000000000000006e-06,68.4771858
2016,10,14,57675,-0.2950257,6.4000000000000006e-06,68.4790257
2016,10,15,57676,-0.2970388,6.4000000000000006e-06,68.4810388
2016,10,16,57677,-0.2991251,6.4000000000000006e-06,68.4831251
2016,10,17,57678,-0.3011774,5.400000000000001e-06,68.4851774
2016,10,18,57679,-0.3031004,5.5e-06,68.4871004
2016,10,19,57680,-0.3048682,5.5e-06,68.4888682
2016,10,20,57681,-0.306476,5.6e-06,68.490476
2016,10,21,57682,-0.3079303,5.6e-06,68.49193029999999
2016,10,22,57683,-0.3093373,5.6e-06,68.4933373
2016,10,23,57684,-0.3107499,5.6e-06,68.4947499
2016,10,24,57685,-0.3121853,5.7000000000000005e-06,68.4961853
2016,10,25,57686,-0.3136034,5.7000000000000005e-06,68.4976034
2016,10,26,57687,-0.3150837,5.8e-06,68.4990837
2016,10,27,57688,-0.3165577,5.9e-06,68.5005577
2016,10,28,57689,-0.3180238,5.9e-06,68.5020238
2016,10,29,57690,-0.3195011,5.9e-06,68.5035011
2016,10,30,57691,-0.3209768,6e-06,68.5049768
2016,10,31,57692,-0.3224586,5.8e-06,68.5064586
2016,11,1,57693,-0.3238253,5.8e-06,68.5078253
2016,11,2,57694,-0.3251438,5.8e-06,68.5091438
2016,11,3,57695,-0.3263999999999999,5.9e-06,68.5104
2016,11,4,57696,-0.3276237,5.9e-06,68.5116237
2016,11,5,57697,-0.3288929,6e-06,68.5128929
2016,11,6,57698,-0.3302459,6e-06,68.51424589999999
2016,11,7,57699,-0.3317062,5.9e-06,68.5157062
2016,11,8,57700,-0.3332821,5.9e-06,68.5172821
2016,11,9,57701,-0.3350135,6e-06,68.5190135
2016,11,10,57702,-0.3369133,6e-06,68.5209133
2016,11,11,57703,-0.3389563,6e-06,68.5229563
2016,11,12,57704,-0.3411185,6e-06,68.52511849999999
2016,11,13,57705,-0.3432557,5.9e-06,68.5272557
2016,11,14,57706,-0.3452758,1.12e-05,68.5292758
2016,11,15,57707,-0.3471023,1.13e-05,68.5311023
2016,11,16,57708,-0.3487222,7.6e-06,68.5327222
2016,11,17,57709,-0.3500768,8e-06,68.5340768
2016,11,18,57710,-0.3513702,8.3e-06,68.5353702
2016,11,19,57711,-0.3526213,8.6e-06,68.5366213
2016,11,20,57712,-0.3539606,8.9e-06,68.53796059999999
2016,11,21,57713,-0.3553341,9.4e-06,68.53933409999999
2016,11,22,57714,-0.356796,9.7e-06,68.540796
2016,11,23,57715,-0.3583384,8.3e-06,68.54233839999999
2016,11,24,57716,-0.3599235,8.6e-06,68.54392349999999
2016,11,25,57717,-0.3616385,8.9e-06,68.5456385
2016,11,26,57718,-0.3630973,9.2e-06,68.5470973
2016,11,27,57719,-0.3645137,9.5e-06,68.5485137
2016,11,28,57720,-0.3659093,7.8e-06,68.5499093
2016,11,29,57721,-0.3672144,7.8e-06,68.55121439999999
2016,11,30,57722,-0.3684802,7.7e-06,68.55248019999999
2016,12,1,57723,-0.3697225,7.7e-06,68.55372249999999
2016,12,2,57724,-0.3709021,7.6e-06,68.55490209999999
2016,12,3,57725,-0.3721236,7.5e-06,68.55612359999999
2016,12,4,57726,-0.3733167,7.4e-06,68.5573167
2016,12,5,57727,-0.3746454,7.5e-06,68.5586454
2016,12,6,57728,-0.3760474,7.4e-06,68.5600474
2016,12,7,57729,-0.377561,7.8e-06,68.561561
2016,12,8,57730,-0.379175,7.7e-06,68.563175
2016,12,9,57731,-0.3809296,7.6e-06,68.5649296
2016,12,10,57732,-0.3827302,7.4e-06,68.5667302
2016,12,11,57733,-0.3845245,7.3e-06,68.5685245
2016,12,12,57734,-0.3861946,7.100000000000001e-06,68.5701946
2016,12,13,57735,-0.3877013,6.8e-06,68.5717013
2016,12,14,57736,-0.3890154,6.8e-06,68.5730154
2016,12,15,57737,-0.3902468,7.100000000000001e-06,68.5742468
2016,12,16,57738,-0.3915298,7.3e-06,68.5755298
2016,12,17,57739,-0.3927593,7.6e-06,68.57675929999999
2016,12,18,57740,-0.3940294,7.9e-06,68.57802939999999
2016,12,19,57741,-0.3953003,7.2e-06,68.5793003
2016,12,20,57742,-0.3965651,7.3e-06,68.5805651
2016,12,21,57743,-0.3978405,7.3e-06,68.5818405
2016,12,22,57744,-0.3990977,7.5e-06,68.5830977
2016,12,23,57745,-0.4003417999999999,7.8e-06,68.5843418
2016,12,24,57746,-0.4014906,8e-06,68.5854906
2016,12,25,57747,-0.4025437,8.200000000000001e-06,68.5865437
2016,12,26,57748,-0.4035274,8.4e-06,68.5875274
2016,12,27,57749,-0.4044647,8.6e-06,68.5884647
2016,12,28,57750,-0.405287,8.8e-06,68.589287
2016,12,29,57751,-0.4060935,9e-06,68.5900935
2016,12,30,57752,-0.4069106,9.1e-06,68.5909106
2016,12,31,57753,-0.40776,9.3e-06,68.59176
2017,1,1,57754,0.5912975,9.5e-06,68.5927025
2017,1,2,57755,0.5902149,9.6e-06,68.59378509999999
2017,1,3,57756,0.5889684,9.7e-06,68.5950316
2017,1,4,57757,0.5875625,9.6e-06,68.5964375
2017,1,5,57758,0.5860268,1e-05,68.5979732
2017,1,6,57759,0.5844158,1.04e-05,68.5995842
2017,1,7,57760,0.5828204,1.0800000000000002e-05,68.6011796
2017,1,8,57761,0.5812935,1.13e-05,68.6027065
2017,1,9,57762,0.5798674,1.07e-05,68.6041326
2017,1,10,57763,0.5785556000000001,1.11e-05,68.6054444
2017,1,11,57764,0.577327,1e-05,68.606673
2017,1,12,57765,0.5761249,1.03e-05,68.6078751
2017,1,13,57766,0.5749355,1.07e-05,68.6090645
2017,1,14,57767,0.5737372000000001,1.1e-05,68.6102628
2017,1,15,57768,0.5724279,1.12e-05,68.6115721
2017,1,16,57769,0.5710689999999999,1.06e-05,68.612931
2017,1,17,57770,0.5697315,1.07e-05,68.6142685
2017,1,18,57771,0.5684684,8.6e-06,68.6155316
2017,1,19,57772,0.5672585,8.7e-06,68.6167415
2017,1,20,57773,0.566145,8.8e-06,68.61785499999999
2017,1,21,57774,0.5650757,8.8e-06,68.6189243
2017,1,22,57775,0.5640448,8.9e-06,68.61995519999999
2017,1,23,57776,0.563091,8.500000000000002e-06,68.620909
2017,1,24,57777,0.5622391999999999,8.4e-06,68.6217608
2017,1,25,57778,0.5614456,8.500000000000002e-06,68.6225544
2017,1,26,57779,0.5606611,8e-06,68.6233389
2017,1,27,57780,0.5598694000000001,7.9e-06,68.6241306
2017,1,28,57781,0.558977,8e-06,68.625023
2017,1,29,57782,0.5579776000000001,8.1e-06,68.6260224
2017,1,30,57783,0.5568231,8.200000000000001e-06,68.6271769
2017,1,31,57784,0.5555586,8.200000000000001e-06,68.6284414
2017,2,1,57785,0.5541932,8.4e-06,68.6298068
2017,2,2,57786,0.5527143,7.4e-06,68.63128569999999
2017,2,3,57787,0.5512703,7.5e-06,68.6327297
2017,2,4,57788,0.5498444,7.6e-06,68.6341556
2017,2,5,57789,0.5484677,7.7e-06,68.6355323
2017,2,6,57790,0.5472079,9.4e-06,68.6367921
2017,2,7,57791,0.5459721,9.1e-06,68.6380279
2017,2,8,57792,0.5447768,1.89e-05,68.6392232
2017,2,9,57793,0.5435610000000001,1.89e-05,68.640439
2017,2,10,57794,0.5422729000000001,1.88e-05,68.6417271
2017,2,11,57795,0.5408798,1.87e-05,68.6431202
2017,2,12,57796,0.5392997,1.86e-05,68.6447003
2017,2,13,57797,0.5376791,2.2700000000000003e-05,68.64632089999999
2017,2,14,57798,0.5360134000000001,2.25e-05,68.6479866
2017,2,15,57799,0.5343126,1.9900000000000003e-05,68.64968739999999
2017,2,16,57800,0.5326996,2.01e-05,68.6513004
2017,2,17,57801,0.5311855000000001,2.02e-05,68.65281449999999
2017,2,18,57802,0.5298001000000001,2.03e-05,68.6541999
2017,2,19,57803,0.5286301999999999,2.04e-05,68.6553698
2017,2,20,57804,0.5275682,2.55e-05,68.6564318
2017,2,21,57805,0.5265685999999999,2.54e-05,68.6574314
2017,2,22,57806,0.5257061,2.22e-05,68.6582939
2017,2,23,57807,0.5247581,2.19e-05,68.6592419
2017,2,24,57808,0.5236927,2.1600000000000003e-05,68.6603073
2017,2,25,57809,0.522626,2.13e-05,68.661374
2017,2,26,57810,0.5214088,2.09e-05,68.6625912
2017,2,27,57811,0.5200438000000001,3.04e-05,68.6639562
2017,2,28,57812,0.5185813,3.05e-05,68.6654187
2017,3,1,57813,0.5169184,2.36e-05,68.6670816
2017,3,2,57814,0.5152489,2.33e-05,68.6687511
2017,3,3,57815,0.5137522,2.28e-05,68.6702478
2017,3,4,57816,0.5123007,2.23e-05,68.6716993
2017,3,5,57817,0.5108756,2.18e-05,68.67312439999999
2017,3,6,57818,0.5095575999999999,3.82e-05,68.6744424
2017,3,7,57819,0.5082715,3.85e-05,68.67572849999999
2017,3,8,57820,0.5070188,2.11e-05,68.6769812
2017,3,9,57821,0.5057286,2.04e-05,68.6782714
2017,3,10,57822,0.5043256,1.97e-05,68.6796744
2017,3,11,57823,0.5028901,1.9e-05,68.6811099
2017,3,12,57824,0.5013286,1.82e-05,68.6826714
2017,3,13,57825,0.4996227,2.86e-05,68.6843773
2017,3,14,57826,0.4979533,2.77e-05,68.68604669999999
2017,3,15,57827,0.4963521999999999,2.69e-05,68.6876478
2017,3,16,57828,0.494814,2.61e-05,68.68918599999999
2017,3,17,57829,0.4934198,2.54e-05,68.6905802
2017,3,18,57830,0.4921248,2.48e-05,68.6918752
2017,3,19,57831,0.4909239,2.4400000000000004e-05,68.6930761
2017,3,20,57832,0.489794,2.39e-05,68.694206
2017,3,21,57833,0.4886634,2.36e-05,68.6953366
2017,3,22,57834,0.4875112,3.46e-05,68.6964888
2017,3,23,57835,0.486254,3.4500000000000005e-05,68.697746
2017,3,24,57836,0.4848604,3.46e-05,68.6991396
2017,3,25,57837,0.483391,3.46e-05,68.700609
2017,3,26,57838,0.4817229,3.4500000000000005e-05,68.7022771
2017,3,27,57839,0.4799036,3.49e-05,68.7040964
2017,3,28,57840,0.4780239,3.49e-05,68.7059761
2017,3,29,57841,0.4760191,3.37e-05,68.7079809
2017,3,30,57842,0.4740265999999999,3.3799999999999995e-05,68.7099734
2017,3,31,57843,0.4721904,3.3799999999999995e-05,68.7118096
2017,4,1,57844,0.4704691,3.36e-05,68.7135309
2017,4,2,57845,0.4689121,5.92e-05,68.7150879
2017,4,3,57846,0.4675022,5.93e-05,68.7164978
2017,4,4,57847,0.4661522,5.93e-05,68.7178478
2017,4,5,57848,0.4647989,5.95e-05,68.71920109999999
2017,4,6,57849,0.4633846,6.01e-05,68.7206154
2017,4,7,57850,0.4619029,5.6e-05,68.7220971
2017,4,8,57851,0.4603372,5.64e-05,68.7236628
2017,4,9,57852,0.458701,4.78e-05,68.72529899999999
2017,4,10,57853,0.457057,2.32e-05,68.72694299999999
2017,4,11,57854,0.455424,2.25e-05,68.728576
2017,4,12,57855,0.4538179,2.18e-05,68.7301821
2017,4,13,57856,0.4522577,2.66e-05,68.7317423
2017,4,14,57857,0.4507238,2.56e-05,68.73327619999999
2017,4,15,57858,0.4492201,2.46e-05,68.73477989999999
2017,4,16,57859,0.4477431,2.3800000000000003e-05,68.7362569
2017,4,17,57860,0.4462923,2.31e-05,68.7377077
2017,4,18,57861,0.4448522,2.24e-05,68.7391478
2017,4,19,57862,0.443405,2.18e-05,68.740595
2017,4,20,57863,0.4419251,4.6e-06,68.74207489999999
2017,4,21,57864,0.4403728,4.8e-06,68.74362719999999
2017,4,22,57865,0.4386348,4.6e-06,68.7453652
2017,4,23,57866,0.4367156,4.3e-06,68.7472844
2017,4,24,57867,0.4346349,4.1000000000000006e-06,68.74936509999999
2017,4,25,57868,0.4324553,4e-06,68.7515447
2017,4,26,57869,0.4302698,3.8e-06,68.75373019999999
2017,4,27,57870,0.4281829,3.6e-06,68.7558171
2017,4,28,57871,0.4262712,3.5e-06,68.7577288
2017,4,29,57872,0.4245552,3.3e-06,68.7594448
2017,4,30,57873,0.4230094,3.1e-06,68.7609906
2017,5,1,57874,0.4215957,3e-06,68.7624043
2017,5,2,57875,0.4203762,3.74e-05,68.76362379999999
2017,5,3,57876,0.4189839,3.76e-05,68.7650161
2017,5,4,57877,0.4175684999999999,3.75e-05,68.7664315
2017,5,5,57878,0.4161024,3.78e-05,68.7678976
2017,5,6,57879,0.4145670999999999,3.83e-05,68.7694329
2017,5,7,57880,0.4130031,3.68e-05,68.7709969
2017,5,8,57881,0.4114436,3.77e-05,68.7725564
2017,5,9,57882,0.4099434999999999,3.82e-05,68.7740565
2017,5,10,57883,0.4085423,3.87e-05,68.7754577
2017,5,11,57884,0.4072617,3.92e-05,68.77673829999999
2017,5,12,57885,0.4060965,4.02e-05,68.7779035
2017,5,13,57886,0.4050128,4.06e-05,68.7789872
2017,5,14,57887,0.403989,4.08e-05,68.780011
2017,5,15,57888,0.4030038999999999,4.1e-05,68.7809961
2017,5,16,57889,0.4019999,4.13e-05,68.78200009999999
2017,5,17,57890,0.4009318,4.16e-05,68.7830682
2017,5,18,57891,0.3997862,3.97e-05,68.7842138
2017,5,19,57892,0.3985681,4.01e-05,68.78543189999999
2017,5,20,57893,0.3972618,3.78e-05,68.7867382
2017,5,21,57894,0.3958333,3.810000000000001e-05,68.78816669999999
2017,5,22,57895,0.3942837,3.86e-05,68.7897163
2017,5,23,57896,0.3926358,3.9e-05,68.7913642
2017,5,24,57897,0.3909456,3.97e-05,68.7930544
2017,5,25,57898,0.3893101,3.95e-05,68.7946899
2017,5,26,57899,0.3878121,3.82e-05,68.79618789999999
2017,5,27,57900,0.3865322,3.85e-05,68.79746779999999
2017,5,28,57901,0.3854003,3.88e-05,68.7985997
2017,5,29,57902,0.3843265,3.9e-05,68.7996735
2017,5,30,57903,0.383226,3.93e-05,68.800774
2017,5,31,57904,0.3820438,3.39e-05,68.80195619999999
2017,6,1,57905,0.3807394,3.15e-05,68.8032606
2017,6,2,57906,0.3793471,3.55e-05,68.8046529
2017,6,3,57907,0.3779587,3.52e-05,68.8060413
2017,6,4,57908,0.3766387,3.47e-05,68.8073613
2017,6,5,57909,0.3754169,3.43e-05,68.80858309999999
2017,6,6,57910,0.3743163,3.4000000000000007e-05,68.8096837
2017,6,7,57911,0.3733687,3.36e-05,68.8106313
2017,6,8,57912,0.3725885,3.3e-05,68.81141149999999
2017,6,9,57913,0.3719551,3.2300000000000006e-05,68.8120449
2017,6,10,57914,0.3714369,3.2500000000000004e-05,68.81256309999999
2017,6,11,57915,0.3710102,3.3e-05,68.8129898
2017,6,12,57916,0.3706403,3.35e-05,68.81335969999999
2017,6,13,57917,0.3702682,3.4000000000000007e-05,68.8137318
2017,6,14,57918,0.3698405,3.4500000000000005e-05,68.8141595
2017,6,15,57919,0.3693396,3.51e-05,68.8146604
2017,6,16,57920,0.3687658,3.55e-05,68.81523419999999
2017,6,17,57921,0.3681056,3.57e-05,68.81589439999999
2017,6,18,57922,0.3673469,3.5900000000000005e-05,68.8166531
2017,6,19,57923,0.3665149,3.61e-05,68.8174851
2017,6,20,57924,0.3656684,3.63e-05,68.8183316
2017,6,21,57925,0.3648635,3.64e-05,68.8191365
2017,6,22,57926,0.3641424,3.65e-05,68.81985759999999
2017,6,23,57927,0.3635396999999999,3.65e-05,68.8204603
2017,6,24,57928,0.3630634,3.65e-05,68.8209366
2017,6,25,57929,0.3626635,3.64e-05,68.8213365
2017,6,26,57930,0.3622567,3.6200000000000006e-05,68.8217433
2017,6,27,57931,0.3617922,3.61e-05,68.8222078
2017,6,28,57932,0.3612719,3.6e-05,68.82272809999999
2017,6,29,57933,0.3607075,3.58e-05,68.8232925
2017,6,30,57934,0.3600991,3.56e-05,68.8239009
2017,7,1,57935,0.3594722,3.56e-05,68.8245278
2017,7,2,57936,0.3589551,6.8e-06,68.8250449
2017,7,3,57937,0.3584813,7e-06,68.8255187
2017,7,4,57938,0.3581065,7.3e-06,68.82589349999999
2017,7,5,57939,0.3578452,7.5e-06,68.8261548
2017,7,6,57940,0.357682,7.7e-06,68.826318
2017,7,7,57941,0.3575868,7.9e-06,68.82641319999999
2017,7,8,57942,0.3575296,8e-06,68.82647039999999
2017,7,9,57943,0.3574751,8.1e-06,68.8265249
2017,7,10,57944,0.3573704,8.200000000000001e-06,68.8266296
2017,7,11,57945,0.3571568,8.3e-06,68.8268432
2017,7,12,57946,0.3568033,8.3e-06,68.8271967
2017,7,13,57947,0.3563241,8.3e-06,68.8276759
2017,7,14,57948,0.3557605,8.3e-06,68.8282395
2017,7,15,57949,0.3551532,8.200000000000001e-06,68.8288468
2017,7,16,57950,0.3545345,8.1e-06,68.8294655
2017,7,17,57951,0.3539334,8e-06,68.8300666
2017,7,18,57952,0.3533744,7.8e-06,68.83062559999999
2017,7,19,57953,0.3528729,7.7e-06,68.8311271
2017,7,20,57954,0.3524403,7.6e-06,68.8315597
2017,7,21,57955,0.3520877,7.4e-06,68.8319123
2017,7,22,57956,0.3518075,7.100000000000001e-06,68.83219249999999
2017,7,23,57957,0.351549,6.9e-06,68.83245099999999
2017,7,24,57958,0.3512294,6.7e-06,68.8327706
2017,7,25,57959,0.3507833,6.5e-06,68.8332167
2017,7,26,57960,0.3502027,6.3e-06,68.8337973
2017,7,27,57961,0.3495302,6.100000000000001e-06,68.8344698
2017,7,28,57962,0.348824,5.9e-06,68.835176
2017,7,29,57963,0.3481374,5.6e-06,68.8358626
2017,7,30,57964,0.3475196,5.3e-06,68.8364804
2017,7,31,57965,0.3470152,5.1e-06,68.8369848
2017,8,1,57966,0.346652,4.9e-06,68.83734799999999
2017,8,2,57967,0.3464191,2.4e-05,68.83758089999999
2017,8,3,57968,0.3462833999999999,2.4e-05,68.8377166
2017,8,4,57969,0.3462029,2.41e-05,68.8377971
2017,8,5,57970,0.3461412,2.39e-05,68.83785879999999
2017,8,6,57971,0.3460549,2.36e-05,68.8379451
2017,8,7,57972,0.3458951,2.34e-05,68.83810489999999
2017,8,8,57973,0.3456309,2.31e-05,68.8383691
2017,8,9,57974,0.3452558,2.2700000000000003e-05,68.8387442
2017,8,10,57975,0.3447683,2.23e-05,68.8392317
2017,8,11,57976,0.344167,2.18e-05,68.839833
2017,8,12,57977,0.3434966,2.12e-05,68.8405034
2017,8,13,57978,0.342822,2.04e-05,68.841178
2017,8,14,57979,0.3421943999999999,2.06e-05,68.8418056
2017,8,15,57980,0.3416539,1.43e-05,68.8423461
2017,8,16,57981,0.3412173,1.44e-05,68.8427827
2017,8,17,57982,0.3409056,1.57e-05,68.8430944
2017,8,18,57983,0.3407121,1.03e-05,68.84328789999999
2017,8,19,57984,0.3405459,7.4e-06,68.8434541
2017,8,20,57985,0.3402929,6.7e-06,68.8437071
2017,8,21,57986,0.3399294,5.3e-06,68.8440706
2017,8,22,57987,0.3394802,5.1e-06,68.8445198
2017,8,23,57988,0.3389710999999999,4.9e-06,68.8450289
2017,8,24,57989,0.3384224,4.7e-06,68.8455776
2017,8,25,57990,0.3378911,4.5e-06,68.8461089
2017,8,26,57991,0.3374314,4.3e-06,68.8465686
2017,8,27,57992,0.3370628,4.1000000000000006e-06,68.8469372
2017,8,28,57993,0.3367756999999999,3.9e-06,68.8472243
2017,8,29,57994,0.336567,3.8e-06,68.847433
2017,8,30,57995,0.3364409,3.6e-06,68.8475591
2017,8,31,57996,0.3363739,3.5e-06,68.8476261
2017,9,1,57997,0.3363065,3.4e-06,68.84769349999999
2017,9,2,57998,0.3362105,6.2e-06,68.84778949999999
2017,9,3,57999,0.3360602,6.4000000000000006e-06,68.84793979999999
2017,9,4,58000,0.3358088,6.8e-06,68.8481912
2017,9,5,58001,0.3354129,7.100000000000001e-06,68.8485871
2017,9,6,58002,0.3348353,7.5e-06,68.8491647
2017,9,7,58003,0.3340753,4.7e-06,68.8499247
2017,9,8,58004,0.3331783,4.3e-06,68.8508217
2017,9,9,58005,0.3322057,4.2e-06,68.8517943
2017,9,10,58006,0.3312427,4e-06,68.8527573
2017,9,11,58007,0.3303474,3.8e-06,68.8536526
2017,9,12,58008,0.3295616,3.4e-06,68.85443839999999
2017,9,13,58009,0.3288956,3.2000000000000003e-06,68.8551044
2017,9,14,58010,0.3283166,1.48e-05,68.8556834
2017,9,15,58011,0.3277357,1.46e-05,68.85626429999999
2017,9,16,58012,0.3270874,7.3e-06,68.8569126
2017,9,17,58013,0.3263165,8.4e-06,68.8576835
2017,9,18,58014,0.3254076999999999,7e-06,68.8585923
2017,9,19,58015,0.3243805,7e-06,68.8596195
2017,9,20,58016,0.3232752,6.9e-06,68.8607248
2017,9,21,58017,0.3221571,6.8e-06,68.8618429
2017,9,22,58018,0.321096,6.7e-06,68.862904
2017,9,23,58019,0.3201448,6.6e-06,68.8638552
2017,9,24,58020,0.3193214,6.4000000000000006e-06,68.86467859999999
2017,9,25,58021,0.3186118,6.2e-06,68.8653882
2017,9,26,58022,0.3179914,6.100000000000001e-06,68.8660086
2017,9,27,58023,0.3174338,6.100000000000001e-06,68.8665662
2017,9,28,58024,0.3169078999999999,6.100000000000001e-06,68.8670921
2017,9,29,58025,0.3163777,6.100000000000001e-06,68.8676223
2017,9,30,58026,0.3158116,6e-06,68.8681884
2017,10,1,58027,0.3151924,5.9e-06,68.8688076
2017,10,2,58028,0.3145385,2e-05,68.8694615
2017,10,3,58029,0.3137541,2.1e-05,68.8702459
2017,10,4,58030,0.3128569,2.19e-05,68.8711431
2017,10,5,58031,0.311834,2.1e-05,68.87216599999999
2017,10,6,58032,0.3107054,1.62e-05,68.8732946
2017,10,7,58033,0.3095459,1.59e-05,68.8744541
2017,10,8,58034,0.3084304,1.58e-05,68.87556959999999
2017,10,9,58035,0.3074042999999999,1.76e-05,68.8765957
2017,10,10,58036,0.3064975,1.76e-05,68.87750249999999
2017,10,11,58037,0.3056993,1.55e-05,68.8783007
2017,10,12,58038,0.3049508999999999,1.56e-05,68.8790491
2017,10,13,58039,0.3041866,1.53e-05,68.8798134
2017,10,14,58040,0.3033413,1.38e-05,68.8806587
2017,10,15,58041,0.3023539,1.97e-05,68.8816461
2017,10,16,58042,0.3012148,1.94e-05,68.8827852
2017,10,17,58043,0.2999437,1.91e-05,68.8840563
2017,10,18,58044,0.2985786,1.86e-05,68.8854214
2017,10,19,58045,0.2971859,3.89e-05,68.8868141
2017,10,20,58046,0.2958202,4.04e-05,68.8881798
2017,10,21,58047,0.2945282,3.74e-05,68.8894718
2017,10,22,58048,0.2933404,3.85e-05,68.89065959999999
2017,10,23,58049,0.2922706,3.95e-05,68.8917294
2017,10,24,58050,0.2913088,4.06e-05,68.8926912
2017,10,25,58051,0.2904295,4.14e-05,68.8935705
2017,10,26,58052,0.2896018,4.22e-05,68.8943982
2017,10,27,58053,0.2887904,4.3e-05,68.8952096
2017,10,28,58054,0.2879478,5.19e-05,68.8960522
2017,10,29,58055,0.2870164,5.19e-05,68.8969836
2017,10,30,58056,0.285954,5.2e-05,68.898046
2017,10,31,58057,0.2847545,5.2e-05,68.89924549999999
2017,11,1,58058,0.283435,5.19e-05,68.900565
2017,11,2,58059,0.2819681,3.2500000000000004e-05,68.9020319
2017,11,3,58060,0.2804357999999999,6.8e-06,68.90356419999999
2017,11,4,58061,0.2789008,6.5e-06,68.9050992
2017,11,5,58062,0.2774412,6.2e-06,68.9065588
2017,11,6,58063,0.27612,6e-06,68.90787999999999
2017,11,7,58064,0.274943,5.6e-06,68.909057
2017,11,8,58065,0.2738891,5.3e-06,68.91011089999999
2017,11,9,58066,0.2728698,2.13e-05,68.9111302
2017,11,10,58067,0.271769,2.06e-05,68.91223099999999
2017,11,11,58068,0.2705541,1.97e-05,68.9134459
2017,11,12,58069,0.2692296,9.1e-06,68.9147704
2017,11,13,58070,0.2677909,7e-06,68.9162091
2017,11,14,58071,0.2663048999999999,6.7e-06,68.9176951
2017,11,15,58072,0.2648338,6.4000000000000006e-06,68.91916619999999
2017,11,16,58073,0.2634392,6e-06,68.9205608
2017,11,17,58074,0.2621513,5.8e-06,68.9218487
2017,11,18,58075,0.2609969,5.5e-06,68.9230031
2017,11,19,58076,0.2599969,5.2e-06,68.9240031
2017,11,20,58077,0.2591472999999999,5e-06,68.9248527
2017,11,21,58078,0.2584197,4.8e-06,68.9255803
2017,11,22,58079,0.2577679,4.6e-06,68.9262321
2017,11,23,58080,0.2571452,4.4e-06,68.9268548
2017,11,24,58081,0.2564995,4.1000000000000006e-06,68.9275005
2017,11,25,58082,0.2557814,4e-06,68.9282186
2017,11,26,58083,0.2549426,3.8e-06,68.92905739999999
2017,11,27,58084,0.253949,3.7e-06,68.93005099999999
2017,11,28,58085,0.2527917,3.6e-06,68.9312083
2017,11,29,58086,0.2514818,3.5e-06,68.9325182
2017,11,30,58087,0.2500432999999999,3.4e-06,68.9339567
2017,12,1,58088,0.2485226999999999,3.3e-06,68.9354773
2017,12,2,58089,0.2469833,2.46e-05,68.9370167
2017,12,3,58090,0.2455774,2.86e-05,68.9384226
2017,12,4,58091,0.2442665,3.75e-05,68.9397335
2017,12,5,58092,0.2430522,4.91e-05,68.9409478
2017,12,6,58093,0.2418888,4.74e-05,68.9421112
2017,12,7,58094,0.2406608,3.2800000000000004e-05,68.9433392
2017,12,8,58095,0.2393925,2.76e-05,68.9446075
2017,12,9,58096,0.2380604,2.6e-05,68.9459396
2017,12,10,58097,0.2366222,2.94e-05,68.9473778
2017,12,11,58098,0.2351552,3.11e-05,68.9488448
2017,12,12,58099,0.2337284,3.61e-05,68.9502716
2017,12,13,58100,0.2323747,4.29e-05,68.9516253
2017,12,14,58101,0.231171,3.53e-05,68.952829
2017,12,15,58102,0.2301432,2.7300000000000003e-05,68.9538568
2017,12,16,58103,0.2292827,1.67e-05,68.9547173
2017,12,17,58104,0.2285215,2.34e-05,68.9554785
2017,12,18,58105,0.2279363999999999,4.08e-05,68.9560636
2017,12,19,58106,0.2274259,5.8200000000000005e-05,68.9565741
2017,12,20,58107,0.2269085,5.84e-05,68.9570915
2017,12,21,58108,0.2263746999999999,5.13e-05,68.9576253
2017,12,22,58109,0.2258183,3.3799999999999995e-05,68.9581817
2017,12,23,58110,0.2252327,2.66e-05,68.95876729999999
2017,12,24,58111,0.2245255,3.4500000000000005e-05,68.9594745
2017,12,25,58112,0.2236823,3.75e-05,68.9603177
2017,12,26,58113,0.2227049,4.06e-05,68.9612951
2017,12,27,58114,0.2216127,3.7e-05,68.9623873
2017,12,28,58115,0.2204532,2.15e-05,68.9635468
2017,12,29,58116,0.2193085,5.58e-05,68.9646915
2017,12,30,58117,0.2182182,4.55e-05,68.9657818
2017,12,31,58118,0.2172253,3.07e-05,68.9667747
2018,1,1,58119,0.21637,3.2300000000000006e-05,68.96763
2018,1,2,58120,0.2156106,3.92e-05,68.96838939999999
2018,1,3,58121,0.2148671,4.6e-05,68.96913289999999
2018,1,4,58122,0.2140584,3.71e-05,68.9699416
2018,1,5,58123,0.2131827999999999,2.4e-05,68.9708172
2018,1,6,58124,0.2122901,2.31e-05,68.9717099
2018,1,7,58125,0.2114238,2.67e-05,68.97257619999999
2018,1,8,58126,0.2106239,4e-05,68.9733761
2018,1,9,58127,0.2099278,5.81e-05,68.9740722
2018,1,10,58128,0.2093798,5.76e-05,68.9746202
2018,1,11,58129,0.2089310999999999,4.79e-05,68.9750689
2018,1,12,58130,0.2085176,2.52e-05,68.9754824
2018,1,13,58131,0.2082845,1.91e-05,68.97571549999999
2018,1,14,58132,0.2081715,1.92e-05,68.97582849999999
2018,1,15,58133,0.2081143,2.4500000000000003e-05,68.97588569999999
2018,1,16,58134,0.2080778,3.24e-05,68.9759222
2018,1,17,58135,0.2080112,3.27e-05,68.9759888
2018,1,18,58136,0.2078806,3.1e-05,68.9761194
2018,1,19,58137,0.2076571,2.93e-05,68.97634289999999
2018,1,20,58138,0.2073152,2.29e-05,68.9766848
2018,1,21,58139,0.2068073,2.79e-05,68.9771927
2018,1,22,58140,0.2061308,2.61e-05,68.9778692
2018,1,23,58141,0.2053131,1.77e-05,68.9786869
2018,1,24,58142,0.2044216999999999,2.15e-05,68.9795783
2018,1,25,58143,0.2034601,2.63e-05,68.9805399
2018,1,26,58144,0.2024315,2.23e-05,68.9815685
2018,1,27,58145,0.2014806,2.29e-05,68.9825194
2018,1,28,58146,0.2005803,2.29e-05,68.9834197
2018,1,29,58147,0.1996906,2.47e-05,68.9843094
2018,1,30,58148,0.1987597,2.79e-05,68.9852403
2018,1,31,58149,0.1977182,3.36e-05,68.9862818
2018,2,1,58150,0.1965014,3.67e-05,68.9874986
2018,2,2,58151,0.1950891,2.75e-05,68.9889109
2018,2,3,58152,0.1935058,2.81e-05,68.9904942
2018,2,4,58153,0.1918259,2.42e-05,68.9921741
2018,2,5,58154,0.190145,2.61e-05,68.993855
2018,2,6,58155,0.1885543999999999,3.2800000000000004e-05,68.9954456
2018,2,7,58156,0.1871353,2.59e-05,68.9968647
2018,2,8,58157,0.1858941,1.85e-05,68.9981059
2018,2,9,58158,0.1847988,2.35e-05,68.9992012
2018,2,10,58159,0.1839242999999999,3.04e-05,69.0000757
2018,2,11,58160,0.1831436,2.58e-05,69.0008564
2018,2,12,58161,0.1823852,2.13e-05,69.0016148
2018,2,13,58162,0.1816261,1.97e-05,69.0023739
2018,2,14,58163,0.1808522,1.89e-05,69.0031478
2018,2,15,58164,0.1800326,1.85e-05,69.0039674
2018,2,16,58165,0.1791391,1.89e-05,69.0048609
2018,2,17,58166,0.178197,2.11e-05,69.005803
2018,2,18,58167,0.1771533,1.92e-05,69.0068467
2018,2,19,58168,0.1759988999999999,2.4500000000000003e-05,69.0080011
2018,2,20,58169,0.1747971,3.4500000000000005e-05,69.00920289999999
2018,2,21,58170,0.1736556,3.26e-05,69.0103444
2018,2,22,58171,0.1725732999999999,2.8e-05,69.0114267
2018,2,23,58172,0.1715338,2.49e-05,69.01246619999999
2018,2,24,58173,0.1706442,2.47e-05,69.0133558
2018,2,25,58174,0.1698219,2.41e-05,69.0141781
2018,2,26,58175,0.1690306,2.2700000000000003e-05,69.0149694
2018,2,27,58176,0.1682351,2.14e-05,69.0157649
2018,2,28,58177,0.1674081,2.56e-05,69.0165919
2018,3,1,58178,0.1664612,3.13e-05,69.0175388
2018,3,2,58179,0.1653369,3.44e-05,69.0186631
2018,3,3,58180,0.1640379,3.15e-05,69.0199621
2018,3,4,58181,0.162816,3.06e-05,69.02118399999999
2018,3,5,58182,0.1616048,3.74e-05,69.02239519999999
2018,3,6,58183,0.1604862,5.11e-05,69.0235138
2018,3,7,58184,0.1595097,3.73e-05,69.0244903
2018,3,8,58185,0.1586415,2.09e-05,69.0253585
2018,3,9,58186,0.1578274999999999,2.22e-05,69.0261725
2018,3,10,58187,0.1571205,1.8100000000000003e-05,69.02687949999999
2018,3,11,58188,0.1564113999999999,1.97e-05,69.0275886
2018,3,12,58189,0.1556961,4.16e-05,69.0283039
2018,3,13,58190,0.1549516,7.170000000000001e-05,69.0290484
2018,3,14,58191,0.1541247,6.83e-05,69.0298753
2018,3,15,58192,0.153216,5.61e-05,69.030784
2018,3,16,58193,0.1522279,4.38e-05,69.0317721
2018,3,17,58194,0.1511621,3e-05,69.0328379
2018,3,18,58195,0.1500554,2.53e-05,69.0339446
2018,3,19,58196,0.1488556,2.17e-05,69.0351444
2018,3,20,58197,0.1475911999999999,1.6e-05,69.0364088
2018,3,21,58198,0.1463332,1.67e-05,69.0376668
2018,3,22,58199,0.1451413,1.92e-05,69.03885869999999
2018,3,23,58200,0.1440585,2.1600000000000003e-05,69.0399415
2018,3,24,58201,0.1431048,3.52e-05,69.0408952
2018,3,25,58202,0.1422334999999999,3.97e-05,69.0417665
2018,3,26,58203,0.141357,3.52e-05,69.042643
2018,3,27,58204,0.1404078,2.95e-05,69.04359219999999
2018,3,28,58205,0.1393324,2.48e-05,69.0446676
2018,3,29,58206,0.138151,1.92e-05,69.045849
2018,3,30,58207,0.1368454999999999,1.95e-05,69.04715449999999
2018,3,31,58208,0.1354165,4.39e-05,69.04858349999999
2018,4,1,58209,0.1340451,4.49e-05,69.0499549
2018,4,2,58210,0.1327392,3.52e-05,69.0512608
2018,4,3,58211,0.1315362,2.61e-05,69.0524638
2018,4,4,58212,0.1304929,2.79e-05,69.0535071
2018,4,5,58213,0.1296219,5.74e-05,69.0543781
2018,4,6,58214,0.1288647,3.48e-05,69.0551353
2018,4,7,58215,0.1281798,3.32e-05,69.0558202
2018,4,8,58216,0.1276036,3.24e-05,69.0563964
2018,4,9,58217,0.1269124999999999,2.98e-05,69.0570875
2018,4,10,58218,0.1261538,3.03e-05,69.0578462
2018,4,11,58219,0.1253816999999999,2.11e-05,69.05861829999999
2018,4,12,58220,0.1246659,9.5e-06,69.0593341
2018,4,13,58221,0.1237297,1.25e-05,69.0602703
2018,4,14,58222,0.1227277,1.36e-05,69.0612723
2018,4,15,58223,0.1215488,1.35e-05,69.0624512
2018,4,16,58224,0.1202,1.4500000000000002e-05,69.0638
2018,4,17,58225,0.1188225,1.6e-05,69.0651775
2018,4,18,58226,0.1176302,2.02e-05,69.0663698
2018,4,19,58227,0.1165751,2.5e-05,69.06742489999999
2018,4,20,58228,0.1154465,1.43e-05,69.0685535
2018,4,21,58229,0.1144468,1.03e-05,69.0695532
2018,4,22,58230,0.1135646,8.6e-06,69.0704354
2018,4,23,58231,0.1125549,1.37e-05,69.07144509999999
2018,4,24,58232,0.111364,2.2700000000000003e-05,69.072636
2018,4,25,58233,0.1100502999999999,1.66e-05,69.0739497
2018,4,26,58234,0.1086112,8.9e-06,69.0753888
2018,4,27,58235,0.107099,1.11e-05,69.07690099999999
2018,4,28,58236,0.105515,1.77e-05,69.078485
2018,4,29,58237,0.1040683,1.43e-05,69.0799317
2018,4,30,58238,0.1027754,1.05e-05,69.0812246
2018,5,1,58239,0.1016289,1.35e-05,69.0823711
2018,5,2,58240,0.1006154,1.76e-05,69.0833846
2018,5,3,58241,0.0997192,1.8e-05,69.0842808
2018,5,4,58242,0.0989347,1.55e-05,69.0850653
2018,5,5,58243,0.0982142,1.3100000000000002e-05,69.0857858
2018,5,6,58244,0.09755,1.11e-05,69.08645
2018,5,7,58245,0.0969273,8.3e-06,69.0870727
2018,5,8,58246,0.0963055,1.7500000000000002e-05,69.0876945
2018,5,9,58247,0.095526,9.900000000000002e-06,69.08847399999999
2018,5,10,58248,0.0945836,1.28e-05,69.08941639999999
2018,5,11,58249,0.0936326,8.6e-06,69.09036739999999
2018,5,12,58250,0.0926272,9.4e-06,69.0913728
2018,5,13,58251,0.0915117999999999,1.25e-05,69.09248819999999
2018,5,14,58252,0.0905326,2.08e-05,69.0934674
2018,5,15,58253,0.0893998,1.41e-05,69.0946002
2018,5,16,58254,0.0885938,1.14e-05,69.0954062
2018,5,17,58255,0.0877958,1.44e-05,69.0962042
2018,5,18,58256,0.0871501,1.24e-05,69.0968499
2018,5,19,58257,0.0865789999999999,2.46e-05,69.097421
2018,5,20,58258,0.0860583,1.7100000000000002e-05,69.09794169999999
2018,5,21,58259,0.0854478,2.3800000000000003e-05,69.0985522
2018,5,22,58260,0.0846102,3.3799999999999995e-05,69.0993898
2018,5,23,58261,0.0836772,1.78e-05,69.1003228
2018,5,24,58262,0.0826398,1.86e-05,69.1013602
2018,5,25,58263,0.0816036,1.72e-05,69.1023964
2018,5,26,58264,0.0806403,1.55e-05,69.1033597
2018,5,27,58265,0.0797179,1.33e-05,69.10428209999999
2018,5,28,58266,0.0789801,1.9800000000000004e-05,69.1050199
2018,5,29,58267,0.0783693,2.4e-05,69.10563069999999
2018,5,30,58268,0.0777297,1.25e-05,69.10627029999999
2018,5,31,58269,0.0773184,1.7899999999999998e-05,69.1066816
2018,6,1,58270,0.0769437,6.2e-06,69.1070563
2018,6,2,58271,0.0766932999999999,1.9e-05,69.1073067
2018,6,3,58272,0.0763388,1.54e-05,69.1076612
2018,6,4,58273,0.0759905,1.54e-05,69.1080095
2018,6,5,58274,0.0756038,1.96e-05,69.1083962
2018,6,6,58275,0.0751601,1.67e-05,69.10883989999999
2018,6,7,58276,0.074475,1.55e-05,69.10952499999999
2018,6,8,58277,0.0737278,6.2e-06,69.1102722
2018,6,9,58278,0.0730121,2.43e-05,69.1109879
2018,6,10,58279,0.0721061,2.25e-05,69.1118939
2018,6,11,58280,0.0712516,3.13e-05,69.1127484
2018,6,12,58281,0.0705019,4.4e-05,69.1134981
2018,6,13,58282,0.0700227,2.98e-05,69.1139773
2018,6,14,58283,0.0696209,1.82e-05,69.1143791
2018,6,15,58284,0.0692766,1.58e-05,69.1147234
2018,6,16,58285,0.0690526,1.96e-05,69.11494739999999
2018,6,17,58286,0.0689034,1.7100000000000002e-05,69.1150966
2018,6,18,58287,0.0687465,7.32e-05,69.1152535
2018,6,19,58288,0.0682057,3.46e-05,69.1157943
2018,6,20,58289,0.0679077999999999,2.39e-05,69.1160922
2018,6,21,58290,0.0675607,2.76e-05,69.1164393
2018,6,22,58291,0.0670069,1.17e-05,69.1169931
2018,6,23,58292,0.0667788,1.3e-05,69.1172212
2018,6,24,58293,0.0671508,3.61e-05,69.1168492
2018,6,25,58294,0.0674125,3.52e-05,69.1165875
2018,6,26,58295,0.0675355,1.66e-05,69.11646449999999
2018,6,27,58296,0.0680891,1.43e-05,69.1159109
2018,6,28,58297,0.0686307999999999,3.63e-05,69.1153692
2018,6,29,58298,0.069349,2e-05,69.114651
2018,6,30,58299,0.0700009,1.95e-05,69.1139991
2018,7,1,58300,0.0707484,2.21e-05,69.1132516
2018,7,2,58301,0.0712642,1.9900000000000003e-05,69.1127358
2018,7,3,58302,0.0716534,2.12e-05,69.1123466
2018,7,4,58303,0.0719558,1.92e-05,69.1120442
2018,7,5,58304,0.072169,1.63e-05,69.111831
2018,7,6,58305,0.0722937,1.34e-05,69.1117063
2018,7,7,58306,0.0723928,1.89e-05,69.1116072
2018,7,8,58307,0.0722878999999999,2.3e-05,69.11171209999999
2018,7,9,58308,0.0721294,2.7e-05,69.1118706
2018,7,10,58309,0.071974,2.09e-05,69.112026
2018,7,11,58310,0.0718248,1.57e-05,69.1121752
2018,7,12,58311,0.0718512,1.47e-05,69.1121488
2018,7,13,58312,0.0717776,1.07e-05,69.1122224
2018,7,14,58313,0.071815,1.48e-05,69.112185
2018,7,15,58314,0.0717082999999999,1.86e-05,69.1122917
2018,7,16,58315,0.0714231999999999,1.48e-05,69.1125768
2018,7,17,58316,0.0709701,1.4500000000000002e-05,69.1130299
2018,7,18,58317,0.0703899,4.8e-05,69.1136101
2018,7,19,58318,0.0698254,4.22e-05,69.1141746
2018,7,20,58319,0.0693917,1.8100000000000003e-05,69.1146083
2018,7,21,58320,0.0691145,1.14e-05,69.1148855
2018,7,22,58321,0.0690077,1.12e-05,69.1149923
2018,7,23,58322,0.0690495,1.19e-05,69.11495049999999
2018,7,24,58323,0.0691958999999999,1.42e-05,69.1148041
2018,7,25,58324,0.0693493,1.44e-05,69.1146507
2018,7,26,58325,0.0695655,1.9900000000000003e-05,69.1144345
2018,7,27,58326,0.0696997,2.3800000000000003e-05,69.1143003
2018,7,28,58327,0.0697518,3e-05,69.11424819999999
2018,7,29,58328,0.0699362,2.74e-05,69.1140638
2018,7,30,58329,0.069987,2.22e-05,69.114013
2018,7,31,58330,0.069902,2.49e-05,69.114098
2018,8,1,58331,0.0697355,2.18e-05,69.1142645
2018,8,2,58332,0.0694943,1.27e-05,69.1145057
2018,8,3,58333,0.0692025,1.25e-05,69.1147975
2018,8,4,58334,0.0688969,1.23e-05,69.1151031
2018,8,5,58335,0.0686282,1.21e-05,69.11537179999999
2018,8,6,58336,0.0684629,1.19e-05,69.1155371
2018,8,7,58337,0.0683162,1.17e-05,69.1156838
2018,8,8,58338,0.0683688,1.19e-05,69.1156312
2018,8,9,58339,0.0683037,1.2200000000000002e-05,69.1156963
2018,8,10,58340,0.0682306,1.25e-05,69.11576939999999
2018,8,11,58341,0.0679502,1.27e-05,69.1160498
2018,8,12,58342,0.0675569,1.29e-05,69.1164431
2018,8,13,58343,0.067011,1.3100000000000002e-05,69.116989
2018,8,14,58344,0.0663161999999999,1.33e-05,69.1176838
2018,8,15,58345,0.0658592,1.34e-05,69.11814079999999
2018,8,16,58346,0.0652948,1.36e-05,69.1187052
2018,8,17,58347,0.0647503,1.37e-05,69.1192497
2018,8,18,58348,0.0644598,1.39e-05,69.1195402
2018,8,19,58349,0.0643768,1.41e-05,69.11962319999999
2018,8,20,58350,0.0644102,1.43e-05,69.1195898
2018,8,21,58351,0.0645181,1.46e-05,69.1194819
2018,8,22,58352,0.0646696,1.48e-05,69.1193304
2018,8,23,58353,0.064828,1.44e-05,69.11917199999999
2018,8,24,58354,0.0649609,1.46e-05,69.1190391
2018,8,25,58355,0.0650461,1.47e-05,69.1189539
2018,8,26,58356,0.0650545,1.48e-05,69.1189455
2018,8,27,58357,0.0649618,1.5e-05,69.11903819999999
2018,8,28,58358,0.0647573,1.51e-05,69.1192427
2018,8,29,58359,0.0644488,1.53e-05,69.1195512
2018,8,30,58360,0.0640652,1.54e-05,69.1199348
2018,8,31,58361,0.0636525,1.56e-05,69.1203475
2018,9,1,58362,0.0632552,1.59e-05,69.1207448
2018,9,2,58363,0.0629373,1.6100000000000002e-05,69.1210627
2018,9,3,58364,0.0626958,1.6400000000000002e-05,69.1213042
2018,9,4,58365,0.0625466,1.66e-05,69.1214534
2018,9,5,58366,0.0624566,1.68e-05,69.1215434
2018,9,6,58367,0.0623539,1.7100000000000002e-05,69.12164609999999
2018,9,7,58368,0.0621443999999999,1.6899999999999997e-05,69.1218556
2018,9,8,58369,0.0617468,1.7100000000000002e-05,69.1222532
2018,9,9,58370,0.0611191,1.74e-05,69.1228809
2018,9,10,58371,0.0602848,1.76e-05,69.12371519999999
2018,9,11,58372,0.0593277,1.7899999999999998e-05,69.1246723
2018,9,12,58373,0.0583628,1.8100000000000003e-05,69.1256372
2018,9,13,58374,0.0574989,1.8e-05,69.1265011
2018,9,14,58375,0.0568148,1.6899999999999997e-05,69.1271852
2018,9,15,58376,0.0563452,1.72e-05,69.1276548
2018,9,16,58377,0.0560732,1.73e-05,69.1279268
2018,9,17,58378,0.0559463,1.7500000000000002e-05,69.1280537
2018,9,18,58379,0.0558999,1.77e-05,69.1281001
2018,9,19,58380,0.0558641,1.7899999999999998e-05,69.1281359
2018,9,20,58381,0.0557702,1.67e-05,69.1282298
2018,9,21,58382,0.0556126,1.3e-05,69.1283874
2018,9,22,58383,0.0553212,1.32e-05,69.1286788
2018,9,23,58384,0.0548602,1.34e-05,69.1291398
2018,9,24,58385,0.0542539,1.37e-05,69.12974609999999
2018,9,25,58386,0.0535184,1.39e-05,69.1304816
2018,9,26,58387,0.0526864,1.41e-05,69.1313136
2018,9,27,58388,0.0518244,1.4500000000000002e-05,69.1321756
2018,9,28,58389,0.0509293,1.49e-05,69.13307069999999
2018,9,29,58390,0.049999,1.53e-05,69.134001
2018,9,30,58391,0.0491528,1.56e-05,69.1348472
2018,10,1,58392,0.0483911,1.59e-05,69.1356089
2018,10,2,58393,0.0477058,1.44e-05,69.1362942
2018,10,3,58394,0.0470499,1.4500000000000002e-05,69.13695009999999
2018,10,4,58395,0.0463388,1.47e-05,69.1376612
2018,10,5,58396,0.0454856,1.48e-05,69.13851439999999
2018,10,6,58397,0.0444243,1.49e-05,69.1395757
2018,10,7,58398,0.0431593,1.52e-05,69.1408407
2018,10,8,58399,0.0417531,1.54e-05,69.1422469
2018,10,9,58400,0.0403033,1.57e-05,69.14369669999999
2018,10,10,58401,0.0389206999999999,1.59e-05,69.14507929999999
2018,10,11,58402,0.0376815,1.62e-05,69.14631849999999
2018,10,12,58403,0.036626,1.6400000000000002e-05,69.147374
2018,10,13,58404,0.0357551,1.67e-05,69.1482449
2018,10,14,58405,0.0350527,1.6899999999999997e-05,69.1489473
2018,10,15,58406,0.0344828,1.72e-05,69.14951719999999
2018,10,16,58407,0.0340064,1.7500000000000002e-05,69.1499936
2018,10,17,58408,0.0335909,1.78e-05,69.1504091
2018,10,18,58409,0.0331597999999999,1.7899999999999998e-05,69.15084019999999
2018,10,19,58410,0.0326359,1.83e-05,69.1513641
2018,10,20,58411,0.0319542,1.85e-05,69.1520458
2018,10,21,58412,0.0311601,1.73e-05,69.1528399
2018,10,22,58413,0.0301869,1.74e-05,69.1538131
2018,10,23,58414,0.0290526,1.7500000000000002e-05,69.1549474
2018,10,24,58415,0.0278164,1.76e-05,69.15618359999999
2018,10,25,58416,0.0265278,1.77e-05,69.1574722
2018,10,26,58417,0.0252483,1.76e-05,69.1587517
2018,10,27,58418,0.0240577,1.7500000000000002e-05,69.1599423
2018,10,28,58419,0.0229965,1.73e-05,69.16100349999999
2018,10,29,58420,0.02205,1.72e-05,69.16195
2018,10,30,58421,0.0211663,1.7000000000000003e-05,69.1628337
2018,10,31,58422,0.0203084,1.7000000000000003e-05,69.16369159999999
2018,11,1,58423,0.0193697,1.7000000000000003e-05,69.1646303
2018,11,2,58424,0.0183104,1.67e-05,69.1656896
2018,11,3,58425,0.0171188,1.67e-05,69.16688119999999
2018,11,4,58426,0.0158542,1.67e-05,69.16814579999999
2018,11,5,58427,0.0145839,1.67e-05,69.16941609999999
2018,11,6,58428,0.0133546,1.67e-05,69.1706454
2018,11,7,58429,0.0122064,1.02e-05,69.1717936
2018,11,8,58430,0.0111717999999999,1.01e-05,69.1728282
2018,11,9,58431,0.0102598,1.01e-05,69.1737402
2018,11,10,58432,0.0094368,1e-05,69.1745632
2018,11,11,58433,0.0087003,9.900000000000002e-06,69.1752997
2018,11,12,58434,0.008065,9.900000000000002e-06,69.175935
2018,11,13,58435,0.0073945,9.8e-06,69.1766055
2018,11,14,58436,0.0067263,9.7e-06,69.1772737
2018,11,15,58437,0.0059486999999999,9.7e-06,69.17805129999999
2018,11,16,58438,0.0050837,9.6e-06,69.1789163
2018,11,17,58439,0.0041006,9.6e-06,69.1798994
2018,11,18,58440,0.0030097,9.6e-06,69.18099029999999
2018,11,19,58441,0.0018256,9.5e-06,69.1821744
2018,11,20,58442,0.0004986,9.5e-06,69.1835014
2018,11,21,58443,-0.000927,9.5e-06,69.184927
2018,11,22,58444,-0.0022881,9.5e-06,69.1862881
2018,11,23,58445,-0.0035215999999999,9.6e-06,69.1875216
2018,11,24,58446,-0.0048278999999999,9.6e-06,69.18882789999999
2018,11,25,58447,-0.0059396,9.5e-06,69.1899396
2018,11,26,58448,-0.0068989,9.5e-06,69.1908989
2018,11,27,58449,-0.0078603,9.5e-06,69.1918603
2018,11,28,58450,-0.0088052,9.5e-06,69.1928052
2018,11,29,58451,-0.0099245,9.6e-06,69.1939245
2018,11,30,58452,-0.0111764,9.7e-06,69.1951764
2018,12,1,58453,-0.0124672,9.8e-06,69.1964672
2018,12,2,58454,-0.0137963,1.58e-05,69.1977963
2018,12,3,58455,-0.0150275,1.59e-05,69.1990275
2018,12,4,58456,-0.0161613,1.62e-05,69.20016129999999
2018,12,5,58457,-0.0170167,1.6400000000000002e-05,69.2010167
2018,12,6,58458,-0.0177271,1.65e-05,69.2017271
2018,12,7,58459,-0.0182953,1.6400000000000002e-05,69.2022953
2018,12,8,58460,-0.018751,1.66e-05,69.20275099999999
2018,12,9,58461,-0.0191537,1.67e-05,69.2031537
2018,12,10,58462,-0.0195688,1.7000000000000003e-05,69.2035688
2018,12,11,58463,-0.0199348,1.39e-05,69.2039348
2018,12,12,58464,-0.0203876999999999,1.41e-05,69.2043877
2018,12,13,58465,-0.0209197,1.43e-05,69.20491969999999
2018,12,14,58466,-0.0215385,1.4500000000000002e-05,69.2055385
2018,12,15,58467,-0.0222356,1.46e-05,69.2062356
2018,12,16,58468,-0.0230399,1.48e-05,69.2070399
2018,12,17,58469,-0.0239681,1.48e-05,69.2079681
2018,12,18,58470,-0.0250054,1.49e-05,69.2090054
2018,12,19,58471,-0.0260531,1.49e-05,69.2100531
2018,12,20,58472,-0.0269508,1.49e-05,69.21095079999999
2018,12,21,58473,-0.0276885,1.49e-05,69.2116885
2018,12,22,58474,-0.0282633,1.49e-05,69.2122633
2018,12,23,58475,-0.0287259999999999,1.49e-05,69.212726
2018,12,24,58476,-0.0291804999999999,1.49e-05,69.21318049999999
2018,12,25,58477,-0.0297086,1.5e-05,69.2137086
2018,12,26,58478,-0.0303403,1.52e-05,69.2143403
2018,12,27,58479,-0.031125,1.53e-05,69.215125
2018,12,28,58480,-0.0320557999999999,1.55e-05,69.21605579999999
2018,12,29,58481,-0.0330778,1.55e-05,69.2170778
2018,12,30,58482,-0.0341394999999999,1.56e-05,69.21813949999999
2018,12,31,58483,-0.0351996,1.56e-05,69.2191996
2019,1,1,58484,-0.0361757,1.56e-05,69.2201757
2019,1,2,58485,-0.0370212,1.53e-05,69.2210212
2019,1,3,58486,-0.0378103,1.09e-05,69.2218103
2019,1,4,58487,-0.0383407,1.0800000000000002e-05,69.2223407
2019,1,5,58488,-0.0388442,1.42e-05,69.2228442
2019,1,6,58489,-0.0392,1.39e-05,69.22319999999999
2019,1,7,58490,-0.0395448,1.29e-05,69.2235448
2019,1,8,58491,-0.0398235,1.29e-05,69.2238235
2019,1,9,58492,-0.0401826999999999,1.28e-05,69.2241827
2019,1,10,58493,-0.0406199999999999,1.26e-05,69.22462
2019,1,11,58494,-0.0411334999999999,1.25e-05,69.2251335
2019,1,12,58495,-0.0417620999999999,1.24e-05,69.2257621
2019,1,13,58496,-0.0424928,1.15e-05,69.2264928
2019,1,14,58497,-0.0432913,1.14e-05,69.2272913
2019,1,15,58498,-0.0441663,1.14e-05,69.2281663
2019,1,16,58499,-0.0450744,1.14e-05,69.2290744
2019,1,17,58500,-0.0459513,1.1e-05,69.2299513
2019,1,18,58501,-0.0467703,1.1e-05,69.2307703
2019,1,19,58502,-0.0475251,1.0800000000000002e-05,69.2315251
2019,1,20,58503,-0.0482545,1.07e-05,69.2322545
2019,1,21,58504,-0.0490393,9.8e-06,69.2330393
2019,1,22,58505,-0.0499453,9.8e-06,69.2339453
2019,1,23,58506,-0.051025,9.900000000000002e-06,69.235025
2019,1,24,58507,-0.0522867,9.900000000000002e-06,69.2362867
2019,1,25,58508,-0.0536825,9.4e-06,69.23768249999999
2019,1,26,58509,-0.0551286,9.5e-06,69.2391286
2019,1,27,58510,-0.0565355,9.5e-06,69.2405355
2019,1,28,58511,-0.0578315,9.6e-06,69.2418315
2019,1,29,58512,-0.0589595,9.6e-06,69.2429595
2019,1,30,58513,-0.0598915,9.6e-06,69.2438915
2019,1,31,58514,-0.060631,9.4e-06,69.244631
2019,2,1,58515,-0.0612131,9.3e-06,69.2452131
2019,2,2,58516,-0.0616807,9.4e-06,69.2456807
2019,2,3,58517,-0.0621318,9.4e-06,69.2461318
2019,2,4,58518,-0.0626834,9.1e-06,69.2466834
2019,2,5,58519,-0.0633636,9.1e-06,69.2473636
2019,2,6,58520,-0.0641456,9.1e-06,69.2481456
2019,2,7,58521,-0.0650381,9e-06,69.24903809999999
2019,2,8,58522,-0.0660328,8.8e-06,69.2500328
2019,2,9,58523,-0.0671122,8.7e-06,69.2511122
2019,2,10,58524,-0.0682579,8.7e-06,69.2522579
2019,2,11,58525,-0.069452,8.6e-06,69.253452
2019,2,12,58526,-0.0706618,8.6e-06,69.2546618
2019,2,13,58527,-0.0718419,8.500000000000002e-06,69.2558419
2019,2,14,58528,-0.0729663,8.500000000000002e-06,69.2569663
2019,2,15,58529,-0.0740279,8.4e-06,69.2580279
2019,2,16,58530,-0.0749920999999999,8.4e-06,69.2589921
2019,2,17,58531,-0.0759557,8.500000000000002e-06,69.25995569999999
2019,2,18,58532,-0.07696,8.6e-06,69.26096
2019,2,19,58533,-0.07814,8.6e-06,69.26214
2019,2,20,58534,-0.0795086,8.7e-06,69.2635086
2019,2,21,58535,-0.0809978,8.8e-06,69.2649978
2019,2,22,58536,-0.0825419,8.9e-06,69.26654189999999
2019,2,23,58537,-0.0840556,9e-06,69.2680556
2019,2,24,58538,-0.0854319,9e-06,69.2694319
2019,2,25,58539,-0.0866007,9.1e-06,69.2706007
2019,2,26,58540,-0.087539,9.1e-06,69.271539
2019,2,27,58541,-0.0882395,9.1e-06,69.2722395
2019,2,28,58542,-0.0887969,9.1e-06,69.2727969
2019,3,1,58543,-0.0893224,9.1e-06,69.2733224
2019,3,2,58544,-0.0897152,6.2e-06,69.2737152
2019,3,3,58545,-0.0902063,6.100000000000001e-06,69.2742063
2019,3,4,58546,-0.0907334,6.100000000000001e-06,69.2747334
2019,3,5,58547,-0.0913413,6.2e-06,69.2753413
2019,3,6,58548,-0.0920315,6.2e-06,69.2760315
2019,3,7,58549,-0.0928581,6.2e-06,69.2768581
2019,3,8,58550,-0.0938234,6.3e-06,69.2778234
2019,3,9,58551,-0.0948098,6.3e-06,69.27880979999999
2019,3,10,58552,-0.0958613,6.4000000000000006e-06,69.2798613
2019,3,11,58553,-0.0969332,6.4000000000000006e-06,69.28093319999999
2019,3,12,58554,-0.0979628,6.4000000000000006e-06,69.2819628
2019,3,13,58555,-0.0988993,6.5e-06,69.2828993
2019,3,14,58556,-0.099708,6.2e-06,69.283708
2019,3,15,58557,-0.1004779,6.2e-06,69.2844779
2019,3,16,58558,-0.1012684,6.2e-06,69.28526839999999
2019,3,17,58559,-0.1021277,6.2e-06,69.2861277
2019,3,18,58560,-0.103143,6.2e-06,69.287143
2019,3,19,58561,-0.104349,6.2e-06,69.288349
2019,3,20,58562,-0.1057536999999999,6.2e-06,69.28975369999999
2019,3,21,58563,-0.1073331,6.100000000000001e-06,69.2913331
2019,3,22,58564,-0.1090042,6.100000000000001e-06,69.2930042
2019,3,23,58565,-0.1106258,6.100000000000001e-06,69.29462579999999
2019,3,24,58566,-0.1121099,6.100000000000001e-06,69.29610989999999
2019,3,25,58567,-0.1133803,6.100000000000001e-06,69.2973803
2019,3,26,58568,-0.1144432,6.100000000000001e-06,69.2984432
2019,3,27,58569,-0.11531,6.100000000000001e-06,69.29930999999999
2019,3,28,58570,-0.1160935999999999,6.100000000000001e-06,69.3000936
2019,3,29,58571,-0.1168173,6.100000000000001e-06,69.30081729999999
2019,3,30,58572,-0.1175423,6.2e-06,69.3015423
2019,3,31,58573,-0.1183182,6.2e-06,69.3023182
2019,4,1,58574,-0.1191811,6.2e-06,69.3031811
2019,4,2,58575,-0.1201631,6.2e-06,69.3041631
2019,4,3,58576,-0.1212445,6.2e-06,69.3052445
2019,4,4,58577,-0.1224765,6.100000000000001e-06,69.3064765
2019,4,5,58578,-0.123765,6.100000000000001e-06,69.307765
2019,4,6,58579,-0.1250293999999999,6.100000000000001e-06,69.3090294
2019,4,7,58580,-0.1263223,6.2e-06,69.3103223
2019,4,8,58581,-0.1275976,6.3e-06,69.3115976
2019,4,9,58582,-0.1287589,6.4000000000000006e-06,69.31275889999999
2019,4,10,58583,-0.1297839999999999,6.4000000000000006e-06,69.313784
2019,4,11,58584,-0.1307304,6.5e-06,69.3147304
2019,4,12,58585,-0.1314543,6.5e-06,69.3154543
2019,4,13,58586,-0.132226,6.6e-06,69.316226
2019,4,14,58587,-0.1330707,6.6e-06,69.3170707
2019,4,15,58588,-0.1340708,6.8e-06,69.3180708
2019,4,16,58589,-0.1352471999999999,6.8e-06,69.31924719999999
2019,4,17,58590,-0.1365967,6.9e-06,69.3205967
2019,4,18,58591,-0.1380786,6.9e-06,69.3220786
2019,4,19,58592,-0.1394963,6.9e-06,69.3234963
2019,4,20,58593,-0.1408141,6.9e-06,69.3248141
2019,4,21,58594,-0.1419326,6.8e-06,69.3259326
2019,4,22,58595,-0.1427672,6.8e-06,69.32676719999999
2019,4,23,58596,-0.1433845,6.8e-06,69.3273845
2019,4,24,58597,-0.1440057,6.8e-06,69.32800569999999
2019,4,25,58598,-0.1444918999999999,6.8e-06,69.3284919
2019,4,26,58599,-0.1449987,6.8e-06,69.3289987
2019,4,27,58600,-0.1455688,6.9e-06,69.3295688
2019,4,28,58601,-0.1461789,7e-06,69.33017889999999
2019,4,29,58602,-0.1468502,7e-06,69.3308502
2019,4,30,58603,-0.1476393,7.100000000000001e-06,69.33163929999999
2019,5,1,58604,-0.1485557,7.100000000000001e-06,69.3325557
2019,5,2,58605,-0.1496023,6.7e-06,69.3336023
2019,5,3,58606,-0.1506622,6.6e-06,69.3346622
2019,5,4,58607,-0.1516396,6.6e-06,69.3356396
2019,5,5,58608,-0.1525398999999999,6.6e-06,69.33653989999999
2019,5,6,58609,-0.153357,6.6e-06,69.337357
2019,5,7,58610,-0.1540793,6.6e-06,69.3380793
2019,5,8,58611,-0.1547104,6.6e-06,69.3387104
2019,5,9,58612,-0.1552848,6.6e-06,69.3392848
2019,5,10,58613,-0.1558351,6.6e-06,69.3398351
2019,5,11,58614,-0.1564141,6.7e-06,69.3404141
2019,5,12,58615,-0.1571147,6.7e-06,69.34111469999999
2019,5,13,58616,-0.1579536,6.7e-06,69.3419536
2019,5,14,58617,-0.1589774,6.8e-06,69.3429774
2019,5,15,58618,-0.1601841,6.8e-06,69.34418409999999
2019,5,16,58619,-0.161464,6.9e-06,69.34546399999999
2019,5,17,58620,-0.1627193,6.9e-06,69.3467193
2019,5,18,58621,-0.1637982,7e-06,69.3477982
2019,5,19,58622,-0.1646108,7e-06,69.3486108
2019,5,20,58623,-0.1652086999999999,7e-06,69.34920869999999
2019,5,21,58624,-0.1656005,7e-06,69.3496005
2019,5,22,58625,-0.1658605,7e-06,69.34986049999999
2019,5,23,58626,-0.1660852,7e-06,69.3500852
2019,5,24,58627,-0.1663187,7e-06,69.3503187
2019,5,25,58628,-0.1665909,7e-06,69.3505909
2019,5,26,58629,-0.1669187,7e-06,69.3509187
2019,5,27,58630,-0.1673156999999999,7e-06,69.3513157
2019,5,28,58631,-0.1677799,7e-06,69.3517799
2019,5,29,58632,-0.1683016,7e-06,69.3523016
2019,5,30,58633,-0.1688676,7e-06,69.3528676
2019,5,31,58634,-0.1694735,7e-06,69.35347349999999
2019,6,1,58635,-0.1700451,7.100000000000001e-06,69.3540451
2019,6,2,58636,-0.1705907,6.8e-06,69.3545907
2019,6,3,58637,-0.1709787,6.8e-06,69.3549787
2019,6,4,58638,-0.1712318,6.8e-06,69.3552318
2019,6,5,58639,-0.1714035,6.9e-06,69.3554035
2019,6,6,58640,-0.171542,6.8e-06,69.355542
2019,6,7,58641,-0.1716602,6.5e-06,69.3556602
2019,6,8,58642,-0.1718377999999999,6.5e-06,69.3558378
2019,6,9,58643,-0.1721356,6.5e-06,69.3561356
2019,6,10,58644,-0.1725999,6.5e-06,69.35659989999999
2019,6,11,58645,-0.1732075,6.7e-06,69.3572075
2019,6,12,58646,-0.1738778,6.4000000000000006e-06,69.3578778
2019,6,13,58647,-0.1744966,6.4000000000000006e-06,69.3584966
2019,6,14,58648,-0.17502,6.4000000000000006e-06,69.35902
2019,6,15,58649,-0.1753572,6.7e-06,69.35935719999999
2019,6,16,58650,-0.1754768,6.5e-06,69.3594768
2019,6,17,58651,-0.1753998,6.5e-06,69.35939979999999
2019,6,18,58652,-0.1752467,6.5e-06,69.3592467
2019,6,19,58653,-0.1750128,6.6e-06,69.3590128
2019,6,20,58654,-0.1747707,6.5e-06,69.3587707
2019,6,21,58655,-0.1745848,6.5e-06,69.3585848
2019,6,22,58656,-0.1744462,6.5e-06,69.3584462
2019,6,23,58657,-0.1743746,6.6e-06,69.35837459999999
2019,6,24,58658,-0.174362,6.6e-06,69.358362
2019,6,25,58659,-0.1744211,6.7e-06,69.3584211
2019,6,26,58660,-0.1744783,6.7e-06,69.3584783
2019,6,27,58661,-0.1745254,6.8e-06,69.35852539999999
2019,6,28,58662,-0.174556,6.8e-06,69.358556
2019,6,29,58663,-0.174535,6.9e-06,69.358535
2019,6,30,58664,-0.1744347,7e-06,69.3584347
2019,7,1,58665,-0.1741799,7.100000000000001e-06,69.3581799
2019,7,2,58666,-0.1738182,7e-06,69.3578182
2019,7,3,58667,-0.1733282,7.100000000000001e-06,69.3573282
2019,7,4,58668,-0.1727711999999999,7.2e-06,69.3567712
2019,7,5,58669,-0.1722981,7.2e-06,69.3562981
2019,7,6,58670,-0.1719953,7.2e-06,69.3559953
2019,7,7,58671,-0.1719175,7.2e-06,69.3559175
2019,7,8,58672,-0.1719241,7.3e-06,69.3559241
2019,7,9,58673,-0.1720129,7.3e-06,69.3560129
2019,7,10,58674,-0.1720373,7.4e-06,69.3560373
2019,7,11,58675,-0.1720133999999999,7.4e-06,69.3560134
2019,7,12,58676,-0.1717954,7.4e-06,69.35579539999999
2019,7,13,58677,-0.1713282,7.5e-06,69.3553282
2019,7,14,58678,-0.1706787,7.3e-06,69.3546787
2019,7,15,58679,-0.1698085,7.4e-06,69.3538085
2019,7,16,58680,-0.1688617999999999,7.4e-06,69.3528618
2019,7,17,58681,-0.1679382,7.4e-06,69.35193819999999
2019,7,18,58682,-0.1670432,7.4e-06,69.35104319999999
2019,7,19,58683,-0.1662851,7.2e-06,69.3502851
2019,7,20,58684,-0.1656322,7.3e-06,69.3496322
2019,7,21,58685,-0.1651379,7.2e-06,69.3491379
2019,7,22,58686,-0.1646548,7.2e-06,69.34865479999999
2019,7,23,58687,-0.1642195,7.2e-06,69.3482195
2019,7,24,58688,-0.1638659,7.2e-06,69.3478659
2019,7,25,58689,-0.1635104,7.3e-06,69.3475104
2019,7,26,58690,-0.1631795,7.2e-06,69.3471795
2019,7,27,58691,-0.1627645,7.3e-06,69.34676449999999
2019,7,28,58692,-0.1623692,7.2e-06,69.3463692
2019,7,29,58693,-0.1618353,7.2e-06,69.3458353
2019,7,30,58694,-0.1612435,7.2e-06,69.3452435
2019,7,31,58695,-0.1606707,7.2e-06,69.3446707
2019,8,1,58696,-0.1602268,7.100000000000001e-06,69.3442268
2019,8,2,58697,-0.1598692,6.3e-06,69.3438692
2019,8,3,58698,-0.1597619,6.3e-06,69.3437619
2019,8,4,58699,-0.1598705,6.3e-06,69.3438705
2019,8,5,58700,-0.1601388,6.3e-06,69.3441388
2019,8,6,58701,-0.1604604,6.3e-06,69.3444604
2019,8,7,58702,-0.160672,6.3e-06,69.344672
2019,8,8,58703,-0.160695,6.3e-06,69.344695
2019,8,9,58704,-0.1605176999999999,6.3e-06,69.3445177
2019,8,10,58705,-0.16009,6.3e-06,69.34409
2019,8,11,58706,-0.159507,6.2e-06,69.343507
2019,8,12,58707,-0.1588184,6.3e-06,69.3428184
2019,8,13,58708,-0.1580556,6.3e-06,69.3420556
2019,8,14,58709,-0.1573339,6.3e-06,69.3413339
2019,8,15,58710,-0.1567325,6.3e-06,69.3407325
2019,8,16,58711,-0.1562758,6.3e-06,69.3402758
2019,8,17,58712,-0.1558223,6.3e-06,69.3398223
2019,8,18,58713,-0.1555081,6.3e-06,69.3395081
2019,8,19,58714,-0.1552168,6.3e-06,69.3392168
2019,8,20,58715,-0.1549961,6.3e-06,69.3389961
2019,8,21,58716,-0.1548084,6.3e-06,69.33880839999999
2019,8,22,58717,-0.1546673,6.3e-06,69.3386673
2019,8,23,58718,-0.1545252,6.2e-06,69.33852519999999
2019,8,24,58719,-0.1543574999999999,6.2e-06,69.3383575
2019,8,25,58720,-0.1540886,6.2e-06,69.33808859999999
2019,8,26,58721,-0.1537159,6.3e-06,69.33771589999999
2019,8,27,58722,-0.1533169,6.3e-06,69.33731689999999
2019,8,28,58723,-0.1529937999999999,6.3e-06,69.3369938
2019,8,29,58724,-0.1528093,6.2e-06,69.3368093
2019,8,30,58725,-0.1528582,6.2e-06,69.3368582
2019,8,31,58726,-0.1531164,6.3e-06,69.3371164
2019,9,1,58727,-0.1536229999999999,6.4000000000000006e-06,69.337623
2019,9,2,58728,-0.1542362,6.3e-06,69.3382362
2019,9,3,58729,-0.1548126,6.3e-06,69.3388126
2019,9,4,58730,-0.1552653,6.4000000000000006e-06,69.3392653
2019,9,5,58731,-0.1555174,6.4000000000000006e-06,69.33951739999999
2019,9,6,58732,-0.1555427,6.4000000000000006e-06,69.3395427
2019,9,7,58733,-0.1553511,6.5e-06,69.3393511
2019,9,8,58734,-0.1551104,6.5e-06,69.3391104
2019,9,9,58735,-0.1547174,6.5e-06,69.3387174
2019,9,10,58736,-0.154302,6.5e-06,69.338302
2019,9,11,58737,-0.15394,6.6e-06,69.33794
2019,9,12,58738,-0.1535993,6.6e-06,69.3375993
2019,9,13,58739,-0.1533809,6.5e-06,69.3373809
2019,9,14,58740,-0.153291,6.6e-06,69.337291
2019,9,15,58741,-0.1533171,6.6e-06,69.33731709999999
2019,9,16,58742,-0.153332,6.6e-06,69.337332
2019,9,17,58743,-0.1533303,6.6e-06,69.33733029999999
2019,9,18,58744,-0.1532853,6.6e-06,69.33728529999999
2019,9,19,58745,-0.1531654,6.7e-06,69.3371654
2019,9,20,58746,-0.1529207,6.7e-06,69.3369207
2019,9,21,58747,-0.1525495,6.7e-06,69.3365495
2019,9,22,58748,-0.1521046,6.8e-06,69.3361046
2019,9,23,58749,-0.1516529999999999,6.8e-06,69.335653
2019,9,24,58750,-0.1512166,6.8e-06,69.3352166
2019,9,25,58751,-0.1508992,6.9e-06,69.3348992
2019,9,26,58752,-0.1508833,6.9e-06,69.3348833
2019,9,27,58753,-0.1512096,6.9e-06,69.3352096
2019,9,28,58754,-0.1518122999999999,7e-06,69.3358123
2019,9,29,58755,-0.1525147,7e-06,69.3365147
2019,9,30,58756,-0.153205,7.100000000000001e-06,69.337205
2019,10,1,58757,-0.1537486,7.2e-06,69.3377486
2019,10,2,58758,-0.1539883,7.2e-06,69.33798829999999
2019,10,3,58759,-0.1539122,7.3e-06,69.33791219999999
2019,10,4,58760,-0.1536855,7.3e-06,69.33768549999999
2019,10,5,58761,-0.1532978,7.4e-06,69.3372978
2019,10,6,58762,-0.1528333,7e-06,69.3368333
2019,10,7,58763,-0.1523685,6.9e-06,69.33636849999999
2019,10,8,58764,-0.1519645,6.8e-06,69.3359645
2019,10,9,58765,-0.1516533,6.8e-06,69.3356533
2019,10,10,58766,-0.1514464,6.7e-06,69.3354464
2019,10,11,58767,-0.1513803,6.6e-06,69.3353803
2019,10,12,58768,-0.1514616,6.6e-06,69.3354616
2019,10,13,58769,-0.1516517,6.6e-06,69.3356517
2019,10,14,58770,-0.151912,6.5e-06,69.335912
2019,10,15,58771,-0.1522347,6.5e-06,69.33623469999999
2019,10,16,58772,-0.1525644,6.5e-06,69.3365644
2019,10,17,58773,-0.1528796,6.3e-06,69.3368796
2019,10,18,58774,-0.1531347,6.3e-06,69.3371347
2019,10,19,58775,-0.1533264,6.2e-06,69.3373264
2019,10,20,58776,-0.1534304,6.2e-06,69.3374304
2019,10,21,58777,-0.1535058,6.2e-06,69.3375058
2019,10,22,58778,-0.1536109,6.100000000000001e-06,69.3376109
2019,10,23,58779,-0.1538184,6.100000000000001e-06,69.3378184
2019,10,24,58780,-0.1542368999999999,6.100000000000001e-06,69.3382369
2019,10,25,58781,-0.1549119,6e-06,69.3389119
2019,10,26,58782,-0.155803,6e-06,69.339803
2019,10,27,58783,-0.1568092,6e-06,69.3408092
2019,10,28,58784,-0.157737,6e-06,69.341737
2019,10,29,58785,-0.1584615,5.9e-06,69.3424615
2019,10,30,58786,-0.158924,5.9e-06,69.342924
2019,10,31,58787,-0.1591496,5.9e-06,69.3431496
2019,11,1,58788,-0.1592042,5.9e-06,69.3432042
2019,11,2,58789,-0.1591866,5.3e-06,69.3431866
2019,11,3,58790,-0.1591776999999999,5.3e-06,69.3431777
2019,11,4,58791,-0.1591947,5.3e-06,69.3431947
2019,11,5,58792,-0.1592855,5.2e-06,69.3432855
2019,11,6,58793,-0.1594469,5.2e-06,69.3434469
2019,11,7,58794,-0.1597681,5.1e-06,69.34376809999999
2019,11,8,58795,-0.1602407,5.1e-06,69.3442407
2019,11,9,58796,-0.1608634,5.1e-06,69.3448634
2019,11,10,58797,-0.1615582,5.1e-06,69.3455582
2019,11,11,58798,-0.1622553,5.1e-06,69.3462553
2019,11,12,58799,-0.162906,5.1e-06,69.346906
2019,11,13,58800,-0.1634446,5.1e-06,69.3474446
2019,11,14,58801,-0.1639065,5e-06,69.3479065
2019,11,15,58802,-0.1641833,5e-06,69.3481833
2019,11,16,58803,-0.164413,5e-06,69.348413
2019,11,17,58804,-0.1644598,5.8e-06,69.3484598
2019,11,18,58805,-0.1645157,5.9e-06,69.3485157
2019,11,19,58806,-0.1646587,6e-06,69.3486587
2019,11,20,58807,-0.1650096,6.100000000000001e-06,69.3490096
2019,11,21,58808,-0.1655837,6.2e-06,69.3495837
2019,11,22,58809,-0.1663471,6.3e-06,69.3503471
2019,11,23,58810,-0.1672095999999999,6.4000000000000006e-06,69.3512096
2019,11,24,58811,-0.1680877999999999,6.5e-06,69.35208779999999
2019,11,25,58812,-0.1688571,6.6e-06,69.3528571
2019,11,26,58813,-0.1694622,6.7e-06,69.3534622
2019,11,27,58814,-0.1701031999999999,6.8e-06,69.3541032
2019,11,28,58815,-0.1703945,7e-06,69.3543945
2019,11,29,58816,-0.1700077,7.100000000000001e-06,69.3540077
2019,11,30,58817,-0.170019,7.3e-06,69.354019
2019,12,1,58818,-0.1699998,7.5e-06,69.3539998
2019,12,2,58819,-0.1700652,6e-06,69.3540652
2019,12,3,58820,-0.1702069,6.100000000000001e-06,69.3542069
2019,12,4,58821,-0.1704075,6.3e-06,69.3544075
2019,12,5,58822,-0.1706831,6.4000000000000006e-06,69.3546831
2019,12,6,58823,-0.1710324,6.5e-06,69.3550324
2019,12,7,58824,-0.1714476,6.7e-06,69.35544759999999
2019,12,8,58825,-0.1718772999999999,6.9e-06,69.3558773
2019,12,9,58826,-0.1722563,7.2e-06,69.3562563
2019,12,10,58827,-0.1725299,7.5e-06,69.3565299
2019,12,11,58828,-0.1726501,7.7e-06,69.3566501
2019,12,12,58829,-0.1726192,7.8e-06,69.3566192
2019,12,13,58830,-0.1724695,8e-06,69.3564695
2019,12,14,58831,-0.1722776,8.3e-06,69.3562776
2019,12,15,58832,-0.1721003,8.6e-06,69.3561003
2019,12,16,58833,-0.1719915,8.8e-06,69.3559915
2019,12,17,58834,-0.1720192999999999,9e-06,69.3560193
2019,12,18,58835,-0.1722457,9.2e-06,69.3562457
2019,12,19,58836,-0.172703,9.3e-06,69.356703
2019,12,20,58837,-0.1733419,9.5e-06,69.3573419
2019,12,21,58838,-0.1740825,9.7e-06,69.3580825
2019,12,22,58839,-0.1748044,1e-05,69.3588044
2019,12,23,58840,-0.1753803,1.05e-05,69.3593803
2019,12,24,58841,-0.1757728,1.0800000000000002e-05,69.3597728
2019,12,25,58842,-0.176023,1.11e-05,69.360023
2019,12,26,58843,-0.1761537,1.13e-05,69.3601537
2019,12,27,58844,-0.1762146,1.16e-05,69.36021459999999
2019,12,28,58845,-0.1762569,1.19e-05,69.3602569
2019,12,29,58846,-0.1763366,1.21e-05,69.3603366
2019,12,30,58847,-0.1764964,1.24e-05,69.3604964
2019,12,31,58848,-0.1767594,1.26e-05,69.36075939999999
2020,1,1,58849,-0.1771303,1.28e-05,69.3611303
2020,1,2,58850,-0.1775806,1.15e-05,69.3615806
2020,1,3,58851,-0.1781029,1.15e-05,69.3621029
2020,1,4,58852,-0.1786507,1.15e-05,69.3626507
2020,1,5,58853,-0.1791377,1.12e-05,69.3631377
2020,1,6,58854,-0.1794674,1.11e-05,69.36346739999999
2020,1,7,58855,-0.1796057999999999,1.1e-05,69.3636058
2020,1,8,58856,-0.1795597,1.09e-05,69.3635597
2020,1,9,58857,-0.1793746,1.0800000000000002e-05,69.3633746
2020,1,10,58858,-0.1791201,1.01e-05,69.3631201
2020,1,11,58859,-0.1788961,9.900000000000002e-06,69.3628961
2020,1,12,58860,-0.1788057,9.2e-06,69.3628057
2020,1,13,58861,-0.1789353,9.1e-06,69.3629353
2020,1,14,58862,-0.1793255,8.9e-06,69.3633255
2020,1,15,58863,-0.1799542999999999,8.7e-06,69.3639543
2020,1,16,58864,-0.1807846,8.6e-06,69.3647846
2020,1,17,58865,-0.1817436999999999,8.500000000000002e-06,69.3657437
2020,1,18,58866,-0.1827608,8.1e-06,69.3667608
2020,1,19,58867,-0.1837339,8e-06,69.36773389999999
2020,1,20,58868,-0.1845425,7.8e-06,69.3685425
2020,1,21,58869,-0.1852307,7.7e-06,69.3692307
2020,1,22,58870,-0.1857979,7.5e-06,69.3697979
2020,1,23,58871,-0.1861858,7.4e-06,69.3701858
2020,1,24,58872,-0.1864849,7.2e-06,69.3704849
2020,1,25,58873,-0.186798,7.2e-06,69.370798
2020,1,26,58874,-0.1871883,7.3e-06,69.3711883
2020,1,27,58875,-0.1876942,7.3e-06,69.3716942
2020,1,28,58876,-0.1883288,7.3e-06,69.37232879999999
2020,1,29,58877,-0.1890555,7.3e-06,69.37305549999999
2020,1,30,58878,-0.1898021,7.3e-06,69.37380209999999
2020,1,31,58879,-0.1905244999999999,7.3e-06,69.37452449999999
2020,2,1,58880,-0.1911724,7.4e-06,69.3751724
2020,2,2,58881,-0.1917194,7e-06,69.3757194
2020,2,3,58882,-0.1921721,7.100000000000001e-06,69.37617209999999
2020,2,4,58883,-0.1925141,7.100000000000001e-06,69.3765141
2020,2,5,58884,-0.1927412,7.3e-06,69.3767412
2020,2,6,58885,-0.1928644,7.5e-06,69.3768644
2020,2,7,58886,-0.1929351,7.8e-06,69.3769351
2020,2,8,58887,-0.1930242,8.1e-06,69.3770242
2020,2,9,58888,-0.1932662,8.4e-06,69.3772662
2020,2,10,58889,-0.1937899,8.1e-06,69.3777899
2020,2,11,58890,-0.1945859,8.3e-06,69.3785859
2020,2,12,58891,-0.1955386,8.500000000000002e-06,69.3795386
2020,2,13,58892,-0.19653,8.7e-06,69.38053
2020,2,14,58893,-0.1974312,8.9e-06,69.3814312
2020,2,15,58894,-0.1981377,9.2e-06,69.3821377
2020,2,16,58895,-0.1986185,9.4e-06,69.38261849999999
2020,2,17,58896,-0.1989191,9.6e-06,69.3829191
2020,2,18,58897,-0.1990724999999999,9.8e-06,69.3830725
2020,2,19,58898,-0.1991016,1.01e-05,69.3831016
2020,2,20,58899,-0.1991206,1.03e-05,69.3831206
2020,2,21,58900,-0.1992279,1.04e-05,69.3832279
2020,2,22,58901,-0.1995108,1.07e-05,69.3835108
2020,2,23,58902,-0.1999703,1.1e-05,69.3839703
2020,2,24,58903,-0.2005608,1.12e-05,69.3845608
2020,2,25,58904,-0.2012483,1.15e-05,69.3852483
2020,2,26,58905,-0.2019938,1.18e-05,69.3859938
2020,2,27,58906,-0.2027624999999999,1.2e-05,69.3867625
2020,2,28,58907,-0.2035264,1.2200000000000002e-05,69.3875264
2020,2,29,58908,-0.2042694,1.25e-05,69.3882694
2020,3,1,58909,-0.2049668,1.26e-05,69.38896679999999
2020,3,2,58910,-0.205593,9.5e-06,69.38959299999999
2020,3,3,58911,-0.2061635,9.4e-06,69.3901635
2020,3,4,58912,-0.2066763,9.3e-06,69.3906763
2020,3,5,58913,-0.2071657999999999,9.2e-06,69.3911658
2020,3,6,58914,-0.2076964,8.9e-06,69.3916964
2020,3,7,58915,-0.2083558999999999,8.7e-06,69.3923559
2020,3,8,58916,-0.2092279,8.1e-06,69.3932279
2020,3,9,58917,-0.2103544,7.7e-06,69.3943544
2020,3,10,58918,-0.2117167,7.5e-06,69.3957167
2020,3,11,58919,-0.213229,7.3e-06,69.397229
2020,3,12,58920,-0.2147503,7.100000000000001e-06,69.3987503
2020,3,13,58921,-0.2161386,6.9e-06,69.40013859999999
2020,3,14,58922,-0.2172921,6.7e-06,69.40129209999999
2020,3,15,58923,-0.2181787,6.2e-06,69.4021787
2020,3,16,58924,-0.2188244,6e-06,69.4028244
2020,3,17,58925,-0.2192893,5.7000000000000005e-06,69.4032893
2020,3,18,58926,-0.2196482,5.6e-06,69.40364819999999
2020,3,19,58927,-0.2199551,5.400000000000001e-06,69.4039551
2020,3,20,58928,-0.2202542,5.3e-06,69.4042542
2020,3,21,58929,-0.2205675,5.2e-06,69.4045675
2020,3,22,58930,-0.2209353,5.1e-06,69.40493529999999
2020,3,23,58931,-0.2213968999999999,4.9e-06,69.4053969
2020,3,24,58932,-0.221935,4.8e-06,69.405935
2020,3,25,58933,-0.2224998,4.8e-06,69.40649979999999
2020,3,26,58934,-0.2230586,4.9e-06,69.4070586
2020,3,27,58935,-0.2235768,5e-06,69.4075768
2020,3,28,58936,-0.224027,5.1e-06,69.408027
2020,3,29,58937,-0.2243985,5.2e-06,69.4083985
2020,3,30,58938,-0.2246996,5.2e-06,69.40869959999999
2020,3,31,58939,-0.2249459,5.3e-06,69.40894589999999
2020,4,1,58940,-0.2251677,5.400000000000001e-06,69.4091677
2020,4,2,58941,-0.2254211,5.3e-06,69.4094211
2020,4,3,58942,-0.2258088,5.400000000000001e-06,69.4098088
2020,4,4,58943,-0.2264200999999999,5.6e-06,69.4104201
2020,4,5,58944,-0.2273265,5.7000000000000005e-06,69.4113265
2020,4,6,58945,-0.2285432,5.7000000000000005e-06,69.4125432
2020,4,7,58946,-0.2300159,5.8e-06,69.4140159
2020,4,8,58947,-0.2316245999999999,5.9e-06,69.4156246
2020,4,9,58948,-0.2332083,6e-06,69.4172083
2020,4,10,58949,-0.2346158,6e-06,69.4186158
2020,4,11,58950,-0.2357568,6e-06,69.4197568
2020,4,12,58951,-0.236615,6e-06,69.420615
2020,4,13,58952,-0.2372105,6e-06,69.4212105
2020,4,14,58953,-0.2375994,6e-06,69.42159939999999
2020,4,15,58954,-0.2378589,5.9e-06,69.4218589
2020,4,16,58955,-0.238046,6e-06,69.422046
2020,4,17,58956,-0.238256,6.100000000000001e-06,69.422256
2020,4,18,58957,-0.2385852,6.2e-06,69.4225852
2020,4,19,58958,-0.2390202,6.2e-06,69.4230202
2020,4,20,58959,-0.2395002,6.3e-06,69.42350019999999
2020,4,21,58960,-0.2399975,6.5e-06,69.4239975
2020,4,22,58961,-0.2405026,6.5e-06,69.4245026
2020,4,23,58962,-0.2409715,6.7e-06,69.4249715
2020,4,24,58963,-0.24139,6.8e-06,69.42539
2020,4,25,58964,-0.2416851,6.9e-06,69.4256851
2020,4,26,58965,-0.2418475,7e-06,69.4258475
2020,4,27,58966,-0.2419828,7e-06,69.4259828
2020,4,28,58967,-0.2420713,7.100000000000001e-06,69.4260713
2020,4,29,58968,-0.2421322,7.100000000000001e-06,69.4261322
2020,4,30,58969,-0.242239,7.100000000000001e-06,69.426239
2020,5,1,58970,-0.2424743,7.100000000000001e-06,69.4264743
2020,5,2,58971,-0.242917,6.8e-06,69.426917
2020,5,3,58972,-0.2436308,6.8e-06,69.4276308
2020,5,4,58973,-0.2445748,6.8e-06,69.42857479999999
2020,5,5,58974,-0.24567,6.8e-06,69.42967
2020,5,6,58975,-0.246804,6.9e-06,69.430804
2020,5,7,58976,-0.2478448,7e-06,69.4318448
2020,5,8,58977,-0.2486936,7.100000000000001e-06,69.4326936
2020,5,9,58978,-0.2493145,7.2e-06,69.4333145
2020,5,10,58979,-0.249727,7.3e-06,69.43372699999999
2020,5,11,58980,-0.249985,7.4e-06,69.43398499999999
2020,5,12,58981,-0.2501641,7.4e-06,69.4341641
2020,5,13,58982,-0.2503571,7.5e-06,69.4343571
2020,5,14,58983,-0.2505619,7.6e-06,69.43456189999999
2020,5,15,58984,-0.2507604,7.6e-06,69.4347604
2020,5,16,58985,-0.2510803,7.6e-06,69.4350803
2020,5,17,58986,-0.2514781,7.6e-06,69.4354781
2020,5,18,58987,-0.2520116,7.6e-06,69.4360116
2020,5,19,58988,-0.2526084,7.6e-06,69.4366084
2020,5,20,58989,-0.2531595,7.7e-06,69.43715949999999
2020,5,21,58990,-0.2536215,7.9e-06,69.43762149999999
2020,5,22,58991,-0.2539584,8e-06,69.4379584
2020,5,23,58992,-0.2541455,8.200000000000001e-06,69.4381455
2020,5,24,58993,-0.2541521,8.3e-06,69.4381521
2020,5,25,58994,-0.2540079,8.500000000000002e-06,69.4380079
2020,5,26,58995,-0.2538362,8.6e-06,69.43783619999999
2020,5,27,58996,-0.2536835,8.8e-06,69.43768349999999
2020,5,28,58997,-0.2535558,8.9e-06,69.4375558
2020,5,29,58998,-0.2535453,9.1e-06,69.4375453
2020,5,30,58999,-0.2537142,9.2e-06,69.4377142
2020,5,31,59000,-0.2540943,9.4e-06,69.4380943
2020,6,1,59001,-0.2546511999999999,9.6e-06,69.4386512
2020,6,2,59002,-0.2552636,9.6e-06,69.4392636
2020,6,3,59003,-0.2558111,9.7e-06,69.4398111
2020,6,4,59004,-0.2561433,9.8e-06,69.4401433
2020,6,5,59005,-0.2562125,9.7e-06,69.4402125
2020,6,6,59006,-0.2560362,9.900000000000002e-06,69.4400362
2020,6,7,59007,-0.2556732,1.02e-05,69.4396732
2020,6,8,59008,-0.2551905,1e-05,69.4391905
2020,6,9,59009,-0.2546373,1.01e-05,69.4386373
2020,6,10,59010,-0.2540253,1.02e-05,69.43802529999999
2020,6,11,59011,-0.2533824,1.02e-05,69.4373824
2020,6,12,59012,-0.2527082,1.02e-05,69.4367082
2020,6,13,59013,-0.2520923,1.02e-05,69.4360923
2020,6,14,59014,-0.2515698,1.02e-05,69.4355698
2020,6,15,59015,-0.2511455,1.02e-05,69.4351455
2020,6,16,59016,-0.2507551,1.02e-05,69.4347551
2020,6,17,59017,-0.2502728,1.02e-05,69.4342728
2020,6,18,59018,-0.2496914999999999,1e-05,69.4336915
2020,6,19,59019,-0.2490204,9.900000000000002e-06,69.4330204
2020,6,20,59020,-0.248102,9.900000000000002e-06,69.432102
2020,6,21,59021,-0.2470620999999999,9.6e-06,69.43106209999999
2020,6,22,59022,-0.2459006,9.6e-06,69.4299006
2020,6,23,59023,-0.2447075,9.6e-06,69.4287075
2020,6,24,59024,-0.2435776,9.5e-06,69.42757759999999
2020,6,25,59025,-0.2426081,9.6e-06,69.4266081
2020,6,26,59026,-0.2418658,9.5e-06,69.4258658
2020,6,27,59027,-0.2413584,9.5e-06,69.4253584
2020,6,28,59028,-0.2410263,9.5e-06,69.4250263
2020,6,29,59029,-0.2408088,9.4e-06,69.4248088
2020,6,30,59030,-0.2405729,9.4e-06,69.4245729
2020,7,1,59031,-0.2401541,9.3e-06,69.4241541
2020,7,2,59032,-0.239493,9.3e-06,69.423493
2020,7,3,59033,-0.2386042,9.4e-06,69.4226042
2020,7,4,59034,-0.2374976,9.2e-06,69.4214976
2020,7,5,59035,-0.2362157,9.2e-06,69.4202157
2020,7,6,59036,-0.2348932,9.2e-06,69.4188932
2020,7,7,59037,-0.2336113,9.2e-06,69.4176113
2020,7,8,59038,-0.2324088,9.2e-06,69.4164088
2020,7,9,59039,-0.2312898,9.2e-06,69.4152898
2020,7,10,59040,-0.2302230999999999,9.2e-06,69.4142231
2020,7,11,59041,-0.2292534,9.2e-06,69.4132534
2020,7,12,59042,-0.2282505,9.2e-06,69.4122505
2020,7,13,59043,-0.2272025,9.2e-06,69.4112025
2020,7,14,59044,-0.2261191,9.3e-06,69.4101191
2020,7,15,59045,-0.2249892,9.4e-06,69.4089892
2020,7,16,59046,-0.2237845,9.6e-06,69.40778449999999
2020,7,17,59047,-0.2224785,9.8e-06,69.40647849999999
2020,7,18,59048,-0.2211074,9.900000000000002e-06,69.40510739999999
2020,7,19,59049,-0.2196918,1.02e-05,69.4036918
2020,7,20,59050,-0.2182373,1.04e-05,69.4022373
2020,7,21,59051,-0.216864,1.05e-05,69.400864
2020,7,22,59052,-0.2156688,1.07e-05,69.3996688
2020,7,23,59053,-0.2147063,1.02e-05,69.3987063
2020,7,24,59054,-0.2139791,1.03e-05,69.3979791
2020,7,25,59055,-0.2134367,1.04e-05,69.3974367
2020,7,26,59056,-0.2129758,1.06e-05,69.39697579999999
2020,7,27,59057,-0.2124662,1.0800000000000002e-05,69.39646619999999
2020,7,28,59058,-0.2118373,1.09e-05,69.3958373
2020,7,29,59059,-0.2110816,1.1e-05,69.3950816
2020,7,30,59060,-0.2101849,1.11e-05,69.3941849
2020,7,31,59061,-0.2091724,1.12e-05,69.3931724
2020,8,1,59062,-0.2081198,1.13e-05,69.3921198
2020,8,2,59063,-0.2070472,1.05e-05,69.3910472
2020,8,3,59064,-0.2060676,1.05e-05,69.3900676
2020,8,4,59065,-0.2052247999999999,1.05e-05,69.3892248
2020,8,5,59066,-0.2044963,1.03e-05,69.3884963
2020,8,6,59067,-0.2038968,1.2e-05,69.3878968
2020,8,7,59068,-0.2034232,1.21e-05,69.3874232
2020,8,8,59069,-0.2030598,1.2200000000000002e-05,69.3870598
2020,8,9,59070,-0.2027319,1.18e-05,69.3867319
2020,8,10,59071,-0.2023438,1.18e-05,69.38634379999999
2020,8,11,59072,-0.2018452,1.18e-05,69.38584519999999
2020,8,12,59073,-0.2012087,1.18e-05,69.38520869999999
2020,8,13,59074,-0.2004326,1.16e-05,69.3844326
2020,8,14,59075,-0.1995089,1.15e-05,69.3835089
2020,8,15,59076,-0.1984422,1.14e-05,69.3824422
2020,8,16,59077,-0.1972937,1.25e-05,69.3812937
2020,8,17,59078,-0.1961824,1.24e-05,69.3801824
2020,8,18,59079,-0.1951499,1.23e-05,69.3791499
2020,8,19,59080,-0.194291,1.21e-05,69.378291
2020,8,20,59081,-0.1936905,1.21e-05,69.3776905
2020,8,21,59082,-0.1933538,1.15e-05,69.3773538
2020,8,22,59083,-0.1932221999999999,1.14e-05,69.37722219999999
2020,8,23,59084,-0.1931667,1.13e-05,69.3771667
2020,8,24,59085,-0.1930381,1.11e-05,69.3770381
2020,8,25,59086,-0.1927121,1.1e-05,69.37671209999999
2020,8,26,59087,-0.1921165,1.1e-05,69.3761165
2020,8,27,59088,-0.1912427,1.11e-05,69.3752427
2020,8,28,59089,-0.1901405,1.11e-05,69.3741405
2020,8,29,59090,-0.1888898,1.11e-05,69.3728898
2020,8,30,59091,-0.1876055,1.11e-05,69.3716055
2020,8,31,59092,-0.1864054,1.11e-05,69.3704054
2020,9,1,59093,-0.1853449,1.1e-05,69.3693449
2020,9,2,59094,-0.1844359,1.14e-05,69.3684359
2020,9,3,59095,-0.1836718,1.14e-05,69.3676718
2020,9,4,59096,-0.183021,1.13e-05,69.367021
2020,9,5,59097,-0.1824364,1.11e-05,69.3664364
2020,9,6,59098,-0.1818720999999999,1.1e-05,69.3658721
2020,9,7,59099,-0.1812925,1.1e-05,69.3652925
2020,9,8,59100,-0.1806562,1.09e-05,69.3646562
2020,9,9,59101,-0.1799467,1.09e-05,69.3639467
2020,9,10,59102,-0.1791721,1.09e-05,69.3631721
2020,9,11,59103,-0.1783511,1.14e-05,69.3623511
2020,9,12,59104,-0.1775178,1.17e-05,69.3615178
2020,9,13,59105,-0.1767408,1.17e-05,69.3607408
2020,9,14,59106,-0.1761147,1.17e-05,69.3601147
2020,9,15,59107,-0.1757085,1.17e-05,69.3597085
2020,9,16,59108,-0.1755535,1.18e-05,69.3595535
2020,9,17,59109,-0.1756637,1.2e-05,69.3596637
2020,9,18,59110,-0.1759843999999999,1.26e-05,69.3599844
2020,9,19,59111,-0.1764092,1.28e-05,69.36040919999999
2020,9,20,59112,-0.1767967,1.34e-05,69.3607967
2020,9,21,59113,-0.177019,1.36e-05,69.361019
2020,9,22,59114,-0.1770237,1.38e-05,69.3610237
2020,9,23,59115,-0.1768324,1.41e-05,69.36083239999999
2020,9,24,59116,-0.176482,1.42e-05,69.36048199999999
2020,9,25,59117,-0.1760286999999999,1.43e-05,69.3600287
2020,9,26,59118,-0.1755265,1.43e-05,69.3595265
2020,9,27,59119,-0.1750164,1.44e-05,69.3590164
2020,9,28,59120,-0.1745224,1.4500000000000002e-05,69.3585224
2020,9,29,59121,-0.1740769,1.48e-05,69.3580769
2020,9,30,59122,-0.1737115,1.49e-05,69.3577115
2020,10,1,59123,-0.1734355,1.5e-05,69.3574355
2020,10,2,59124,-0.1732413,1.53e-05,69.3572413
2020,10,3,59125,-0.1731044,1.54e-05,69.3571044
2020,10,4,59126,-0.1729735,1.55e-05,69.3569735
2020,10,5,59127,-0.1727946,1.56e-05,69.3567946
2020,10,6,59128,-0.1725157,1.56e-05,69.3565157
2020,10,7,59129,-0.1720944,1.57e-05,69.3560944
2020,10,8,59130,-0.1715545,1.56e-05,69.3555545
2020,10,9,59131,-0.1709438,1.56e-05,69.3549438
2020,10,10,59132,-0.170347,1.56e-05,69.354347
2020,10,11,59133,-0.1698266,1.56e-05,69.35382659999999
2020,10,12,59134,-0.1694229,1.56e-05,69.3534229
2020,10,13,59135,-0.1692873,1.56e-05,69.35328729999999
2020,10,14,59136,-0.1694783,1.57e-05,69.35347829999999
2020,10,15,59137,-0.169948,1.58e-05,69.353948
2020,10,16,59138,-0.1706403,1.59e-05,69.3546403
2020,10,17,59139,-0.171453,1.59e-05,69.355453
2020,10,18,59140,-0.1722056,1.6e-05,69.3562056
2020,10,19,59141,-0.1727351,1.6100000000000002e-05,69.3567351
2020,10,20,59142,-0.1730135,1.62e-05,69.3570135
2020,10,21,59143,-0.1731105,1.62e-05,69.3571105
2020,10,22,59144,-0.173112,1.62e-05,69.357112
2020,10,23,59145,-0.1731129,1.63e-05,69.3571129
2020,10,24,59146,-0.1731915,1.63e-05,69.3571915
2020,10,25,59147,-0.1733234,1.6400000000000002e-05,69.3573234
2020,10,26,59148,-0.1735104,1.66e-05,69.3575104
2020,10,27,59149,-0.1737708,1.67e-05,69.3577708
2020,10,28,59150,-0.1741048999999999,1.7000000000000003e-05,69.3581049
2020,10,29,59151,-0.1744617,1.72e-05,69.35846169999999
2020,10,30,59152,-0.1747433,1.74e-05,69.3587433
2020,10,31,59153,-0.1750667,1.76e-05,69.3590667
2020,11,1,59154,-0.1753212,1.78e-05,69.3593212
2020,11,2,59155,-0.1754892,1.77e-05,69.3594892
2020,11,3,59156,-0.1755506,1.78e-05,69.35955059999999
2020,11,4,59157,-0.1755009,1.78e-05,69.3595009
2020,11,5,59158,-0.1753222,1.77e-05,69.3593222
2020,11,6,59159,-0.1750506,1.7899999999999998e-05,69.3590506
2020,11,7,59160,-0.1747264999999999,1.7899999999999998e-05,69.3587265
2020,11,8,59161,-0.1745355,1.77e-05,69.3585355
2020,11,9,59162,-0.174581,1.78e-05,69.358581
2020,11,10,59163,-0.174895,1.7899999999999998e-05,69.358895
2020,11,11,59164,-0.1754908,1.8100000000000003e-05,69.3594908
2020,11,12,59165,-0.1762784,1.83e-05,69.3602784
2020,11,13,59166,-0.1771548,1.83e-05,69.3611548
2020,11,14,59167,-0.1779688999999999,1.89e-05,69.3619689
2020,11,15,59168,-0.1786182,1.9e-05,69.3626182
2020,11,16,59169,-0.1790137,1.23e-05,69.3630137
2020,11,17,59170,-0.1791302,1.23e-05,69.3631302
2020,11,18,59171,-0.1790234,1.23e-05,69.3630234
2020,11,19,59172,-0.1787545,1.23e-05,69.3627545
2020,11,20,59173,-0.1784446,1.23e-05,69.3624446
2020,11,21,59174,-0.1781848,1.24e-05,69.3621848
2020,11,22,59175,-0.178069,1.24e-05,69.36206899999999
2020,11,23,59176,-0.1781332,1.25e-05,69.3621332
2020,11,24,59177,-0.1783393,1.25e-05,69.3623393
2020,11,25,59178,-0.1786218,1.26e-05,69.3626218
2020,11,26,59179,-0.1789613,1.13e-05,69.3629613
2020,11,27,59180,-0.17917,1.14e-05,69.36317
2020,11,28,59181,-0.1793068,1.14e-05,69.3633068
2020,11,29,59182,-0.1793003,1.14e-05,69.36330029999999
2020,11,30,59183,-0.1792036,1.15e-05,69.36320359999999
2020,12,1,59184,-0.1790045,1.16e-05,69.3630045
2020,12,2,59185,-0.1787175,1.17e-05,69.3627175
2020,12,3,59186,-0.1783211,1.17e-05,69.3623211
2020,12,4,59187,-0.1779212,1.17e-05,69.3619212
2020,12,5,59188,-0.1776326,1.17e-05,69.3616326
2020,12,6,59189,-0.1775418,1.17e-05,69.3615418
2020,12,7,59190,-0.1776428,1.18e-05,69.3616428
2020,12,8,59191,-0.1779633,1.19e-05,69.3619633
2020,12,9,59192,-0.17851,1.2e-05,69.36251
2020,12,10,59193,-0.1791348,1.2e-05,69.3631348
2020,12,11,59194,-0.1797372,1.2e-05,69.3637372
2020,12,12,59195,-0.1801888999999999,1.21e-05,69.3641889
2020,12,13,59196,-0.180398,1.21e-05,69.364398
2020,12,14,59197,-0.1803677,1.21e-05,69.3643677
2020,12,15,59198,-0.1801153,1.2200000000000002e-05,69.3641153
2020,12,16,59199,-0.1797032,1.2200000000000002e-05,69.3637032
2020,12,17,59200,-0.1792127999999999,1.23e-05,69.3632128
2020,12,18,59201,-0.1787692,1.2200000000000002e-05,69.3627692
2020,12,19,59202,-0.1784509,1.2200000000000002e-05,69.3624509
2020,12,20,59203,-0.1783092,1.2200000000000002e-05,69.3623092
2020,12,21,59204,-0.1782871,1.23e-05,69.3622871
2020,12,22,59205,-0.1783855,1.24e-05,69.3623855
2020,12,23,59206,-0.1785628,1.14e-05,69.36256279999999
2020,12,24,59207,-0.1786681,1.14e-05,69.3626681
2020,12,25,59208,-0.1786618,1.14e-05,69.3626618
2020,12,26,59209,-0.1785155,1.14e-05,69.3625155
2020,12,27,59210,-0.1782196,1.14e-05,69.3622196
2020,12,28,59211,-0.1777872999999999,1.15e-05,69.3617873
2020,12,29,59212,-0.1772435,1.15e-05,69.3612435
2020,12,30,59213,-0.1766471,1.14e-05,69.3606471
2020,12,31,59214,-0.1760031,1.13e-05,69.3600031
2021,1,1,59215,-0.175376,1.12e-05,69.359376
2021,1,2,59216,-0.1748394,1.05e-05,69.3588394
2021,1,3,59217,-0.1744761,1.04e-05,69.3584761
2021,1,4,59218,-0.1743246,1.03e-05,69.3583246
2021,1,5,59219,-0.1743819,1.02e-05,69.3583819
2021,1,6,59220,-0.1746023,1.01e-05,69.3586023
2021,1,7,59221,-0.1748751,1e-05,69.35887509999999
2021,1,8,59222,-0.1750757,9.900000000000002e-06,69.35907569999999
2021,1,9,59223,-0.1750823,9.7e-06,69.3590823
2021,1,10,59224,-0.1748654,9.6e-06,69.3588654
2021,1,11,59225,-0.1744764999999999,9.4e-06,69.3584765
2021,1,12,59226,-0.1739724,9.3e-06,69.3579724
2021,1,13,59227,-0.1734272,9.900000000000002e-06,69.3574272
2021,1,14,59228,-0.1729080999999999,1.02e-05,69.3569081
2021,1,15,59229,-0.1724606,1.14e-05,69.35646059999999
2021,1,16,59230,-0.1721004,1.16e-05,69.3561004
2021,1,17,59231,-0.1718081,1.19e-05,69.3558081
2021,1,18,59232,-0.171579,1.2200000000000002e-05,69.35557899999999
2021,1,19,59233,-0.1714126,1.2200000000000002e-05,69.3554126
2021,1,20,59234,-0.1712427,1.24e-05,69.35524269999999
2021,1,21,59235,-0.1710484,1.29e-05,69.3550484
2021,1,22,59236,-0.1707975,1.2200000000000002e-05,69.3547975
2021,1,23,59237,-0.1704757999999999,1.2200000000000002e-05,69.3544758
2021,1,24,59238,-0.1700327,1.23e-05,69.35403269999999
2021,1,25,59239,-0.1694247,1.26e-05,69.35342469999999
2021,1,26,59240,-0.1687165,1.24e-05,69.3527165
2021,1,27,59241,-0.1680026,1.24e-05,69.35200259999999
2021,1,28,59242,-0.1673675,1.24e-05,69.3513675
2021,1,29,59243,-0.1669073,1.23e-05,69.3509073
2021,1,30,59244,-0.1666564999999999,1.19e-05,69.3506565
2021,1,31,59245,-0.1666887,1.19e-05,69.35068869999999
2021,2,1,59246,-0.1670203999999999,1.18e-05,69.3510204
2021,2,2,59247,-0.1675614,1.25e-05,69.3515614
2021,2,3,59248,-0.168192,1.28e-05,69.352192
2021,2,4,59249,-0.1688,1.28e-05,69.3528
2021,2,5,59250,-0.1692802,1.29e-05,69.3532802
2021,2,6,59251,-0.1696139,1.29e-05,69.3536139
2021,2,7,59252,-0.169685,1.3100000000000002e-05,69.353685
2021,2,8,59253,-0.1694924,1.26e-05,69.3534924
2021,2,9,59254,-0.1693373,1.27e-05,69.35333729999999
2021,2,10,59255,-0.1692436,1.26e-05,69.3532436
2021,2,11,59256,-0.1692657,1.3100000000000002e-05,69.3532657
2021,2,12,59257,-0.169409,1.3e-05,69.353409
2021,2,13,59258,-0.1697045,1.29e-05,69.35370449999999
2021,2,14,59259,-0.1701305,1.28e-05,69.3541305
2021,2,15,59260,-0.1706473,1.3100000000000002e-05,69.3546473
2021,2,16,59261,-0.1711965,1.25e-05,69.35519649999999
2021,2,17,59262,-0.1716669,1.24e-05,69.3556669
2021,2,18,59263,-0.1719511,1.3e-05,69.3559511
2021,2,19,59264,-0.1720228,1.3100000000000002e-05,69.35602279999999
2021,2,20,59265,-0.1719007,1.23e-05,69.35590069999999
2021,2,21,59266,-0.1715819999999999,1.23e-05,69.355582
2021,2,22,59267,-0.1710795,1.25e-05,69.3550795
2021,2,23,59268,-0.1704677,1.25e-05,69.3544677
2021,2,24,59269,-0.1698548,1.32e-05,69.3538548
2021,2,25,59270,-0.1693475,1.3e-05,69.3533475
2021,2,26,59271,-0.1690477,1.28e-05,69.35304769999999
2021,2,27,59272,-0.1690351,1.29e-05,69.3530351
2021,2,28,59273,-0.1693081,1.29e-05,69.35330809999999
2021,3,1,59274,-0.1697877,1.26e-05,69.3537877
2021,3,2,59275,-0.1703934,1.27e-05,69.35439339999999
2021,3,3,59276,-0.1710261,1.27e-05,69.3550261
2021,3,4,59277,-0.171554,1.34e-05,69.355554
2021,3,5,59278,-0.1718838,1.29e-05,69.3558838
2021,3,6,59279,-0.1719881,1.29e-05,69.35598809999999
2021,3,7,59280,-0.1718731,1.29e-05,69.3558731
2021,3,8,59281,-0.171608,1.28e-05,69.355608
2021,3,9,59282,-0.1713242999999999,1.3e-05,69.35532429999999
2021,3,10,59283,-0.1710993,1.4e-05,69.35509929999999
2021,3,11,59284,-0.1710012,1.41e-05,69.3550012
2021,3,12,59285,-0.1710599,1.34e-05,69.3550599
2021,3,13,59286,-0.1712387,1.35e-05,69.3552387
2021,3,14,59287,-0.1715574,1.36e-05,69.3555574
2021,3,15,59288,-0.1719515,1.35e-05,69.3559515
2021,3,16,59289,-0.1722334999999999,1.34e-05,69.3562335
2021,3,17,59290,-0.1724026,1.3100000000000002e-05,69.3564026
2021,3,18,59291,-0.1724204,1.25e-05,69.35642039999999
2021,3,19,59292,-0.1722871,1.2e-05,69.3562871
2021,3,20,59293,-0.1720284,1.18e-05,69.3560284
2021,3,21,59294,-0.17169,1.51e-05,69.35569
2021,3,22,59295,-0.1713132,1.6100000000000002e-05,69.3553132
2021,3,23,59296,-0.1709575,1.59e-05,69.3549575
2021,3,24,59297,-0.1706787,1.55e-05,69.3546787
2021,3,25,59298,-0.1705313,1.53e-05,69.35453129999999
2021,3,26,59299,-0.1705938,1.38e-05,69.3545938
2021,3,27,59300,-0.1709185,1.39e-05,69.3549185
2021,3,28,59301,-0.1714942,1.42e-05,69.3554942
2021,3,29,59302,-0.1722454,1.44e-05,69.35624539999999
2021,3,30,59303,-0.1730409,1.4500000000000002e-05,69.3570409
2021,3,31,59304,-0.1737315,1.4500000000000002e-05,69.3577315
2021,4,1,59305,-0.1742201,1.47e-05,69.3582201
2021,4,2,59306,-0.1744884,1.47e-05,69.3584884
2021,4,3,59307,-0.1745594,1.49e-05,69.3585594
2021,4,4,59308,-0.174471,1.3100000000000002e-05,69.358471
2021,4,5,59309,-0.1744009,1.3100000000000002e-05,69.35840089999999
2021,4,6,59310,-0.1744328,1.38e-05,69.3584328
2021,4,7,59311,-0.1745973999999999,1.28e-05,69.3585974
2021,4,8,59312,-0.1748862,1.28e-05,69.3588862
2021,4,9,59313,-0.1752873999999999,1.2e-05,69.3592874
2021,4,10,59314,-0.1757729,1.21e-05,69.3597729
2021,4,11,59315,-0.1762939,1.21e-05,69.3602939
2021,4,12,59316,-0.1767986,1.19e-05,69.3607986
2021,4,13,59317,-0.1772455,1.24e-05,69.3612455
2021,4,14,59318,-0.1776055,1.28e-05,69.3616055
2021,4,15,59319,-0.1778557,1.27e-05,69.36185569999999
2021,4,16,59320,-0.1779907,1.25e-05,69.36199069999999
2021,4,17,59321,-0.178025,1.25e-05,69.362025
2021,4,18,59322,-0.1779868,1.23e-05,69.3619868
2021,4,19,59323,-0.1779103,1.23e-05,69.36191029999999
2021,4,20,59324,-0.1778571,1.17e-05,69.3618571
2021,4,21,59325,-0.177916,1.16e-05,69.361916
2021,4,22,59326,-0.1781298,1.1e-05,69.36212979999999
2021,4,23,59327,-0.1785406,1.1e-05,69.3625406
2021,4,24,59328,-0.179139,1.12e-05,69.363139
2021,4,25,59329,-0.1799364,1.13e-05,69.3639364
2021,4,26,59330,-0.1809123,1.14e-05,69.3649123
2021,4,27,59331,-0.1819026,1.17e-05,69.3659026
2021,4,28,59332,-0.1826964,1.17e-05,69.3666964
2021,4,29,59333,-0.1831982,1.17e-05,69.3671982
2021,4,30,59334,-0.1833833,1.16e-05,69.3673833
2021,5,1,59335,-0.1833089,1.17e-05,69.3673089
2021,5,2,59336,-0.1830909,1.18e-05,69.3670909
2021,5,3,59337,-0.1827909,1.18e-05,69.3667909
2021,5,4,59338,-0.1825243,1.13e-05,69.3665243
2021,5,5,59339,-0.1823978,1.12e-05,69.3663978
2021,5,6,59340,-0.18242,1.09e-05,69.36641999999999
2021,5,7,59341,-0.182567,1.03e-05,69.366567
2021,5,8,59342,-0.1827886,1.04e-05,69.36678859999999
2021,5,9,59343,-0.1830318,1.05e-05,69.36703179999999
2021,5,10,59344,-0.1832398,1.12e-05,69.3672398
2021,5,11,59345,-0.1833696,1.11e-05,69.3673696
2021,5,12,59346,-0.183405,1.07e-05,69.36740499999999
2021,5,13,59347,-0.1833166,1.04e-05,69.3673166
2021,5,14,59348,-0.1831001,1.04e-05,69.3671001
2021,5,15,59349,-0.1828031,1.05e-05,69.3668031
2021,5,16,59350,-0.1824802,1.06e-05,69.3664802
2021,5,17,59351,-0.1822601,1.11e-05,69.36626009999999
2021,5,18,59352,-0.1820734,1.11e-05,69.36607339999999
2021,5,19,59353,-0.1819841999999999,1.12e-05,69.3659842
2021,5,20,59354,-0.18213,1.11e-05,69.36613
2021,5,21,59355,-0.1825058,1.13e-05,69.3665058
2021,5,22,59356,-0.1830591,1.16e-05,69.36705909999999
2021,5,23,59357,-0.1837358999999999,1.2e-05,69.3677359
2021,5,24,59358,-0.1844377,1.28e-05,69.3684377
2021,5,25,59359,-0.1850358,1.3100000000000002e-05,69.36903579999999
2021,5,26,59360,-0.1854186,1.35e-05,69.3694186
2021,5,27,59361,-0.1855433,1.4e-05,69.3695433
2021,5,28,59362,-0.1854061,1.35e-05,69.36940609999999
2021,5,29,59363,-0.1850586,1.38e-05,69.3690586
2021,5,30,59364,-0.1846181,1.42e-05,69.36861809999999
2021,5,31,59365,-0.1841962,1.4500000000000002e-05,69.3681962
2021,6,1,59366,-0.1838763,1.4e-05,69.36787629999999
2021,6,2,59367,-0.1837088,1.36e-05,69.3677088
2021,6,3,59368,-0.1836734,1.36e-05,69.3676734
2021,6,4,59369,-0.1837182,1.37e-05,69.3677182
2021,6,5,59370,-0.1837435,1.39e-05,69.3677435
2021,6,6,59371,-0.1837213,1.41e-05,69.3677213
2021,6,7,59372,-0.1835146,1.51e-05,69.36751459999999
2021,6,8,59373,-0.1831307,1.59e-05,69.3671307
2021,6,9,59374,-0.1825961,1.6e-05,69.3665961
2021,6,10,59375,-0.1819126,1.6100000000000002e-05,69.3659126
2021,6,11,59376,-0.1810931,1.53e-05,69.3650931
2021,6,12,59377,-0.1802017,1.56e-05,69.3642017
2021,6,13,59378,-0.1792824,1.57e-05,69.3632824
2021,6,14,59379,-0.1783898,1.58e-05,69.3623898
2021,6,15,59380,-0.1776041,1.58e-05,69.3616041
2021,6,16,59381,-0.1769638,1.47e-05,69.3609638
2021,6,17,59382,-0.1765218999999999,1.41e-05,69.3605219
2021,6,18,59383,-0.176292,1.39e-05,69.360292
2021,6,19,59384,-0.1762499,1.39e-05,69.3602499
2021,6,20,59385,-0.1762848,1.39e-05,69.3602848
2021,6,21,59386,-0.1762299,1.38e-05,69.3602299
2021,6,22,59387,-0.1759694,1.21e-05,69.3599694
2021,6,23,59388,-0.1754577,1.2e-05,69.3594577
2021,6,24,59389,-0.1746551,1.18e-05,69.3586551
2021,6,25,59390,-0.1736026,1.12e-05,69.35760259999999
2021,6,26,59391,-0.1723902,1.1e-05,69.35639019999999
2021,6,27,59392,-0.171152,1.0800000000000002e-05,69.355152
2021,6,28,59393,-0.1700013,1.03e-05,69.3540013
2021,6,29,59394,-0.1689978999999999,1.07e-05,69.35299789999999
2021,6,30,59395,-0.1681557,1.04e-05,69.3521557
2021,7,1,59396,-0.1674255,1.05e-05,69.35142549999999
2021,7,2,59397,-0.1667352,1.07e-05,69.3507352
2021,7,3,59398,-0.1660067,1.0800000000000002e-05,69.3500067
2021,7,4,59399,-0.1651797,1.1e-05,69.3491797
2021,7,5,59400,-0.1642095,1.11e-05,69.3482095
2021,7,6,59401,-0.16308920000000002,1.11e-05,69.3470892
2021,7,7,59402,-0.1618291,1.09e-05,69.3458291
2021,7,8,59403,-0.1604574,1.04e-05,69.3444574
2021,7,9,59404,-0.1590228,1.03e-05,69.3430228
2021,7,10,59405,-0.1575892,1.03e-05,69.3415892
2021,7,11,59406,-0.15621690000000002,1.03e-05,69.3402169
2021,7,12,59407,-0.1549674,1.01e-05,69.3389674
2021,7,13,59408,-0.153898,9.8e-06,69.337898
2021,7,14,59409,-0.15305670000000002,9.900000000000002e-06,69.33705669999999
2021,7,15,59410,-0.15242250000000002,1.09e-05,69.3364225
2021,7,16,59411,-0.15200450000000001,1.07e-05,69.3360045
2021,7,17,59412,-0.1517411,1.1e-05,69.33574109999999
2021,7,18,59413,-0.1515176,1.12e-05,69.3355176
2021,7,19,59414,-0.15119749999999998,1.1400000000000001e-05,69.33519749999999
2021,7,20,59415,-0.1507114,1.09e-05,69.3347114
2021,7,21,59416,-0.1500616,1.13e-05,69.3340616
2021,7,22,59417,-0.1492653,1.17e-05,69.3332653
2021,7,23,59418,-0.1483896,1.1599999999999999e-05,69.3323896
2021,7,24,59419,-0.1475216,1.17e-05,69.3315216
2021,7,25,59420,-0.1467385,1.1900000000000001e-05,69.3307385
2021,7,26,59421,-0.1460743,1.1400000000000001e-05,69.33007429999999
2021,7,27,59422,-0.145538,1.1e-05,69.329538
2021,7,28,59423,-0.1451164,1.1400000000000001e-05,69.3291164
2021,7,29,59424,-0.1447485,1.25e-05,69.3287485
2021,7,30,59425,-0.1443684,1.26e-05,69.3283684
2021,7,31,59426,-0.14391720000000002,1.2800000000000001e-05,69.3279172
2021,8,1,59427,-0.14335409999999998,1.3e-05,69.3273541
2021,8,2,59428,-0.14265629999999999,1.3100000000000002e-05,69.3266563
2021,8,3,59429,-0.1418281,1.25e-05,69.3258281
2021,8,4,59430,-0.1408819,1.34e-05,69.3248819
2021,8,5,59431,-0.1398588,1.3e-05,69.3238588
2021,8,6,59432,-0.1388293,1.25e-05,69.3228293
2021,8,7,59433,-0.1377997,1.25e-05,69.3217997
2021,8,8,59434,-0.1367543,1.24e-05,69.3207543
2021,8,9,59435,-0.135822,1.29e-05,69.319822
2021,8,10,59436,-0.1350686,1.21e-05,69.3190686
2021,8,11,59437,-0.1345085,1.15e-05,69.3185085
2021,8,12,59438,-0.13411900000000002,1.11e-05,69.318119
2021,8,13,59439,-0.13383170000000003,1.0800000000000002e-05,69.3178317
2021,8,14,59440,-0.13354580000000002,1.07e-05,69.31754579999999
2021,8,15,59441,-0.1331531,1.0500000000000001e-05,69.3171531
2021,8,16,59442,-0.1325675,1.0500000000000001e-05,69.31656749999999
2021,8,17,59443,-0.1317488,1.03e-05,69.3157488
2021,8,18,59444,-0.13071850000000002,1.02e-05,69.3147185
2021,8,19,59445,-0.1295488,1e-05,69.31354879999999
2021,8,20,59446,-0.1283563,9.8e-06,69.31235629999999
2021,8,21,59447,-0.1272649,9.900000000000002e-06,69.3112649
2021,8,22,59448,-0.1263384,9.900000000000002e-06,69.31033839999999
2021,8,23,59449,-0.1255763,9.5e-06,69.3095763
2021,8,24,59450,-0.12496360000000001,1.02e-05,69.3089636
2021,8,25,59451,-0.1244735,1.0800000000000002e-05,69.30847349999999
2021,8,26,59452,-0.12401620000000001,1.1e-05,69.3080162
2021,8,27,59453,-0.1235117,1.0800000000000002e-05,69.30751169999999
2021,8,28,59454,-0.1228899,1.1e-05,69.3068899
2021,8,29,59455,-0.1221387,1.12e-05,69.30613869999999
2021,8,30,59456,-0.1212791,1.0800000000000002e-05,69.30527909999999
2021,8,31,59457,-0.12032670000000001,1.09e-05,69.3043267
2021,9,1,59458,-0.11930710000000001,1.0500000000000001e-05,69.3033071
2021,9,2,59459,-0.11825740000000001,1.06e-05,69.3022574
2021,9,3,59460,-0.117228,1.0500000000000001e-05,69.301228
2021,9,4,59461,-0.1162657,1.06e-05,69.3002657
2021,9,5,59462,-0.1154565,1.07e-05,69.29945649999999
2021,9,6,59463,-0.1149183,1.13e-05,69.2989183
2021,9,7,59464,-0.1145864,1.09e-05,69.29858639999999
2021,9,8,59465,-0.11443890000000001,1.07e-05,69.2984389
2021,9,9,59466,-0.1144456,9.299999999999999e-06,69.2984456
2021,9,10,59467,-0.11450010000000001,9.100000000000001e-06,69.2985001
2021,9,11,59468,-0.1145067,9.100000000000001e-06,69.2985067
2021,9,12,59469,-0.1143417,9e-06,69.2983417
2021,9,13,59470,-0.1139194,9.100000000000001e-06,69.2979194
2021,9,14,59471,-0.1132542,8.9e-06,69.2972542
2021,9,15,59472,-0.11242650000000001,8.9e-06,69.2964265
2021,9,16,59473,-0.11156,9e-06,69.29556
2021,9,17,59474,-0.1107776,9.100000000000001e-06,69.2947776
2021,9,18,59475,-0.11018470000000001,9.100000000000001e-06,69.2941847
2021,9,19,59476,-0.10979080000000001,9.2e-06,69.2937908
2021,9,20,59477,-0.1095369,9e-06,69.29353689999999
2021,9,21,59478,-0.1093835,9.100000000000001e-06,69.2933835
2021,9,22,59479,-0.1092939,9.2e-06,69.2932939
2021,9,23,59480,-0.1092075,8.500000000000002e-06,69.2932075
2021,9,24,59481,-0.109071,8.6e-06,69.293071
2021,9,25,59482,-0.1088548,8.7e-06,69.2928548
2021,9,26,59483,-0.1085235,8.8e-06,69.2925235
2021,9,27,59484,-0.1080259,7.6e-06,69.2920259
2021,9,28,59485,-0.10739960000000001,7.5e-06,69.29139959999999
2021,9,29,59486,-0.10670140000000002,7.3e-06,69.2907014
2021,9,30,59487,-0.1059687,7.2e-06,69.2899687
2021,10,1,59488,-0.1052566,7.2e-06,69.2892566
2021,10,2,59489,-0.1046635,7.2e-06,69.2886635
2021,10,3,59490,-0.1042262,7.100000000000001e-06,69.2882262
2021,10,4,59491,-0.1040412,7e-06,69.2880412
2021,10,5,59492,-0.1041427,6.7e-06,69.2881427
2021,10,6,59493,-0.10451300000000001,6.5e-06,69.288513
2021,10,7,59494,-0.1050355,6.8e-06,69.2890355
2021,10,8,59495,-0.1055552,7.100000000000001e-06,69.2895552
2021,10,9,59496,-0.1059176,7.3e-06,69.2899176
2021,10,10,59497,-0.1060489,7.5e-06,69.2900489
2021,10,11,59498,-0.10595059999999999,7.5e-06,69.2899506
2021,10,12,59499,-0.1056985,7.5e-06,69.2896985
2021,10,13,59500,-0.10537690000000001,7.6e-06,69.2893769
2021,10,14,59501,-0.1050561,7.4e-06,69.2890561
2021,10,15,59502,-0.1048215,7.5e-06,69.2888215
2021,10,16,59503,-0.1047296,7.7e-06,69.2887296
2021,10,17,59504,-0.1047961,7.9e-06,69.2887961
2021,10,18,59505,-0.1049797,8e-06,69.2889797
2021,10,19,59506,-0.1053261,7.5e-06,69.2893261
2021,10,20,59507,-0.10568519999999999,7.7e-06,69.2896852
2021,10,21,59508,-0.10599330000000001,7.9e-06,69.28999329999999
2021,10,22,59509,-0.1061695,7.8e-06,69.29016949999999
2021,10,23,59510,-0.1061599,8e-06,69.29015989999999
2021,10,24,59511,-0.1059532,8.200000000000001e-06,69.2899532
2021,10,25,59512,-0.1055673,8.3e-06,69.2895673
2021,10,26,59513,-0.105071,8.6e-06,69.28907099999999
2021,10,27,59514,-0.104556,8.8e-06,69.288556
2021,10,28,59515,-0.1040921,9e-06,69.2880921
2021,10,29,59516,-0.1037503,8.8e-06,69.2877503
2021,10,30,59517,-0.1035881,9e-06,69.2875881
2021,10,31,59518,-0.1036762,9.100000000000001e-06,69.28767619999999
2021,11,1,59519,-0.1040619,9.5e-06,69.2880619
2021,11,2,59520,-0.10471420000000001,9.6e-06,69.2887142
2021,11,3,59521,-0.1055305,9.900000000000002e-06,69.2895305
2021,11,4,59522,-0.1063597,9.6e-06,69.2903597
2021,11,5,59523,-0.107035,9.4e-06,69.291035
2021,11,6,59524,-0.1074216,9.6e-06,69.29142159999999
2021,11,7,59525,-0.10750610000000001,9.8e-06,69.29150609999999
2021,11,8,59526,-0.1073849,1e-05,69.2913849
2021,11,9,59527,-0.1071716,1.02e-05,69.2911716
2021,11,10,59528,-0.106962,1.03e-05,69.290962
2021,11,11,59529,-0.1068772,1e-05,69.2908772
2021,11,12,59530,-0.1069721,1.03e-05,69.29097209999999
2021,11,13,59531,-0.10725230000000001,1.04e-05,69.2912523
2021,11,14,59532,-0.1076527,1.0500000000000001e-05,69.2916527
2021,11,15,59533,-0.1080024,9.6e-06,69.2920024
2021,11,16,59534,-0.1082774,9.6e-06,69.2922774
2021,11,17,59535,-0.1084806,9.7e-06,69.29248059999999
2021,11,18,59536,-0.1085552,9.299999999999999e-06,69.2925552
2021,11,19,59537,-0.10846800000000001,8.9e-06,69.292468
2021,11,20,59538,-0.10819430000000001,9e-06,69.29219429999999
2021,11,21,59539,-0.10776990000000002,9.100000000000001e-06,69.29176989999999
2021,11,22,59540,-0.10726640000000001,9.100000000000001e-06,69.2912664
2021,11,23,59541,-0.1067281,7.9e-06,69.2907281
2021,11,24,59542,-0.1062044,7.5e-06,69.2902044
2021,11,25,59543,-0.10572770000000001,6.9e-06,69.2897277
2021,11,26,59544,-0.10539,6.8e-06,69.28939
2021,11,27,59545,-0.1053,6.8e-06,69.2893
2021,11,28,59546,-0.1054501,6.7e-06,69.2894501
2021,11,29,59547,-0.1057693,6.7e-06,69.2897693
2021,11,30,59548,-0.10623560000000001,6.6e-06,69.2902356
2021,12,1,59549,-0.1068219,6.6e-06,69.2908219
2021,12,2,59550,-0.1073817,6.7e-06,69.2913817
2021,12,3,59551,-0.1077758,6.7e-06,69.2917758
2021,12,4,59552,-0.1079062,6.9e-06,69.2919062
2021,12,5,59553,-0.10778910000000001,7e-06,69.2917891
2021,12,6,59554,-0.1075299,7.2e-06,69.2915299
2021,12,7,59555,-0.1072636,7.3e-06,69.2912636
2021,12,8,59556,-0.1071092,7.100000000000001e-06,69.2911092
2021,12,9,59557,-0.1071653,7.2e-06,69.2911653
2021,12,10,59558,-0.1074002,7.100000000000001e-06,69.2914002
2021,12,11,59559,-0.1077748,7.3e-06,69.2917748
2021,12,12,59560,-0.1082102,7.4e-06,69.2922102
2021,12,13,59561,-0.1086201,7.6e-06,69.2926201
2021,12,14,59562,-0.1089586,7.100000000000001e-06,69.29295859999999
2021,12,15,59563,-0.10919799999999999,6.9e-06,69.293198
2021,12,16,59564,-0.109306,6.9e-06,69.293306
2021,12,17,59565,-0.10926609999999999,6.7e-06,69.2932661
2021,12,18,59566,-0.1090678,6.9e-06,69.2930678
2021,12,19,59567,-0.1087469,6.9e-06,69.2927469
2021,12,20,59568,-0.108378,6.9e-06,69.292378
2021,12,21,59569,-0.1079991,6.8e-06,69.2919991
2021,12,22,59570,-0.10762340000000001,7e-06,69.29162339999999
2021,12,23,59571,-0.10734180000000001,7e-06,69.2913418
2021,12,24,59572,-0.1072445,7.100000000000001e-06,69.29124449999999
2021,12,25,59573,-0.1073681,7.2e-06,69.2913681
2021,12,26,59574,-0.1077173,7.3e-06,69.2917173
2021,12,27,59575,-0.10825900000000001,7.4e-06,69.292259
2021,12,28,59576,-0.1089162,7.8e-06,69.2929162
2021,12,29,59577,-0.1095688,7.6e-06,69.2935688
2021,12,30,59578,-0.1101029,7.8e-06,69.2941029
2021,12,31,59579,-0.1104355,8e-06,69.29443549999999
2022,1,1,59580,-0.1105197,8.200000000000001e-06,69.2945197
2022,1,2,59581,-0.1103891,8.3e-06,69.2943891
2022,1,3,59582,-0.1101398,8.4e-06,69.2941398
2022,1,4,59583,-0.109919,7.5e-06,69.293919
2022,1,5,59584,-0.10986920000000001,7.4e-06,69.2938692
2022,1,6,59585,-0.1100259,7.3e-06,69.2940259
2022,1,7,59586,-0.110361,7.100000000000001e-06,69.294361
2022,1,8,59587,-0.11078919999999999,7.100000000000001e-06,69.2947892
2022,1,9,59588,-0.1112277,7.100000000000001e-06,69.2952277
2022,1,10,59589,-0.1116091,6.9e-06,69.2956091
2022,1,11,59590,-0.1118697,6.8e-06,69.2958697
2022,1,12,59591,-0.11196060000000001,6.7e-06,69.2959606
2022,1,13,59592,-0.1118677,6.6e-06,69.2958677
2022,1,14,59593,-0.1115941,6.5e-06,69.2955941
2022,1,15,59594,-0.1111643,6.6e-06,69.2951643
2022,1,16,59595,-0.1106129,6.6e-06,69.2946129
2022,1,17,59596,-0.1100064,6.7e-06,69.2940064
2022,1,18,59597,-0.109376,6.7e-06,69.293376
2022,1,19,59598,-0.1088179,6.6e-06,69.2928179
2022,1,20,59599,-0.10845310000000001,6.3e-06,69.2924531
2022,1,21,59600,-0.10829810000000001,5.9e-06,69.2922981
2022,1,22,59601,-0.10833060000000001,5.9e-06,69.2923306
2022,1,23,59602,-0.1085119,6e-06,69.2925119
2022,1,24,59603,-0.1087689,5.9e-06,69.2927689
2022,1,25,59604,-0.1090294,5.9e-06,69.2930294
2022,1,26,59605,-0.1092242,5.9e-06,69.2932242
2022,1,27,59606,-0.1092764,5.400000000000001e-06,69.2932764
2022,1,28,59607,-0.109137,5.400000000000001e-06,69.293137
2022,1,29,59608,-0.1088191,5.400000000000001e-06,69.2928191
2022,1,30,59609,-0.1083658,5.400000000000001e-06,69.2923658
2022,1,31,59610,-0.1078483,5.400000000000001e-06,69.2918483
2022,2,1,59611,-0.1073994,5.400000000000001e-06,69.2913994
2022,2,2,59612,-0.1071431,5.6e-06,69.2911431
2022,2,3,59613,-0.10709869999999999,5.7000000000000005e-06,69.29109869999999
2022,2,4,59614,-0.1072225,5.7999999999999995e-06,69.2912225
2022,2,5,59615,-0.1074267,5.9e-06,69.2914267
2022,2,6,59616,-0.10761130000000001,6.100000000000001e-06,69.2916113
2022,2,7,59617,-0.107687,6.2e-06,69.291687
2022,2,8,59618,-0.1075919,6.100000000000001e-06,69.2915919
2022,2,9,59619,-0.10729770000000001,6.3e-06,69.2912977
2022,2,10,59620,-0.10679620000000001,6.3e-06,69.2907962
2022,2,11,59621,-0.1061126,6.5e-06,69.2901126
2022,2,12,59622,-0.1052912,6.6e-06,69.2892912
2022,2,13,59623,-0.1044265,6.4000000000000006e-06,69.2884265
2022,2,14,59624,-0.10363750000000001,6.5e-06,69.2876375
2022,2,15,59625,-0.10299370000000001,6.8e-06,69.2869937
2022,2,16,59626,-0.1025279,7.100000000000001e-06,69.2865279
2022,2,17,59627,-0.1022855,7.3e-06,69.28628549999999
2022,2,18,59628,-0.1022778,7.5e-06,69.2862778
2022,2,19,59629,-0.1024803,7.7e-06,69.2864803
2022,2,20,59630,-0.10282290000000001,8e-06,69.2868229
2022,2,21,59631,-0.1032042,7.9e-06,69.28720419999999
2022,2,22,59632,-0.1035256,8e-06,69.2875256
2022,2,23,59633,-0.1037081,8e-06,69.2877081
2022,2,24,59634,-0.1036928,8e-06,69.2876928
2022,2,25,59635,-0.10347340000000001,8e-06,69.2874734
2022,2,26,59636,-0.1031018,8.1e-06,69.2871018
2022,2,27,59637,-0.1026797,8.200000000000001e-06,69.2866797
2022,2,28,59638,-0.102325,8.3e-06,69.28632499999999
2022,3,1,59639,-0.1021425,8.3e-06,69.2861425
2022,3,2,59640,-0.1021944,9.100000000000001e-06,69.2861944
2022,3,3,59641,-0.10245610000000001,9.6e-06,69.2864561
2022,3,4,59642,-0.1028435,9.299999999999999e-06,69.2868435
2022,3,5,59643,-0.10324240000000001,9.299999999999999e-06,69.2872424
2022,3,6,59644,-0.10355500000000001,9.4e-06,69.287555
2022,3,7,59645,-0.1037203,9.5e-06,69.2877203
2022,3,8,59646,-0.1036844,9.5e-06,69.2876844
2022,3,9,59647,-0.1034089,9.299999999999999e-06,69.2874089
2022,3,10,59648,-0.1029383,9.900000000000002e-06,69.2869383
2022,3,11,59649,-0.1023346,1.01e-05,69.2863346
2022,3,12,59650,-0.10168640000000001,1.02e-05,69.2856864
2022,3,13,59651,-0.10103720000000001,1.04e-05,69.28503719999999
2022,3,14,59652,-0.1004104,1.0500000000000001e-05,69.2844104
2022,3,15,59653,-0.099883,1.11e-05,69.283883
2022,3,16,59654,-0.0995467,1.09e-05,69.2835467
2022,3,17,59655,-0.09943389999999999,1.11e-05,69.28343389999999
2022,3,18,59656,-0.0995428,1.13e-05,69.28354279999999
2022,3,19,59657,-0.0998242,1.1400000000000001e-05,69.2838242
2022,3,20,59658,-0.1001905,1.1599999999999999e-05,69.2841905
2022,3,21,59659,-0.10051940000000001,1.17e-05,69.2845194
2022,3,22,59660,-0.10073739999999999,1.09e-05,69.2847374
2022,3,23,59661,-0.1007668,1.09e-05,69.2847668
2022,3,24,59662,-0.10056319999999999,1.18e-05,69.2845632
2022,3,25,59663,-0.1001852,1.18e-05,69.2841852
2022,3,26,59664,-0.0997325,1.18e-05,69.2837325
2022,3,27,59665,-0.0993188,1.26e-05,69.2833188
2022,3,28,59666,-0.0990554,1.1900000000000001e-05,69.2830554
2022,3,29,59667,-0.0989777,1.24e-05,69.2829777
2022,3,30,59668,-0.0990426,1.24e-05,69.2830426
2022,3,31,59669,-0.0992346,1.18e-05,69.2832346
2022,4,1,59670,-0.09950310000000001,1.1400000000000001e-05,69.2835031
2022,4,2,59671,-0.0997958,1.13e-05,69.2837958
2022,4,3,59672,-0.10001850000000001,1.1e-05,69.2840185
2022,4,4,59673,-0.1000877,1.09e-05,69.2840877
2022,4,5,59674,-0.0999601,1.1400000000000001e-05,69.2839601
2022,4,6,59675,-0.0996161,1.29e-05,69.2836161
2022,4,7,59676,-0.09910870000000001,1.29e-05,69.2831087
2022,4,8,59677,-0.0985116,1.29e-05,69.28251159999999
2022,4,9,59678,-0.0979207,1.3e-05,69.2819207
2022,4,10,59679,-0.09738160000000001,1.2800000000000001e-05,69.2813816
2022,4,11,59680,-0.0969159,1.2800000000000001e-05,69.2809159
2022,4,12,59681,-0.0965845,1.5100000000000001e-05,69.2805845
2022,4,13,59682,-0.09645229999999999,1.4e-05,69.2804523
2022,4,14,59683,-0.09655570000000001,1.41e-05,69.2805557
2022,4,15,59684,-0.0968994,1.4e-05,69.2808994
2022,4,16,59685,-0.0974129,1.4200000000000001e-05,69.28141289999999
2022,4,17,59686,-0.0979865,1.4200000000000001e-05,69.2819865
2022,4,18,59687,-0.09850199999999999,1.2800000000000001e-05,69.282502
2022,4,19,59688,-0.0988272,1.4e-05,69.2828272
2022,4,20,59689,-0.09889490000000001,1.3899999999999999e-05,69.2828949
2022,4,21,59690,-0.098706,1.36e-05,69.282706
2022,4,22,59691,-0.0983386,1.35e-05,69.2823386
2022,4,23,59692,-0.09790510000000001,1.35e-05,69.2819051
2022,4,24,59693,-0.0975194,1.34e-05,69.2815194
2022,4,25,59694,-0.0972632,1.3e-05,69.2812632
2022,4,26,59695,-0.09718470000000001,1.21e-05,69.2811847
2022,4,27,59696,-0.0972203,1.35e-05,69.2812203
2022,4,28,59697,-0.0973522,1.35e-05,69.2813522
2022,4,29,59698,-0.0974914,1.34e-05,69.2814914
2022,4,30,59699,-0.0975559,1.33e-05,69.2815559
2022,5,1,59700,-0.0975257,1.32e-05,69.2815257
2022,5,2,59701,-0.0974187,1.3100000000000002e-05,69.2814187
2022,5,3,59702,-0.09721850000000001,1.3e-05,69.2812185
2022,5,4,59703,-0.0969126,1.2800000000000001e-05,69.2809126
2022,5,5,59704,-0.09649920000000001,1.25e-05,69.2804992
2022,5,6,59705,-0.0960256,1.21e-05,69.2800256
2022,5,7,59706,-0.09555459999999999,1.21e-05,69.2795546
2022,5,8,59707,-0.095155,1.1900000000000001e-05,69.279155
2022,5,9,59708,-0.0949242,1.17e-05,69.27892419999999
2022,5,10,59709,-0.0948334,1.15e-05,69.2788334
2022,5,11,59710,-0.0950144,1.15e-05,69.2790144
2022,5,12,59711,-0.0954543,1.1599999999999999e-05,69.2794543
2022,5,13,59712,-0.0960629,1.1599999999999999e-05,69.2800629
2022,5,14,59713,-0.0967431,1.17e-05,69.2807431
2022,5,15,59714,-0.09736700000000001,1.2e-05,69.281367
2022,5,16,59715,-0.09786589999999999,1.18e-05,69.2818659
2022,5,17,59716,-0.09817279999999999,1.17e-05,69.2821728
2022,5,18,59717,-0.09823380000000001,1.18e-05,69.2822338
2022,5,19,59718,-0.0980742,1.18e-05,69.2820742
2022,5,20,59719,-0.0979421,9e-06,69.2819421
2022,5,21,59720,-0.0977739,9e-06,69.2817739
2022,5,22,59721,-0.0977075,9e-06,69.2817075
2022,5,23,59722,-0.0977582,8.9e-06,69.2817582
2022,5,24,59723,-0.09796980000000001,8.8e-06,69.2819698
2022,5,25,59724,-0.09826420000000001,8.8e-06,69.2822642
2022,5,26,59725,-0.0985094,8.7e-06,69.2825094
2022,5,27,59726,-0.0986407,1.0500000000000001e-05,69.2826407
2022,5,28,59727,-0.09860680000000001,1.04e-05,69.2826068
2022,5,29,59728,-0.0983314,1.03e-05,69.2823314
2022,5,30,59729,-0.0977877,1.2e-05,69.2817877
2022,5,31,59730,-0.0969563,1.17e-05,69.2809563
2022,6,1,59731,-0.0959109,1.17e-05,69.2799109
2022,6,2,59732,-0.0947757,1.11e-05,69.2787757
2022,6,3,59733,-0.0936356,1.09e-05,69.2776356
2022,6,4,59734,-0.0925602,1.07e-05,69.27656019999999
2022,6,5,59735,-0.091622,1.0500000000000001e-05,69.275622
2022,6,6,59736,-0.0908246,1.3e-05,69.2748246
2022,6,7,59737,-0.0901686,1.3899999999999999e-05,69.2741686
2022,6,8,59738,-0.0896819,1.38e-05,69.2736819
2022,6,9,59739,-0.08933440000000001,1.36e-05,69.2733344
2022,6,10,59740,-0.0890843,1.35e-05,69.2730843
2022,6,11,59741,-0.08885509999999999,1.32e-05,69.2728551
2022,6,12,59742,-0.0885165,1.3e-05,69.2725165
2022,6,13,59743,-0.087948,1.29e-05,69.271948
2022,6,14,59744,-0.08709399999999999,1.2e-05,69.27109399999999
2022,6,15,59745,-0.085983,1.17e-05,69.269983
2022,6,16,59746,-0.0847332,1.15e-05,69.2687332
2022,6,17,59747,-0.0834949,1.13e-05,69.2674949
2022,6,18,59748,-0.08241889999999999,1.11e-05,69.26641889999999
2022,6,19,59749,-0.0815575,1.09e-05,69.2655575
2022,6,20,59750,-0.08088120000000001,1.07e-05,69.26488119999999
2022,6,21,59751,-0.0803109,1.06e-05,69.2643109
2022,6,22,59752,-0.0797589,1.1900000000000001e-05,69.2637589
2022,6,23,59753,-0.07910110000000001,1.41e-05,69.2631011
2022,6,24,59754,-0.07829760000000001,1.4e-05,69.2622976
2022,6,25,59755,-0.07732599999999999,1.3899999999999999e-05,69.261326
2022,6,26,59756,-0.07617260000000001,1.4e-05,69.2601726
2022,6,27,59757,-0.0748406,1.3899999999999999e-05,69.2588406
2022,6,28,59758,-0.07336450000000001,1.3899999999999999e-05,69.2573645
2022,6,29,59759,-0.0718011,1.3e-05,69.2558011
2022,6,30,59760,-0.0702118,1.29e-05,69.2542118
2022,7,1,59761,-0.06866630000000001,1.17e-05,69.2526663
2022,7,2,59762,-0.06724469999999999,1.17e-05,69.2512447
2022,7,3,59763,-0.06596250000000001,1.1599999999999999e-05,69.2499625
2022,7,4,59764,-0.0649159,1.17e-05,69.2489159
2022,7,5,59765,-0.06413930000000001,8.8e-06,69.24813929999999
2022,7,6,59766,-0.0635337,1.09e-05,69.24753369999999
2022,7,7,59767,-0.0630501,1.0800000000000002e-05,69.2470501
2022,7,8,59768,-0.0625785,1.0500000000000001e-05,69.2465785
2022,7,9,59769,-0.0620271,1.04e-05,69.24602709999999
2022,7,10,59770,-0.0612967,1.02e-05,69.2452967
2022,7,11,59771,-0.0603249,1.01e-05,69.2443249
2022,7,12,59772,-0.0591324,9.900000000000002e-06,69.2431324
2022,7,13,59773,-0.0577813,9.8e-06,69.2417813
2022,7,14,59774,-0.0564587,1.38e-05,69.24045869999999
2022,7,15,59775,-0.055263,1.46e-05,69.239263
2022,7,16,59776,-0.0542876,1.47e-05,69.23828759999999
2022,7,17,59777,-0.053522799999999995,1.48e-05,69.2375228
2022,7,18,59778,-0.0528927,1.47e-05,69.2368927
2022,7,19,59779,-0.0523068,1.44e-05,69.2363068
2022,7,20,59780,-0.051662799999999995,1.43e-05,69.2356628
2022,7,21,59781,-0.050892200000000005,1.3e-05,69.2348922
2022,7,22,59782,-0.0499591,1.27e-05,69.23395909999999
2022,7,23,59783,-0.0488673,1.24e-05,69.2328673
2022,7,24,59784,-0.0476028,1.2200000000000002e-05,69.2316028
2022,7,25,59785,-0.0462003,1.21e-05,69.23020029999999
2022,7,26,59786,-0.0447491,1.34e-05,69.2287491
2022,7,27,59787,-0.0432579,1.26e-05,69.2272579
2022,7,28,59788,-0.0417953,1.18e-05,69.2257953
2022,7,29,59789,-0.0404282,1.15e-05,69.22442819999999
2022,7,30,59790,-0.0392089,1.1400000000000001e-05,69.2232089
2022,7,31,59791,-0.0381849,1.12e-05,69.2221849
2022,8,1,59792,-0.037389200000000004,1.17e-05,69.2213892
2022,8,2,59793,-0.0367846,1.1599999999999999e-05,69.2207846
2022,8,3,59794,-0.036279200000000005,1.1400000000000001e-05,69.2202792
2022,8,4,59795,-0.035814500000000006,1.13e-05,69.2198145
2022,8,5,59796,-0.035326300000000005,1.09e-05,69.21932629999999
2022,8,6,59797,-0.0347316,1.0800000000000002e-05,69.2187316
2022,8,7,59798,-0.0339451,1.04e-05,69.2179451
2022,8,8,59799,-0.0329721,1.01e-05,69.21697209999999
2022,8,9,59800,-0.0318918,1e-05,69.2158918
2022,8,10,59801,-0.0308088,9.6e-06,69.2148088
2022,8,11,59802,-0.0298577,9.2e-06,69.21385769999999
2022,8,12,59803,-0.029138400000000002,9.100000000000001e-06,69.21313839999999
2022,8,13,59804,-0.028630700000000002,9e-06,69.21263069999999
2022,8,14,59805,-0.028298300000000002,8.9e-06,69.2122983
2022,8,15,59806,-0.0279699,8.7e-06,69.2119699
2022,8,16,59807,-0.0276395,8.6e-06,69.2116395
2022,8,17,59808,-0.027086600000000002,8.4e-06,69.2110866
2022,8,18,59809,-0.026351700000000002,8.200000000000001e-06,69.2103517
2022,8,19,59810,-0.025345500000000003,8.200000000000001e-06,69.2093455
2022,8,20,59811,-0.024187100000000003,8.1e-06,69.2081871
2022,8,21,59812,-0.0228266,8.1e-06,69.2068266
2022,8,22,59813,-0.021392900000000003,8.1e-06,69.20539289999999
2022,8,23,59814,-0.0199836,7.9e-06,69.2039836
2022,8,24,59815,-0.018661300000000002,7.9e-06,69.2026613
2022,8,25,59816,-0.0174037,7.8e-06,69.2014037
2022,8,26,59817,-0.0162851,7.7e-06,69.2002851
2022,8,27,59818,-0.015348200000000001,7.7e-06,69.1993482
2022,8,28,59819,-0.014613600000000001,7.7e-06,69.1986136
2022,8,29,59820,-0.0140968,7.7e-06,69.1980968
2022,8,30,59821,-0.013783799999999999,7.7e-06,69.1977838
2022,8,31,59822,-0.0136099,7.7e-06,69.1976099
2022,9,1,59823,-0.0134836,7.8e-06,69.1974836
2022,9,2,59824,-0.0132494,7.7e-06,69.1972494
2022,9,3,59825,-0.0128821,7.8e-06,69.1968821
2022,9,4,59826,-0.0123741,7.8e-06,69.1963741
2022,9,5,59827,-0.0117203,7.9e-06,69.19572029999999
2022,9,6,59828,-0.011019000000000001,7.9e-06,69.195019
2022,9,7,59829,-0.010373799999999999,8e-06,69.1943738
2022,9,8,59830,-0.009995200000000001,8e-06,69.1939952
2022,9,9,59831,-0.0098037,8e-06,69.1938037
2022,9,10,59832,-0.009893800000000001,8e-06,69.1938938
2022,9,11,59833,-0.0101991,8.1e-06,69.19419909999999
2022,9,12,59834,-0.0105663,8.1e-06,69.19456629999999
2022,9,13,59835,-0.0108687,7.9e-06,69.1948687
2022,9,14,59836,-0.0110048,7.9e-06,69.19500479999999
2022,9,15,59837,-0.0109071,7.9e-06,69.1949071
2022,9,16,59838,-0.010545299999999999,7.9e-06,69.1945453
2022,9,17,59839,-0.009996600000000001,8e-06,69.19399659999999
2022,9,18,59840,-0.0092502,8.1e-06,69.1932502
2022,9,19,59841,-0.0084134,7.8e-06,69.19241339999999
2022,9,20,59842,-0.007555900000000001,7.8e-06,69.1915559
2022,9,21,59843,-0.006695,7.9e-06,69.19069499999999
2022,9,22,59844,-0.0059969,1.15e-05,69.1899969
2022,9,23,59845,-0.0054471,1.13e-05,69.1894471
2022,9,24,59846,-0.0051006,1.12e-05,69.1891006
2022,9,25,59847,-0.0049635,1.1e-05,69.1889635
2022,9,26,59848,-0.004979300000000001,1.3899999999999999e-05,69.1889793
2022,9,27,59849,-0.0051012,1.36e-05,69.1891012
2022,9,28,59850,-0.0053014,1.26e-05,69.18930139999999
2022,9,29,59851,-0.005418,1.26e-05,69.189418
2022,9,30,59852,-0.0053388,1.25e-05,69.1893388
2022,10,1,59853,-0.0049041,1.24e-05,69.1889041
2022,10,2,59854,-0.0043864,1.23e-05,69.1883864
2022,10,3,59855,-0.0040146,1.2200000000000002e-05,69.1880146
2022,10,4,59856,-0.003559,1.3700000000000001e-05,69.187559
2022,10,5,59857,-0.0032281000000000002,1.11e-05,69.1872281
2022,10,6,59858,-0.0030816,1.0800000000000002e-05,69.1870816
2022,10,7,59859,-0.0031810000000000002,1e-05,69.187181
2022,10,8,59860,-0.0035337000000000003,9.900000000000002e-06,69.1875337
2022,10,9,59861,-0.0040628,9.7e-06,69.1880628
2022,10,10,59862,-0.0046540999999999996,9.5e-06,69.1886541
2022,10,11,59863,-0.0051692000000000005,1.1400000000000001e-05,69.1891692
2022,10,12,59864,-0.0055011,1.1900000000000001e-05,69.1895011
2022,10,13,59865,-0.005572199999999999,1.18e-05,69.1895722
2022,10,14,59866,-0.0054362,1.17e-05,69.1894362
2022,10,15,59867,-0.0051876,1.1599999999999999e-05,69.1891876
2022,10,16,59868,-0.004909900000000001,1.15e-05,69.1889099
2022,10,17,59869,-0.0046783,1.12e-05,69.18867829999999
2022,10,18,59870,-0.004566,1.13e-05,69.188566
2022,10,19,59871,-0.0045814,1.1e-05,69.1885814
2022,10,20,59872,-0.0047645,1.09e-05,69.18876449999999
2022,10,21,59873,-0.0051434,1.0800000000000002e-05,69.18914339999999
2022,10,22,59874,-0.005724300000000001,1.07e-05,69.1897243
2022,10,23,59875,-0.0064986,1.06e-05,69.1904986
2022,10,24,59876,-0.0074339,1.13e-05,69.19143389999999
2022,10,25,59877,-0.0084121,1.0800000000000002e-05,69.1924121
2022,10,26,59878,-0.009259100000000001,1.03e-05,69.19325909999999
2022,10,27,59879,-0.0098856,1.09e-05,69.1938856
2022,10,28,59880,-0.010277900000000001,1.0800000000000002e-05,69.1942779
2022,10,29,59881,-0.0103958,1.07e-05,69.1943958
2022,10,30,59882,-0.010309500000000001,1.0500000000000001e-05,69.1943095
2022,10,31,59883,-0.0101927,1e-05,69.1941927
2022,11,1,59884,-0.010177400000000001,9.7e-06,69.1941774
2022,11,2,59885,-0.010406499999999999,9.8e-06,69.1944065
2022,11,3,59886,-0.0109528,9.299999999999999e-06,69.1949528
2022,11,4,59887,-0.0118134,9.100000000000001e-06,69.19581339999999
2022,11,5,59888,-0.0128173,9.100000000000001e-06,69.19681729999999
2022,11,6,59889,-0.013834899999999999,9.100000000000001e-06,69.1978349
2022,11,7,59890,-0.0147274,9e-06,69.1987274
2022,11,8,59891,-0.0154466,9.100000000000001e-06,69.1994466
2022,11,9,59892,-0.0159684,8.9e-06,69.1999684
2022,11,10,59893,-0.0162302,9.2e-06,69.2002302
2022,11,11,59894,-0.016252,9.2e-06,69.20025199999999
2022,11,12,59895,-0.0160839,9.2e-06,69.2000839
2022,11,13,59896,-0.0158151,9.100000000000001e-06,69.1998151
2022,11,14,59897,-0.0155444,8.9e-06,69.1995444
2022,11,15,59898,-0.015354900000000001,1.01e-05,69.1993549
2022,11,16,59899,-0.015323600000000001,9.7e-06,69.1993236
2022,11,17,59900,-0.0154871,9.5e-06,69.1994871
2022,11,18,59901,-0.0158559,9.4e-06,69.1998559
2022,11,19,59902,-0.01641,9.2e-06,69.20040999999999
2022,11,20,59903,-0.017113399999999997,9.100000000000001e-06,69.2011134
2022,11,21,59904,-0.017898499999999998,8.9e-06,69.2018985
2022,11,22,59905,-0.0186627,1.0500000000000001e-05,69.20266269999999
2022,11,23,59906,-0.0192839,1.01e-05,69.2032839
2022,11,24,59907,-0.019677299999999998,1e-05,69.2036773
2022,11,25,59908,-0.0198119,9.7e-06,69.20381189999999
2022,11,26,59909,-0.0197408,9.5e-06,69.20374079999999
2022,11,27,59910,-0.0195486,9.4e-06,69.20354859999999
2022,11,28,59911,-0.0193141,9.4e-06,69.2033141
2022,11,29,59912,-0.0192085,9.299999999999999e-06,69.2032085
2022,11,30,59913,-0.019312000000000003,9.100000000000001e-06,69.203312
2022,12,1,59914,-0.0196037,9e-06,69.2036037
2022,12,2,59915,-0.0200182,8.7e-06,69.2040182
2022,12,3,59916,-0.0204483,8.6e-06,69.2044483
2022,12,4,59917,-0.0208072,8.6e-06,69.20480719999999
2022,12,5,59918,-0.0210271,8.500000000000002e-06,69.2050271
2022,12,6,59919,-0.0210546,8.3e-06,69.2050546
2022,12,7,59920,-0.020863600000000003,9.100000000000001e-06,69.2048636
2022,12,8,59921,-0.0204842,9e-06,69.2044842
2022,12,9,59922,-0.0199575,9e-06,69.2039575
2022,12,10,59923,-0.0193465,8.9e-06,69.2033465
2022,12,11,59924,-0.0187186,8.9e-06,69.2027186
2022,12,12,59925,-0.018125699999999998,8.8e-06,69.2021257
2022,12,13,59926,-0.0176371,8.7e-06,69.2016371
2022,12,14,59927,-0.0172887,1.0800000000000002e-05,69.20128869999999
2022,12,15,59928,-0.0170929,1e-05,69.20109289999999
2022,12,16,59929,-0.017040700000000002,1.01e-05,69.2010407
2022,12,17,59930,-0.017138300000000002,1.01e-05,69.2011383
2022,12,18,59931,-0.0173664,1.01e-05,69.2013664
2022,12,19,59932,-0.0177187,1.01e-05,69.2017187
2022,12,20,59933,-0.0179634,9.299999999999999e-06,69.2019634
2022,12,21,59934,-0.0181234,9.100000000000001e-06,69.20212339999999
2022,12,22,59935,-0.018106,9.100000000000001e-06,69.202106
2022,12,23,59936,-0.017895499999999998,9e-06,69.20189549999999
2022,12,24,59937,-0.0175841,9e-06,69.20158409999999
2022,12,25,59938,-0.0173115,9e-06,69.2013115
2022,12,26,59939,-0.0172323,8.9e-06,69.2012323
2022,12,27,59940,-0.0174541,8.500000000000002e-06,69.20145409999999
2022,12,28,59941,-0.0179243,8.3e-06,69.2019243
2022,12,29,59942,-0.018471900000000003,8.3e-06,69.20247189999999
2022,12,30,59943,-0.0190102,8.200000000000001e-06,69.2030102
2022,12,31,59944,-0.0194855,8.3e-06,69.2034855
2023,1,1,59945,-0.0197967,8.3e-06,69.2037967
2023,1,2,59946,-0.0199243,9.2e-06,69.2039243
2023,1,3,59947,-0.019825,8.8e-06,69.203825
2023,1,4,59948,-0.0195007,8.8e-06,69.20350069999999
2023,1,5,59949,-0.0190232,8.6e-06,69.2030232
2023,1,6,59950,-0.0184663,9e-06,69.2024663
2023,1,7,59951,-0.0179143,9e-06,69.2019143
2023,1,8,59952,-0.017448699999999998,9e-06,69.2014487
2023,1,9,59953,-0.0171274,9.299999999999999e-06,69.2011274
2023,1,10,59954,-0.0169671,9.2e-06,69.2009671
2023,1,11,59955,-0.0169747,9.4e-06,69.2009747
2023,1,12,59956,-0.017055900000000002,8.8e-06,69.2010559
2023,1,13,59957,-0.0172046,8.6e-06,69.2012046
2023,1,14,59958,-0.0173877,8.6e-06,69.2013877
2023,1,15,59959,-0.017571000000000003,8.6e-06,69.201571
2023,1,16,59960,-0.017710999999999998,9.100000000000001e-06,69.201711
2023,1,17,59961,-0.01774,9.2e-06,69.20174
2023,1,18,59962,-0.0175873,9.2e-06,69.2015873
2023,1,19,59963,-0.0172362,9e-06,69.2012362
2023,1,20,59964,-0.0167521,9.4e-06,69.2007521
2023,1,21,59965,-0.0161896,9.5e-06,69.2001896
2023,1,22,59966,-0.0156593,9.6e-06,69.1996593
2023,1,23,59967,-0.0153087,9.5e-06,69.1993087
2023,1,24,59968,-0.0152158,9.6e-06,69.19921579999999
2023,1,25,59969,-0.015364200000000001,9.7e-06,69.19936419999999
2023,1,26,59970,-0.0156349,9.7e-06,69.19963489999999
2023,1,27,59971,-0.0158886,9.7e-06,69.1998886
2023,1,28,59972,-0.0159862,9.8e-06,69.1999862
2023,1,29,59973,-0.0158927,9.900000000000002e-06,69.19989269999999
2023,1,30,59974,-0.0156444,1.11e-05,69.1996444
2023,1,31,59975,-0.0152262,1.04e-05,69.1992262
2023,2,1,59976,-0.014601000000000001,1.01e-05,69.198601
2023,2,2,59977,-0.0138591,1.01e-05,69.1978591
2023,2,3,59978,-0.013096,1.01e-05,69.197096
2023,2,4,59979,-0.012419000000000001,1e-05,69.19641899999999
2023,2,5,59980,-0.011877700000000001,9.900000000000002e-06,69.1958777
2023,2,6,59981,-0.011495799999999999,9.5e-06,69.1954958
2023,2,7,59982,-0.0112745,9.4e-06,69.1952745
2023,2,8,59983,-0.0111959,9.299999999999999e-06,69.1951959
2023,2,9,59984,-0.0112446,9.299999999999999e-06,69.1952446
2023,2,10,59985,-0.011472200000000002,9.2e-06,69.1954722
2023,2,11,59986,-0.0117909,9.299999999999999e-06,69.19579089999999
2023,2,12,59987,-0.012131600000000001,9.299999999999999e-06,69.1961316
2023,2,13,59988,-0.0123642,9.2e-06,69.19636419999999
2023,2,14,59989,-0.0124632,9.2e-06,69.1964632
2023,2,15,59990,-0.0123539,9.100000000000001e-06,69.19635389999999
2023,2,16,59991,-0.012061299999999999,9.100000000000001e-06,69.1960613
2023,2,17,59992,-0.011690200000000001,9.2e-06,69.1956902
2023,2,18,59993,-0.011362299999999999,9.299999999999999e-06,69.1953623
2023,2,19,59994,-0.011311700000000001,9.4e-06,69.19531169999999
2023,2,20,59995,-0.011566900000000001,9.299999999999999e-06,69.1955669
2023,2,21,59996,-0.0121587,9.299999999999999e-06,69.1961587
2023,2,22,59997,-0.0129291,1.03e-05,69.19692909999999
2023,2,23,59998,-0.0137066,1.02e-05,69.1977066
2023,2,24,59999,-0.014502000000000001,1.01e-05,69.19850199999999
2023,2,25,60000,-0.0151424,1.01e-05,69.1991424
2023,2,26,60001,-0.0155421,1.01e-05,69.1995421
2023,2,27,60002,-0.015605,9.900000000000002e-06,69.19960499999999
2023,2,28,60003,-0.015501899999999999,9.900000000000002e-06,69.1995019
2023,3,1,60004,-0.015278600000000002,9.8e-06,69.1992786
2023,3,2,60005,-0.0150624,1.76e-05,69.1990624
2023,3,3,60006,-0.014824500000000001,1.6100000000000002e-05,69.1988245
2023,3,4,60007,-0.014681900000000001,1.56e-05,69.1986819
2023,3,5,60008,-0.0146823,1.54e-05,69.1986823
2023,3,6,60009,-0.014912900000000002,1.52e-05,69.1989129
2023,3,7,60010,-0.0153659,1.5100000000000001e-05,69.1993659
2023,3,8,60011,-0.016005099999999998,1.48e-05,69.2000051
2023,3,9,60012,-0.016776,1.44e-05,69.20077599999999
2023,3,10,60013,-0.0176027,1.44e-05,69.2016027
2023,3,11,60014,-0.0184047,1.57e-05,69.2024047
2023,3,12,60015,-0.019091,1.8200000000000002e-05,69.203091
2023,3,13,60016,-0.0196023,2.2499999999999998e-05,69.2036023
2023,3,14,60017,-0.0199116,2.92e-05,69.2039116
2023,3,15,60018,-0.020060400000000003,3.93e-05,69.2040604
2023,3,16,60019,-0.0200712,4.84e-05,69.2040712
2023,3,17,60020,-0.020037600000000003,4.1700000000000004e-05,69.20403759999999
2023,3,18,60021,-0.0201299,3.12e-05,69.2041299
2023,3,19,60022,-0.020487500000000002,2.51e-05,69.2044875
2023,3,20,60023,-0.0211416,2.05e-05,69.2051416
2023,3,21,60024,-0.022000699999999998,1.67e-05,69.2060007
2023,3,22,60025,-0.022961600000000002,1.3899999999999999e-05,69.2069616
2023,3,23,60026,-0.0238876,1.21e-05,69.20788759999999
2023,3,24,60027,-0.0246908,1.17e-05,69.2086908
2023,3,25,60028,-0.0252241,1.25e-05,69.2092241
2023,3,26,60029,-0.0254315,1.3700000000000001e-05,69.2094315
2023,3,27,60030,-0.0253926,1.38e-05,69.2093926
2023,3,28,60031,-0.025180900000000003,1.33e-05,69.20918089999999
2023,3,29,60032,-0.0248761,1.2800000000000001e-05,69.2088761
2023,3,30,60033,-0.0245819,1.26e-05,69.2085819
2023,3,31,60034,-0.0243867,1.25e-05,69.20838669999999
2023,4,1,60035,-0.0243447,1.33e-05,69.2083447
2023,4,2,60036,-0.0244585,1.47e-05,69.20845849999999
2023,4,3,60037,-0.024740500000000002,1.67e-05,69.20874049999999
2023,4,4,60038,-0.0252154,1.85e-05,69.20921539999999
2023,4,5,60039,-0.0258359,1.83e-05,69.2098359
2023,4,6,60040,-0.0265377,1.7500000000000002e-05,69.2105377
2023,4,7,60041,-0.027249,1.84e-05,69.211249
2023,4,8,60042,-0.0279197,2.1700000000000002e-05,69.2119197
2023,4,9,60043,-0.0284814,2.7e-05,69.2124814
2023,4,10,60044,-0.0288476,3.36e-05,69.2128476
2023,4,11,60045,-0.0290184,3.9e-05,69.2130184
2023,4,12,60046,-0.0290346,3.960000000000001e-05,69.2130346
2023,4,13,60047,-0.028985700000000003,3.33e-05,69.2129857
2023,4,14,60048,-0.029005600000000003,2.6300000000000002e-05,69.2130056
2023,4,15,60049,-0.0292618,1.9800000000000004e-05,69.2132618
2023,4,16,60050,-0.0298215,1.58e-05,69.2138215
2023,4,17,60051,-0.030644100000000004,1.33e-05,69.2146441
2023,4,18,60052,-0.0316096,1.21e-05,69.2156096
2023,4,19,60053,-0.032537100000000006,1.17e-05,69.2165371
2023,4,20,60054,-0.0333578,1.0800000000000002e-05,69.2173578
2023,4,21,60055,-0.033974899999999995,9.900000000000002e-06,69.2179749
2023,4,22,60056,-0.0342997,9.4e-06,69.2182997
2023,4,23,60057,-0.0343744,9.100000000000001e-06,69.2183744
2023,4,24,60058,-0.034276,8.8e-06,69.218276
2023,4,25,60059,-0.0340746,8.7e-06,69.2180746
2023,4,26,60060,-0.0338446,8.4e-06,69.21784459999999
2023,4,27,60061,-0.0336272,8.4e-06,69.2176272
2023,4,28,60062,-0.0335007,8.500000000000002e-06,69.2175007
2023,4,29,60063,-0.0335561,8.8e-06,69.2175561
2023,4,30,60064,-0.0338124,8.8e-06,69.2178124
2023,5,1,60065,-0.0342084,9.8e-06,69.2182084
2023,5,2,60066,-0.034784999999999996,1.07e-05,69.218785
2023,5,3,60067,-0.0354724,1.15e-05,69.2194724
2023,5,4,60068,-0.0361704,1.2200000000000002e-05,69.2201704
2023,5,5,60069,-0.0368208,1.32e-05,69.2208208
2023,5,6,60070,-0.0373656,1.43e-05,69.2213656
2023,5,7,60071,-0.0377721,1.53e-05,69.2217721
2023,5,8,60072,-0.0379959,1.6400000000000002e-05,69.2219959
2023,5,9,60073,-0.0381001,1.8100000000000003e-05,69.22210009999999
2023,5,10,60074,-0.0381955,1.1900000000000001e-05,69.2221955
2023,5,11,60075,-0.0383861,1.24e-05,69.2223861
2023,5,12,60076,-0.0388214,1.23e-05,69.2228214
2023,5,13,60077,-0.0395385,1.23e-05,69.2235385
2023,5,14,60078,-0.0405378,1.25e-05,69.2245378
2023,5,15,60079,-0.0417757,1.32e-05,69.2257757
2023,5,16,60080,-0.0430984,1.43e-05,69.2270984
2023,5,17,60081,-0.0442928,1.44e-05,69.22829279999999
2023,5,18,60082,-0.0452544,1.43e-05,69.2292544
2023,5,19,60083,-0.045906300000000004,1.44e-05,69.2299063
2023,5,20,60084,-0.0462641,1.47e-05,69.2302641
2023,5,21,60085,-0.046385300000000004,1.2800000000000001e-05,69.2303853
2023,5,22,60086,-0.0462514,1.44e-05,69.2302514
2023,5,23,60087,-0.045989600000000005,1.6e-05,69.2299896
2023,5,24,60088,-0.0456668,1.7500000000000002e-05,69.2296668
2023,5,25,60089,-0.0453568,1.7500000000000002e-05,69.22935679999999
2023,5,26,60090,-0.0450984,1.7100000000000002e-05,69.2290984
2023,5,27,60091,-0.0449506,1.63e-05,69.2289506
2023,5,28,60092,-0.0449906,1.59e-05,69.2289906
2023,5,29,60093,-0.045212800000000004,1.53e-05,69.2292128
2023,5,30,60094,-0.0454994,1.43e-05,69.2294994
2023,5,31,60095,-0.0457819,1.34e-05,69.22978189999999
2023,6,1,60096,-0.0460391,1.3e-05,69.2300391
2023,6,2,60097,-0.0462257,1.8e-05,69.23022569999999
2023,6,3,60098,-0.0462142,1.6100000000000002e-05,69.23021419999999
2023,6,4,60099,-0.0459633,1.58e-05,69.2299633
2023,6,5,60100,-0.0454993,1.8100000000000003e-05,69.2294993
2023,6,6,60101,-0.0449675,2.3199999999999998e-05,69.2289675
2023,6,7,60102,-0.0444769,3.36e-05,69.2284769
2023,6,8,60103,-0.0441244,5.13e-05,69.2281244
2023,6,9,60104,-0.0439844,6.82e-05,69.2279844
2023,6,10,60105,-0.0440725,5.9499999999999996e-05,69.2280725
2023,6,11,60106,-0.04433,4.29e-05,69.22833
2023,6,12,60107,-0.0446157,3.35e-05,69.22861569999999
2023,6,13,60108,-0.0448327,2.87e-05,69.2288327
2023,6,14,60109,-0.044892600000000005,2.69e-05,69.2288926
2023,6,15,60110,-0.0447062,2.51e-05,69.22870619999999
2023,6,16,60111,-0.0442808,2.12e-05,69.2282808
2023,6,17,60112,-0.043668,1.74e-05,69.227668
2023,6,18,60113,-0.042905700000000005,1.56e-05,69.2269057
2023,6,19,60114,-0.0420518,1.57e-05,69.2260518
2023,6,20,60115,-0.0411848,1.76e-05,69.2251848
2023,6,21,60116,-0.040385399999999995,2.14e-05,69.2243854
2023,6,22,60117,-0.039658900000000004,2.7300000000000003e-05,69.2236589
2023,6,23,60118,-0.0390256,3.3799999999999995e-05,69.2230256
2023,6,24,60119,-0.038498199999999996,4.04e-05,69.2224982
2023,6,25,60120,-0.0380713,4.65e-05,69.2220713
2023,6,26,60121,-0.0377554,5.3400000000000004e-05,69.22175539999999
2023,6,27,60122,-0.0375206,5.57e-05,69.22152059999999
2023,6,28,60123,-0.0373143,6.81e-05,69.2213143
2023,6,29,60124,-0.037042000000000005,4.5100000000000005e-05,69.221042
2023,6,30,60125,-0.0366739,5.23e-05,69.2206739
2023,7,1,60126,-0.0361336,5.58e-05,69.2201336
2023,7,2,60127,-0.0353981,6.05e-05,69.21939809999999
2023,7,3,60128,-0.0344896,3.9399999999999995e-05,69.2184896
2023,7,4,60129,-0.0335318,9.420000000000001e-05,69.2175318
2023,7,5,60130,-0.0326419,7.53e-05,69.2166419
2023,7,6,60131,-0.0319144,5.5100000000000004e-05,69.2159144
2023,7,7,60132,-0.0314343,4.36e-05,69.2154343
2023,7,8,60133,-0.0311542,2.52e-05,69.2151542
2023,7,9,60134,-0.030962299999999998,2.7799999999999998e-05,69.2149623
2023,7,10,60135,-0.0306936,2.4400000000000004e-05,69.2146936
2023,7,11,60136,-0.0302988,2e-05,69.2142988
2023,7,12,60137,-0.029709199999999998,1.8200000000000002e-05,69.2137092
2023,7,13,60138,-0.0288524,1.7000000000000003e-05,69.2128524
2023,7,14,60139,-0.0277983,1.62e-05,69.2117983
2023,7,15,60140,-0.0265972,1.59e-05,69.2105972
2023,7,16,60141,-0.025300899999999998,1.56e-05,69.2093009
2023,7,17,60142,-0.024027000000000003,1.48e-05,69.208027
2023,7,18,60143,-0.0228538,1.43e-05,69.20685379999999
2023,7,19,60144,-0.021836400000000002,1.2800000000000001e-05,69.2058364
2023,7,20,60145,-0.021016,1.23e-05,69.205016
2023,7,21,60146,-0.0204242,1.2200000000000002e-05,69.20442419999999
2023,7,22,60147,-0.0200295,1.29e-05,69.2040295
2023,7,23,60148,-0.0197499,1.3700000000000001e-05,69.20374989999999
2023,7,24,60149,-0.019546800000000003,1.35e-05,69.2035468
2023,7,25,60150,-0.019372,1.2800000000000001e-05,69.203372
2023,7,26,60151,-0.0191211,1.33e-05,69.2031211
2023,7,27,60152,-0.0187234,1.36e-05,69.2027234
2023,7,28,60153,-0.018146799999999998,1.49e-05,69.2021468
2023,7,29,60154,-0.017400500000000003,1.59e-05,69.20140049999999
2023,7,30,60155,-0.0165264,1.68e-05,69.2005264
2023,7,31,60156,-0.0156145,1.78e-05,69.1996145
2023,8,1,60157,-0.0148009,1.46e-05,69.1988009
2023,8,2,60158,-0.0141968,1.6400000000000002e-05,69.19819679999999
2023,8,3,60159,-0.013893,1.94e-05,69.197893
2023,8,4,60160,-0.0138656,2.2700000000000003e-05,69.1978656
2023,8,5,60161,-0.0140118,2.6700000000000002e-05,69.1980118
2023,8,6,60162,-0.0141542,2.09e-05,69.19815419999999
2023,8,7,60163,-0.0141484,1.8900000000000002e-05,69.1981484
2023,8,8,60164,-0.013914,1.6400000000000002e-05,69.197914
2023,8,9,60165,-0.013427099999999999,1.5e-05,69.1974271
2023,8,10,60166,-0.0127031,1.41e-05,69.1967031
2023,8,11,60167,-0.0117351,1.3700000000000001e-05,69.1957351
2023,8,12,60168,-0.0106076,1.38e-05,69.1946076
2023,8,13,60169,-0.0094177,1.5e-05,69.1934177
2023,8,14,60170,-0.0082485,1.7000000000000003e-05,69.19224849999999
2023,8,15,60171,-0.0071781,2.19e-05,69.1911781
2023,8,16,60172,-0.0062732000000000005,1.88e-05,69.1902732
2023,8,17,60173,-0.005569,1.8599999999999998e-05,69.18956899999999
2023,8,18,60174,-0.005014800000000001,1.87e-05,69.1890148
2023,8,19,60175,-0.0045717,1.9900000000000003e-05,69.1885717
2023,8,20,60176,-0.0041923,3.6700000000000004e-05,69.1881923
2023,8,21,60177,-0.0038044,4.62e-05,69.1878044
2023,8,22,60178,-0.0033527,4.74e-05,69.18735269999999
2023,8,23,60179,-0.0027933,4e-05,69.18679329999999
2023,8,24,60180,-0.0020899,3.44e-05,69.1860899
2023,8,25,60181,-0.0012425,3.0200000000000002e-05,69.1852425
2023,8,26,60182,-0.00026440000000000003,2.6300000000000002e-05,69.1842644
2023,8,27,60183,0.0007542,2.03e-05,69.1832458
2023,8,28,60184,0.0017213,2.0700000000000002e-05,69.1822787
2023,8,29,60185,0.0024765000000000004,2.08e-05,69.1815235
2023,8,30,60186,0.002859,2.26e-05,69.181141
2023,8,31,60187,0.0028596,2.5600000000000002e-05,69.1811404
2023,9,1,60188,0.0025855,3.01e-05,69.1814145
2023,9,2,60189,0.0022047,3.31e-05,69.1817953
2023,9,3,60190,0.0019255000000000001,3.5900000000000005e-05,69.1820745
2023,9,4,60191,0.0018953,3.9e-05,69.1821047
2023,9,5,60192,0.0021594,3.48e-05,69.1818406
2023,9,6,60193,0.0027036,2.65e-05,69.1812964
2023,9,7,60194,0.0034693000000000002,2.22e-05,69.18053069999999
2023,9,8,60195,0.0043809,1.85e-05,69.1796191
2023,9,9,60196,0.0053793,1.62e-05,69.1786207
2023,9,10,60197,0.0063492,1.25e-05,69.1776508
2023,9,11,60198,0.0072245,1.1599999999999999e-05,69.17677549999999
2023,9,12,60199,0.0079652,1.18e-05,69.1760348
2023,9,13,60200,0.0085199,1.2800000000000001e-05,69.1754801
2023,9,14,60201,0.0088938,1.4500000000000002e-05,69.1751062
2023,9,15,60202,0.0091238,1.6e-05,69.1748762
2023,9,16,60203,0.0092593,1.67e-05,69.1747407
2023,9,17,60204,0.0093601,1.68e-05,69.1746399
2023,9,18,60205,0.0095049,1.66e-05,69.1744951
2023,9,19,60206,0.009724,1.67e-05,69.17427599999999
2023,9,20,60207,0.010066,1.84e-05,69.173934
2023,9,21,60208,0.0105661,2.12e-05,69.17343389999999
2023,9,22,60209,0.011218400000000002,2.37e-05,69.1727816
2023,9,23,60210,0.0119856,2.4299999999999998e-05,69.1720144
2023,9,24,60211,0.0127431,1.84e-05,69.1712569
2023,9,25,60212,0.013396900000000002,2.04e-05,69.1706031
2023,9,26,60213,0.0138149,2.11e-05,69.1701851
2023,9,27,60214,0.013897500000000002,2.12e-05,69.1701025
2023,9,28,60215,0.013599700000000001,2.2499999999999998e-05,69.1704003
2023,9,29,60216,0.0130375,2.49e-05,69.1709625
2023,9,30,60217,0.012350300000000002,2.85e-05,69.1716497
2023,10,1,60218,0.011712199999999999,2.03e-05,69.17228779999999
2023,10,2,60219,0.0113503,1.9800000000000004e-05,69.1726497
2023,10,3,60220,0.011309300000000001,1.92e-05,69.1726907
2023,10,4,60221,0.011577500000000001,1.93e-05,69.1724225
2023,10,5,60222,0.0120742,2.05e-05,69.1719258
2023,10,6,60223,0.012724000000000001,2.33e-05,69.17127599999999
2023,10,7,60224,0.0133996,2.6700000000000002e-05,69.1706004
2023,10,8,60225,0.0139877,2.7400000000000002e-05,69.1700123
2023,10,9,60226,0.0144054,2.39e-05,69.1695946
2023,10,10,60227,0.0146356,2.03e-05,69.16936439999999
2023,10,11,60228,0.014671,2.54e-05,69.16932899999999
2023,10,12,60229,0.0145299,2.82e-05,69.1694701
2023,10,13,60230,0.014294000000000001,3.2300000000000006e-05,69.16970599999999
2023,10,14,60231,0.0139979,4.07e-05,69.17000209999999
2023,10,15,60232,0.013669,5.38e-05,69.170331
2023,10,16,60233,0.0134187,6.87e-05,69.1705813
2023,10,17,60234,0.0133241,6.28e-05,69.17067589999999
2023,10,18,60235,0.013385,4.5600000000000004e-05,69.170615
2023,10,19,60236,0.0136196,3.48e-05,69.1703804
2023,10,20,60237,0.0139436,2.79e-05,69.17005639999999
2023,10,21,60238,0.014247500000000001,2.3500000000000002e-05,69.1697525
2023,10,22,60239,0.014459,2.06e-05,69.169541
2023,10,23,60240,0.014488899999999999,1.7500000000000002e-05,69.1695111
2023,10,24,60241,0.014258100000000001,2.01e-05,69.16974189999999
2023,10,25,60242,0.0137506,2.22e-05,69.1702494
2023,10,26,60243,0.0130086,1.57e-05,69.17099139999999
2023,10,27,60244,0.0121805,1.62e-05,69.1718195
2023,10,28,60245,0.0114735,3.69e-05,69.1725265
2023,10,29,60246,0.0110296,4.68e-05,69.1729704
2023,10,30,60247,0.0108288,9.7e-06,69.1731712
2023,10,31,60248,0.0109909,9.8e-06,69.1730091
2023,11,1,60249,0.0113342,1e-05,69.1726658
2023,11,2,60250,0.0117789,1.02e-05,69.1722211
2023,11,3,60251,0.012271200000000001,1.0500000000000001e-05,69.1717288
2023,11,4,60252,0.012726000000000001,1.0800000000000002e-05,69.171274
2023,11,5,60253,0.013038500000000001,1.1e-05,69.1709615
2023,11,6,60254,0.0131375,1.32e-05,69.1708625
2023,11,7,60255,0.0130292,1.91e-05,69.17097079999999
2023,11,8,60256,0.012790900000000001,2.3500000000000002e-05,69.1712091
2023,11,9,60257,0.012441200000000001,1.85e-05,69.1715588
2023,11,10,60258,0.0119535,2.01e-05,69.1720465
2023,11,11,60259,0.011404500000000001,1.96e-05,69.1725955
2023,11,12,60260,0.0108944,2.09e-05,69.1731056
2023,11,13,60261,0.0105445,1.78e-05,69.1734555
2023,11,14,60262,0.010385400000000001,2.87e-05,69.1736146
2023,11,15,60263,0.0104172,2.4500000000000003e-05,69.17358279999999
2023,11,16,60264,0.0105996,1.62e-05,69.17340039999999
2023,11,17,60265,0.010856500000000002,1.5100000000000001e-05,69.1731435
2023,11,18,60266,0.0111168,1.48e-05,69.1728832
2023,11,19,60267,0.011304600000000001,1.48e-05,69.1726954
2023,11,20,60268,0.0113015,1.53e-05,69.1726985
2023,11,21,60269,0.0111044,1.7100000000000002e-05,69.1728956
2023,11,22,60270,0.0107595,1.93e-05,69.17324049999999
2023,11,23,60271,0.0103424,2.26e-05,69.1736576
2023,11,24,60272,0.009918699999999999,2.68e-05,69.1740813
2023,11,25,60273,0.0095577,2.82e-05,69.1744423
2023,11,26,60274,0.009403100000000001,2.8e-05,69.1745969
2023,11,27,60275,0.0094752,2.03e-05,69.1745248
2023,11,28,60276,0.0098338,2.7e-05,69.1741662
2023,11,29,60277,0.0103599,3.35e-05,69.1736401
2023,11,30,60278,0.0110065,2.65e-05,69.1729935
2023,12,1,60279,0.0115719,2.26e-05,69.17242809999999
2023,12,2,60280,0.012009800000000001,2.0700000000000002e-05,69.1719902
2023,12,3,60281,0.0123212,1.74e-05,69.1716788
2023,12,4,60282,0.0124645,2.49e-05,69.1715355
2023,12,5,60283,0.012453500000000001,1.55e-05,69.17154649999999
2023,12,6,60284,0.0122758,1.84e-05,69.1717242
2023,12,7,60285,0.0119773,1.8e-05,69.1720227
2023,12,8,60286,0.0116481,1.85e-05,69.1723519
2023,12,9,60287,0.0113851,1.91e-05,69.1726149
2023,12,10,60288,0.011239599999999999,1.8200000000000002e-05,69.1727604
2023,12,11,60289,0.011222600000000001,1.91e-05,69.1727774
2023,12,12,60290,0.0113677,2.1000000000000002e-05,69.1726323
2023,12,13,60291,0.0116597,2.22e-05,69.1723403
2023,12,14,60292,0.012042500000000001,2.4e-05,69.17195749999999
2023,12,15,60293,0.0124339,2.29e-05,69.17156609999999
2023,12,16,60294,0.012657600000000001,3.03e-05,69.1713424
2023,12,17,60295,0.0126038,3.39e-05,69.1713962
2023,12,18,60296,0.0122851,1.56e-05,69.1717149
2023,12,19,60297,0.0117121,2.58e-05,69.1722879
2023,12,20,60298,0.0109464,3.1e-05,69.1730536
2023,12,21,60299,0.010127700000000002,2.24e-05,69.1738723
2023,12,22,60300,0.0093539,5.08e-05,69.1746461
2023,12,23,60301,0.008732100000000001,3.05e-05,69.1752679
2023,12,24,60302,0.0083399,2.8100000000000002e-05,69.1756601
2023,12,25,60303,0.0081989,2.8899999999999998e-05,69.1758011
2023,12,26,60304,0.0082629,2.96e-05,69.17573709999999
2023,12,27,60305,0.008416700000000001,2.72e-05,69.1755833
2023,12,28,60306,0.0086182,3.07e-05,69.1753818
2023,12,29,60307,0.008843,3.37e-05,69.175157
2023,12,30,60308,0.0089829,3.24e-05,69.17501709999999
2023,12,31,60309,0.008935600000000002,2.88e-05,69.1750644
2024,1,1,60310,0.0087572,2.3800000000000003e-05,69.17524279999999
2024,1,2,60311,0.0084757,2.05e-05,69.17552429999999
2024,1,3,60312,0.0081157,1.78e-05,69.17588429999999
2024,1,4,60313,0.0077008,1.58e-05,69.1762992
2024,1,5,60314,0.0072587,1.4e-05,69.1767413
2024,1,6,60315,0.0068909,1.21e-05,69.1771091
2024,1,7,60316,0.0066966000000000005,1.06e-05,69.1773034
2024,1,8,60317,0.0067475,1e-05,69.1772525
2024,1,9,60318,0.007036,1e-05,69.176964
2024,1,10,60319,0.0074355,1.06e-05,69.1765645
2024,1,11,60320,0.0078271,1.1599999999999999e-05,69.1761729
2024,1,12,60321,0.0081417,1.2e-05,69.1758583
2024,1,13,60322,0.008271200000000001,1.2200000000000002e-05,69.1757288
2024,1,14,60323,0.0081341,1.11e-05,69.17586589999999
2024,1,15,60324,0.007753,1.32e-05,69.176247
2024,1,16,60325,0.0072001999999999995,1.54e-05,69.1767998
2024,1,17,60326,0.0065513,1.94e-05,69.1774487
2024,1,18,60327,0.0059931,1.57e-05,69.1780069
2024,1,19,60328,0.0056646000000000005,1.47e-05,69.1783354
2024,1,20,60329,0.0055761000000000005,1.5100000000000001e-05,69.1784239
2024,1,21,60330,0.0056875,1.54e-05,69.1783125
2024,1,22,60331,0.0059347,1.6400000000000002e-05,69.1780653
2024,1,23,60332,0.006247600000000001,1.85e-05,69.1777524
2024,1,24,60333,0.0065434,3.01e-05,69.1774566
2024,1,25,60334,0.0067558,3.31e-05,69.1772442
2024,1,26,60335,0.0068335,2.92e-05,69.1771665
2024,1,27,60336,0.0067647,2.7400000000000002e-05,69.17723529999999
2024,1,28,60337,0.0065455,1.54e-05,69.1774545
2024,1,29,60338,0.0060957,1.46e-05,69.1779043
2024,1,30,60339,0.005507799999999999,1.47e-05,69.1784922
2024,1,31,60340,0.0048845,1.44e-05,69.1791155
2024,2,1,60341,0.0042881,1.4500000000000002e-05,69.1797119
2024,2,2,60342,0.0037331,1.4500000000000002e-05,69.18026689999999
2024,2,3,60343,0.0033437000000000002,1.4500000000000002e-05,69.1806563
2024,2,4,60344,0.0031545,1.49e-05,69.1808455
2024,2,5,60345,0.0031605,1.1900000000000001e-05,69.18083949999999
2024,2,6,60346,0.0033169000000000002,1.9699999999999998e-05,69.1806831
2024,2,7,60347,0.0034835,2.4400000000000004e-05,69.1805165
2024,2,8,60348,0.0035938,2.61e-05,69.1804062
2024,2,9,60349,0.0035361,2.1000000000000002e-05,69.18046389999999
2024,2,10,60350,0.0031659,1.8900000000000002e-05,69.1808341
2024,2,11,60351,0.0024222000000000002,1.38e-05,69.1815778
2024,2,12,60352,0.0013969,1.06e-05,69.1826031
2024,2,13,60353,0.00027110000000000003,1.1900000000000001e-05,69.18372889999999
2024,2,14,60354,-0.0008137,1.41e-05,69.18481369999999
2024,2,15,60355,-0.0017285,1.67e-05,69.1857285
2024,2,16,60356,-0.0024041,1.6899999999999997e-05,69.1864041
2024,2,17,60357,-0.0027677,1.62e-05,69.1867677
2024,2,18,60358,-0.0028493,1.49e-05,69.18684929999999
2024,2,19,60359,-0.0027394,1.35e-05,69.1867394
2024,2,20,60360,-0.0025009000000000003,1.27e-05,69.1865009
2024,2,21,60361,-0.0022113999999999997,1.24e-05,69.18621139999999
2024,2,22,60362,-0.0019402,1.2e-05,69.1859402
2024,2,23,60363,-0.0017546999999999999,1.0800000000000002e-05,69.1857547
2024,2,24,60364,-0.0016871,9.900000000000002e-06,69.1856871
2024,2,25,60365,-0.001811,1.72e-05,69.185811
2024,2,26,60366,-0.0020941,1.66e-05,69.18609409999999
2024,2,27,60367,-0.0024598,1.7000000000000003e-05,69.1864598
2024,2,28,60368,-0.0028207,1.6400000000000002e-05,69.1868207
2024,2,29,60369,-0.003128,1.49e-05,69.187128
2024,3,1,60370,-0.0033416,1.33e-05,69.1873416
2024,3,2,60371,-0.0034709,1.21e-05,69.1874709
2024,3,3,60372,-0.0034855999999999997,1.15e-05,69.1874856
2024,3,4,60373,-0.0033053,1.1900000000000001e-05,69.18730529999999
2024,3,5,60374,-0.0029649999999999998,1.3e-05,69.186965
2024,3,6,60375,-0.0026367,1.4200000000000001e-05,69.1866367
2024,3,7,60376,-0.0025078,1.54e-05,69.1865078
2024,3,8,60377,-0.0026821,1.62e-05,69.1866821
2024,3,9,60378,-0.0032109,1.52e-05,69.1872109
2024,3,10,60379,-0.0041262,1.2800000000000001e-05,69.1881262
2024,3,11,60380,-0.005338,1.7100000000000002e-05,69.18933799999999
2024,3,12,60381,-0.0066209,1.91e-05,69.1906209
2024,3,13,60382,-0.007749799999999999,2.12e-05,69.1917498
2024,3,14,60383,-0.0085733,2.34e-05,69.19257329999999
2024,3,15,60384,-0.0090574,2.52e-05,69.1930574
2024,3,16,60385,-0.0092348,2.42e-05,69.1932348
2024,3,17,60386,-0.0091921,2.18e-05,69.1931921
2024,3,18,60387,-0.0091031,1.9699999999999998e-05,69.1931031
2024,3,19,60388,-0.0090764,1.8900000000000002e-05,69.1930764
2024,3,20,60389,-0.0091683,1.9800000000000004e-05,69.1931683
2024,3,21,60390,-0.0094079,1.88e-05,69.1934079
2024,3,22,60391,-0.0097646,1.8900000000000002e-05,69.1937646
2024,3,23,60392,-0.0102529,2.0700000000000002e-05,69.1942529
2024,3,24,60393,-0.0108928,1.55e-05,69.19489279999999
2024,3,25,60394,-0.011647000000000001,1.67e-05,69.195647
2024,3,26,60395,-0.012453500000000001,1.8100000000000003e-05,69.1964535
2024,3,27,60396,-0.0131889,1.49e-05,69.1971889
2024,3,28,60397,-0.0137765,1.36e-05,69.1977765
2024,3,29,60398,-0.0141822,1.32e-05,69.19818219999999
2024,3,30,60399,-0.0144031,1.34e-05,69.1984031
2024,3,31,60400,-0.0144278,1.34e-05,69.1984278
2024,4,1,60401,-0.014280200000000002,1.4500000000000002e-05,69.1982802
2024,4,2,60402,-0.0140105,1.4500000000000002e-05,69.1980105
2024,4,3,60403,-0.013705,1.49e-05,69.197705
2024,4,4,60404,-0.0135383,1.68e-05,69.19753829999999
2024,4,5,60405,-0.0136728,2.01e-05,69.19767279999999
2024,4,6,60406,-0.0141568,2.55e-05,69.19815679999999
2024,4,7,60407,-0.0149198,3.33e-05,69.1989198
2024,4,8,60408,-0.015864800000000002,0.0001032,69.1998648
2024,4,9,60409,-0.0167891,0.0001205,69.2007891
2024,4,10,60410,-0.0174821,8.400000000000001e-05,69.20148209999999
2024,4,11,60411,-0.017851299999999997,4.91e-05,69.2018513
2024,4,12,60412,-0.017988,3.09e-05,69.201988
2024,4,13,60413,-0.017866800000000002,2.47e-05,69.20186679999999
2024,4,14,60414,-0.0175376,1.8599999999999998e-05,69.2015376
2024,4,15,60415,-0.01722,1.66e-05,69.20121999999999
2024,4,16,60416,-0.016918600000000002,1.56e-05,69.2009186
2024,4,17,60417,-0.0166919,1.38e-05,69.2006919
2024,4,18,60418,-0.0166288,1.0500000000000001e-05,69.2006288
2024,4,19,60419,-0.0167689,8.7e-06,69.2007689
2024,4,20,60420,-0.017077500000000002,7.9e-06,69.2010775
2024,4,21,60421,-0.0175024,7.8e-06,69.2015024
2024,4,22,60422,-0.0180668,1.07e-05,69.2020668
2024,4,23,60423,-0.018505800000000003,1.34e-05,69.2025058
2024,4,24,60424,-0.0189052,1.59e-05,69.2029052
2024,4,25,60425,-0.0191781,1.8100000000000003e-05,69.2031781
2024,4,26,60426,-0.0192454,1.7899999999999998e-05,69.2032454
2024,4,27,60427,-0.019087,1.6e-05,69.203087
2024,4,28,60428,-0.0187657,1.3899999999999999e-05,69.2027657
2024,4,29,60429,-0.018382100000000002,1.25e-05,69.2023821
2024,4,30,60430,-0.018034099999999997,1.1599999999999999e-05,69.20203409999999
2024,5,1,60431,-0.0178029,1.17e-05,69.2018029
2024,5,2,60432,-0.017787400000000002,1.17e-05,69.2017874
2024,5,3,60433,-0.0180579,1.13e-05,69.2020579
2024,5,4,60434,-0.018649100000000002,1.06e-05,69.2026491
2024,5,5,60435,-0.019461,1.02e-05,69.203461
2024,5,6,60436,-0.0203513,1.46e-05,69.2043513
2024,5,7,60437,-0.0210976,1.65e-05,69.2050976
2024,5,8,60438,-0.0215271,1.9800000000000004e-05,69.2055271
2024,5,9,60439,-0.021609100000000003,2.26e-05,69.2056091
2024,5,10,60440,-0.0213867,2.59e-05,69.20538669999999
2024,5,11,60441,-0.020993200000000004,2.3800000000000003e-05,69.2049932
2024,5,12,60442,-0.0205749,1.93e-05,69.2045749
2024,5,13,60443,-0.0202186,1.7000000000000003e-05,69.2042186
2024,5,14,60444,-0.0199961,1.6400000000000002e-05,69.2039961
2024,5,15,60445,-0.019924700000000004,1.72e-05,69.2039247
2024,5,16,60446,-0.0199709,1.7899999999999998e-05,69.2039709
2024,5,17,60447,-0.0201155,1.67e-05,69.2041155
2024,5,18,60448,-0.0203244,1.58e-05,69.2043244
2024,5,19,60449,-0.0205901,1.41e-05,69.2045901
2024,5,20,60450,-0.0209125,1.43e-05,69.20491249999999
2024,5,21,60451,-0.021185199999999998,1.56e-05,69.2051852
2024,5,22,60452,-0.0213394,1.59e-05,69.2053394
2024,5,23,60453,-0.021314800000000002,1.58e-05,69.2053148
2024,5,24,60454,-0.021086200000000003,1.59e-05,69.2050862
2024,5,25,60455,-0.020685300000000004,1.58e-05,69.2046853
2024,5,26,60456,-0.0202039,1.49e-05,69.2042039
2024,5,27,60457,-0.019743300000000002,1.47e-05,69.2037433
2024,5,28,60458,-0.0194182,1.4500000000000002e-05,69.2034182
2024,5,29,60459,-0.0193275,1.36e-05,69.2033275
2024,5,30,60460,-0.019479600000000003,1.33e-05,69.2034796
2024,5,31,60461,-0.019864,1.3100000000000002e-05,69.203864
2024,6,1,60462,-0.0204347,1.26e-05,69.2044347
2024,6,2,60463,-0.0210401,1.27e-05,69.20504009999999
2024,6,3,60464,-0.021555,1.3899999999999999e-05,69.205555
2024,6,4,60465,-0.0218823,1.43e-05,69.2058823
2024,6,5,60466,-0.0219302,1.5100000000000001e-05,69.2059302
2024,6,6,60467,-0.0216328,1.5100000000000001e-05,69.2056328
2024,6,7,60468,-0.0210402,1.41e-05,69.2050402
2024,6,8,60469,-0.020310500000000002,1.3e-05,69.20431049999999
2024,6,9,60470,-0.0195594,1.32e-05,69.2035594
2024,6,10,60471,-0.0188461,1.53e-05,69.2028461
2024,6,11,60472,-0.0182381,1.88e-05,69.2022381
2024,6,12,60473,-0.0177505,2.29e-05,69.2017505
2024,6,13,60474,-0.017348299999999997,2.12e-05,69.20134829999999
2024,6,14,60475,-0.016962599999999998,2.3e-05,69.2009626
2024,6,15,60476,-0.016593800000000002,2.57e-05,69.2005938
2024,6,16,60477,-0.0161539,2.88e-05,69.2001539
2024,6,17,60478,-0.015592100000000001,3.36e-05,69.1995921
2024,6,18,60479,-0.0149779,3.05e-05,69.1989779
2024,6,19,60480,-0.0140567,2.79e-05,69.1980567
2024,6,20,60481,-0.0129113,2.7099999999999998e-05,69.1969113
2024,6,21,60482,-0.0116505,2.64e-05,69.1956505
2024,6,22,60483,-0.0103126,2.5e-05,69.1943126
2024,6,23,60484,-0.0089513,2.14e-05,69.1929513
2024,6,24,60485,-0.0076735,2.08e-05,69.1916735
2024,6,25,60486,-0.0066048999999999995,1.93e-05,69.1906049
2024,6,26,60487,-0.0058127000000000005,2.02e-05,69.1898127
2024,6,27,60488,-0.0052874,2.03e-05,69.1892874
2024,6,28,60489,-0.0049609,1.94e-05,69.1889609
2024,6,29,60490,-0.0047153,1.7899999999999998e-05,69.1887153
2024,6,30,60491,-0.0044074,1.6400000000000002e-05,69.1884074
2024,7,1,60492,-0.0038615,1.63e-05,69.1878615
2024,7,2,60493,-0.0030221000000000002,1.7100000000000002e-05,69.1870221
2024,7,3,60494,-0.0018912,1.78e-05,69.1858912
2024,7,4,60495,-0.0004934000000000001,2.3500000000000002e-05,69.1844934
2024,7,5,60496,0.0011071,2.5e-05,69.1828929
2024,7,6,60497,0.0027521,2.3e-05,69.1812479
2024,7,7,60498,0.004315800000000001,2.01e-05,69.1796842
2024,7,8,60499,0.0057452,1.94e-05,69.17825479999999
2024,7,9,60500,0.007003700000000001,2.01e-05,69.1769963
2024,7,10,60501,0.0080831,2.1499999999999997e-05,69.1759169
2024,7,11,60502,0.0090281,3.0200000000000002e-05,69.1749719
2024,7,12,60503,0.0098811,2.68e-05,69.1741189
2024,7,13,60504,0.010637700000000002,2.51e-05,69.1733623
2024,7,14,60505,0.011323600000000001,1.8900000000000002e-05,69.1726764
2024,7,15,60506,0.0120611,1.94e-05,69.1719389
2024,7,16,60507,0.0128989,2.12e-05,69.1711011
2024,7,17,60508,0.0138727,2.2100000000000002e-05,69.1701273
2024,7,18,60509,0.0149814,2.1700000000000002e-05,69.1690186
2024,7,19,60510,0.0162115,2.03e-05,69.1677885
2024,7,20,60511,0.0174865,1.8900000000000002e-05,69.1665135
2024,7,21,60512,0.0186901,1.8100000000000003e-05,69.1653099
2024,7,22,60513,0.019706900000000003,1.94e-05,69.1642931
2024,7,23,60514,0.020446100000000002,2.19e-05,69.1635539
2024,7,24,60515,0.0208869,2.3199999999999998e-05,69.1631131
2024,7,25,60516,0.0210987,2.2499999999999998e-05,69.1629013
2024,7,26,60517,0.0211888,2.05e-05,69.1628112
2024,7,27,60518,0.0213034,1.92e-05,69.1626966
2024,7,28,60519,0.021612700000000002,1.8599999999999998e-05,69.16238729999999
2024,7,29,60520,0.022198799999999998,2.2e-05,69.1618012
2024,7,30,60521,0.0230289,2.5300000000000002e-05,69.1609711
2024,7,31,60522,0.0240625,2.85e-05,69.1599375
2024,8,1,60523,0.0252828,3.01e-05,69.1587172
2024,8,2,60524,0.0265983,2.94e-05,69.1574017
2024,8,3,60525,0.0279117,2.66e-05,69.1560883
2024,8,4,60526,0.029160900000000003,2.36e-05,69.1548391
2024,8,5,60527,0.0302719,2.22e-05,69.1537281
2024,8,6,60528,0.031223800000000003,2.2e-05,69.15277619999999
2024,8,7,60529,0.0320407,2.3199999999999998e-05,69.1519593
2024,8,8,60530,0.0327414,2.46e-05,69.15125859999999
2024,8,9,60531,0.033381799999999996,2.54e-05,69.1506182
2024,8,10,60532,0.03404890000000001,2.4e-05,69.1499511
2024,8,11,60533,0.0348276,2.2e-05,69.1491724
2024,8,12,60534,0.035757399999999995,2.13e-05,69.1482426
2024,8,13,60535,0.036818199999999995,2.24e-05,69.1471818
2024,8,14,60536,0.0380187,3.84e-05,69.1459813
2024,8,15,60537,0.0393478,4.7600000000000005e-05,69.1446522
2024,8,16,60538,0.0407238,4.81e-05,69.1432762
2024,8,17,60539,0.042037399999999996,4.1400000000000003e-05,69.1419626
2024,8,18,60540,0.043157600000000004,3.14e-05,69.1408424
2024,8,19,60541,0.0439888,3.1e-05,69.1400112
2024,8,20,60542,0.0444571,2.8899999999999998e-05,69.1395429
2024,8,21,60543,0.044601999999999996,2.7799999999999998e-05,69.139398
2024,8,22,60544,0.0445431,2.65e-05,69.1394569
2024,8,23,60545,0.0444697,2.41e-05,69.1395303
2024,8,24,60546,0.044598900000000004,2.09e-05,69.1394011
2024,8,25,60547,0.0449965,1.8e-05,69.1390035
2024,8,26,60548,0.0456601,1.74e-05,69.13833989999999
2024,8,27,60549,0.0465867,1.7899999999999998e-05,69.13741329999999
2024,8,28,60550,0.047685000000000005,1.9e-05,69.136315
2024,8,29,60551,0.0488454,1.9800000000000004e-05,69.13515459999999
2024,8,30,60552,0.0499923,1.9900000000000003e-05,69.1340077
2024,8,31,60553,0.05101700000000001,2.18e-05,69.132983
2024,9,1,60554,0.0518497,2.6e-05,69.13215029999999
2024,9,2,60555,0.052473,3.43e-05,69.13152699999999
2024,9,3,60556,0.0529405,4.4699999999999996e-05,69.13105949999999
2024,9,4,60557,0.0533112,4.29e-05,69.1306888
2024,9,5,60558,0.0536078,3.4200000000000005e-05,69.1303922
2024,9,6,60559,0.0538454,2.69e-05,69.1301546
2024,9,7,60560,0.0540905,2.14e-05,69.1299095
2024,9,8,60561,0.0544533,1.63e-05,69.12954669999999
2024,9,9,60562,0.0549795,1.65e-05,69.1290205
2024,9,10,60563,0.055649500000000005,1.6100000000000002e-05,69.1283505
2024,9,11,60564,0.0564387,1.78e-05,69.1275613
2024,9,12,60565,0.0572943,1.87e-05,69.1267057
2024,9,13,60566,0.058117600000000005,1.6899999999999997e-05,69.1258824
2024,9,14,60567,0.0588092,1.4500000000000002e-05,69.1251908
2024,9,15,60568,0.059278199999999996,1.26e-05,69.1247218
2024,9,16,60569,0.0594069,1.23e-05,69.1245931
2024,9,17,60570,0.0591659,7.100000000000001e-06,69.1248341
2024,9,18,60571,0.0586181,7.3e-06,69.1253819
2024,9,19,60572,0.0579192,7.7e-06,69.1260808
2024,9,20,60573,0.057299,7.9e-06,69.126701
2024,9,21,60574,0.0569088,8.1e-06,69.1270912
2024,9,22,60575,0.056783400000000005,8.7e-06,69.1272166
2024,9,23,60576,0.0569452,8.9e-06,69.1270548
2024,9,24,60577,0.0573175,9.4e-06,69.1266825
2024,9,25,60578,0.057791800000000004,8.6e-06,69.1262082
2024,9,26,60579,0.058264,8.1e-06,69.125736
2024,9,27,60580,0.0586637,1.1e-05,69.1253363
2024,9,28,60581,0.0589186,1.2e-05,69.1250814
2024,9,29,60582,0.0590576,1.26e-05,69.1249424
2024,9,30,60583,0.059088299999999996,2.08e-05,69.1249117
2024,10,1,60584,0.0590287,1.5100000000000001e-05,69.1249713
2024,10,2,60585,0.058971600000000006,1.7500000000000002e-05,69.12502839999999
2024,10,3,60586,0.0588781,2.12e-05,69.1251219
2024,10,4,60587,0.0587757,2.51e-05,69.1252243
2024,10,5,60588,0.0587352,2.57e-05,69.1252648
2024,10,6,60589,0.0587608,2.4e-05,69.1252392
2024,10,7,60590,0.0589006,1.91e-05,69.1250994
2024,10,8,60591,0.0591917,1.8599999999999998e-05,69.1248083
2024,10,9,60592,0.0595928,1.88e-05,69.1244072
2024,10,10,60593,0.0599875,1.92e-05,69.12401249999999
2024,10,11,60594,0.060337,1.96e-05,69.123663
2024,10,12,60595,0.0605377,1.88e-05,69.1234623
2024,10,13,60596,0.0604351,1.7899999999999998e-05,69.12356489999999
2024,10,14,60597,0.0599234,1.9800000000000004e-05,69.1240766
2024,10,15,60598,0.059022500000000006,2.37e-05,69.1249775
2024,10,16,60599,0.057873100000000004,2.93e-05,69.1261269
2024,10,17,60600,0.0566787,3.69e-05,69.12732129999999
2024,10,18,60601,0.0556784,4.53e-05,69.12832159999999
2024,10,19,60602,0.055021900000000006,4.33e-05,69.1289781
2024,10,20,60603,0.0547513,3.66e-05,69.12924869999999
2024,10,21,60604,0.0548181,3.5499999999999996e-05,69.12918189999999
2024,10,22,60605,0.055082,2.04e-05,69.128918
2024,10,23,60606,0.0553748,2.2e-05,69.1286252
2024,10,24,60607,0.05563730000000001,2.36e-05,69.1283627
2024,10,25,60608,0.055816899999999996,3.07e-05,69.1281831
2024,10,26,60609,0.0558411,2.85e-05,69.1281589
2024,10,27,60610,0.0556907,2.29e-05,69.1283093
2024,10,28,60611,0.055343800000000005,2.05e-05,69.1286562
2024,10,29,60612,0.0548697,7.170000000000001e-05,69.1291303
2024,10,30,60613,0.0543677,0.0001008,69.1296323
2024,10,31,60614,0.0539337,0.00013550000000000001,69.1300663
2024,11,1,60615,0.0536207,0.0001558,69.1303793
2024,11,2,60616,0.0535106,0.00011509999999999999,69.1304894
2024,11,3,60617,0.053591299999999994,7.45e-05,69.1304087
2024,11,4,60618,0.0538071,4.55e-05,69.1301929
2024,11,5,60619,0.0541753,4.21e-05,69.1298247
2024,11,6,60620,0.0546158,3.54e-05,69.1293842
2024,11,7,60621,0.055031,3.44e-05,69.128969
2024,11,8,60622,0.055311700000000005,3.43e-05,69.1286883
2024,11,9,60623,0.0553478,3.01e-05,69.12865219999999
2024,11,10,60624,0.0550691,2.23e-05,69.1289309
2024,11,11,60625,0.0545612,1.96e-05,69.1294388
2024,11,12,60626,0.0538315,1.88e-05,69.1301685
2024,11,13,60627,0.053000700000000005,1.8200000000000002e-05,69.1309993
2024,11,14,60628,0.0522238,1.74e-05,69.1317762
2024,11,15,60629,0.0516504,1.6400000000000002e-05,69.1323496
2024,11,16,60630,0.0513711,1.5e-05,69.1326289
2024,11,17,60631,0.051372,1.59e-05,69.132628
2024,11,18,60632,0.0516132,1.73e-05,69.13238679999999
2024,11,19,60633,0.0519418,2.06e-05,69.1320582
2024,11,20,60634,0.052239600000000004,2.5600000000000002e-05,69.1317604
2024,11,21,60635,0.0523773,2.83e-05,69.1316227
2024,11,22,60636,0.052307200000000005,2.5300000000000002e-05,69.1316928
2024,11,23,60637,0.052055000000000004,2.2100000000000002e-05,69.131945
2024,11,24,60638,0.0516273,2.02e-05,69.13237269999999
2024,11,25,60639,0.051113399999999996,2.05e-05,69.13288659999999
2024,11,26,60640,0.050567799999999996,2.24e-05,69.1334322
2024,11,27,60641,0.0500537,2.5300000000000002e-05,69.13394629999999
2024,11,28,60642,0.0496712,2.65e-05,69.13432879999999
2024,11,29,60643,0.0494657,2.39e-05,69.1345343
2024,11,30,60644,0.049429600000000004,2.03e-05,69.1345704
2024,12,1,60645,0.0495625,1.02e-05,69.1344375
2024,12,2,60646,0.0498472,1.03e-05,69.1341528
2024,12,3,60647,0.0502138,1.04e-05,69.1337862
2024,12,4,60648,0.050610100000000005,2.26e-05,69.1333899
2024,12,5,60649,0.050941600000000004,1.87e-05,69.1330584
2024,12,6,60650,0.051147,1.6100000000000002e-05,69.132853
2024,12,7,60651,0.0511463,1.3700000000000001e-05,69.1328537
2024,12,8,60652,0.0508705,1.41e-05,69.1331295
2024,12,9,60653,0.050352600000000004,1.46e-05,69.1336474
2024,12,10,60654,0.049691400000000004,1.63e-05,69.1343086
2024,12,11,60655,0.0489984,1.7899999999999998e-05,69.1350016
2024,12,12,60656,0.0484309,2.03e-05,69.1355691
2024,12,13,60657,0.0480775,2.41e-05,69.13592249999999
2024,12,14,60658,0.0479918,2.3e-05,69.13600819999999
2024,12,15,60659,0.048126800000000004,1.8900000000000002e-05,69.13587319999999
2024,12,16,60660,0.0484038,1.7000000000000003e-05,69.1355962
2024,12,17,60661,0.0486926,1.63e-05,69.1353074
2024,12,18,60662,0.048853099999999997,1.5e-05,69.1351469
2024,12,19,60663,0.0487959,1.38e-05,69.1352041
2024,12,20,60664,0.048514800000000004,1.29e-05,69.13548519999999
2024,12,21,60665,0.048067,1.21e-05,69.135933
2024,12,22,60666,0.0475094,1.18e-05,69.1364906
2024,12,23,60667,0.0468958,1.29e-05,69.1371042
2024,12,24,60668,0.04632650000000001,1.63e-05,69.13767349999999
2024,12,25,60669,0.045852800000000006,2.33e-05,69.13814719999999
2024,12,26,60670,0.0455006,3.6200000000000006e-05,69.1384994
2024,12,27,60671,0.0453125,5.59e-05,69.1386875
2024,12,28,60672,0.045292000000000006,8.65e-05,69.138708
2024,12,29,60673,0.045452,0.000132,69.138548
2024,12,30,60674,0.0457159,0.0002008,69.13828409999999
2024,12,31,60675,0.0460256,0.0002787,69.1379744
2025,1,1,60676,0.0463221,0.00021390000000000002,69.1376779
2025,1,2,60677,0.0464717,0.0001154,69.1375283
2025,1,3,60678,0.046340200000000005,6.36e-05,69.1376598
2025,1,4,60679,0.0459225,4.02e-05,69.1380775
2025,1,5,60680,0.045267600000000005,2.93e-05,69.1387324
2025,1,6,60681,0.0444495,2.48e-05,69.1395505
2025,1,7,60682,0.043630600000000005,1.94e-05,69.1403694
2025,1,8,60683,0.0429511,1.4500000000000002e-05,69.1410489
2025,1,9,60684,0.042545900000000005,1.0800000000000002e-05,69.1414541
2025,1,10,60685,0.0424751,8.200000000000001e-06,69.1415249
2025,1,11,60686,0.042668500000000005,6.5e-06,69.14133149999999
2025,1,12,60687,0.043049300000000006,5.7000000000000005e-06,69.14095069999999
2025,1,13,60688,0.043545600000000004,5.5e-06,69.1404544
2025,1,14,60689,0.0440109,5.7000000000000005e-06,69.1399891
2025,1,15,60690,0.044382,9.100000000000001e-06,69.139618
2025,1,16,60691,0.0445772,7e-06,69.13942279999999
2025,1,17,60692,0.0446077,5.9e-06,69.1393923
2025,1,18,60693,0.0445088,5.3e-06,69.1394912
2025,1,19,60694,0.0443556,5.2e-06,69.1396444
2025,1,20,60695,0.0442056,6.2e-06,69.1397944
2025,1,21,60696,0.0441204,8.4e-06,69.1398796
2025,1,22,60697,0.0441669,1e-05,69.1398331
2025,1,23,60698,0.0443887,1.1400000000000001e-05,69.1396113
2025,1,24,60699,0.044835,1.32e-05,69.13916499999999
2025,1,25,60700,0.0454814,1.32e-05,69.1385186
2025,1,26,60701,0.0462143,1.1900000000000001e-05,69.1377857
2025,1,27,60702,0.0469473,1.27e-05,69.1370527
2025,1,28,60703,0.0475603,1.7000000000000003e-05,69.1364397
2025,1,29,60704,0.0479445,2.08e-05,69.1360555
2025,1,30,60705,0.0480782,2.08e-05,69.13592179999999
2025,1,31,60706,0.0479094,2.2800000000000002e-05,69.1360906
2025,2,1,60707,0.0474539,2.34e-05,69.1365461
2025,2,2,60708,0.0468524,2.7799999999999998e-05,69.13714759999999
2025,2,3,60709,0.0462405,4.2000000000000004e-05,69.1377595
2025,2,4,60710,0.0457248,5.53e-05,69.1382752
2025,2,5,60711,0.04544360000000001,7.61e-05,69.1385564
2025,2,6,60712,0.0454707,7.94e-05,69.1385293
2025,2,7,60713,0.045759799999999996,5.81e-05,69.1382402
2025,2,8,60714,0.0461948,4.08e-05,69.1378052
2025,2,9,60715,0.0466416,1.77e-05,69.1373584
2025,2,10,60716,0.046993200000000006,6.9e-06,69.1370068
2025,2,11,60717,0.0471954,1.4200000000000001e-05,69.13680459999999
2025,2,12,60718,0.0472209,1.63e-05,69.1367791
2025,2,13,60719,0.0470706,1.9e-05,69.1369294
2025,2,14,60720,0.0467487,2.4299999999999998e-05,69.1372513
2025,2,15,60721,0.0463143,3.2500000000000004e-05,69.13768569999999
2025,2,16,60722,0.045919600000000005,4.33e-05,69.13808039999999
2025,2,17,60723,0.045616300000000005,6.17e-05,69.13838369999999
2025,2,18,60724,0.0454443,8.32e-05,69.1385557
2025,2,19,60725,0.04546070000000001,6.950000000000001e-05,69.13853929999999
2025,2,20,60726,0.0456342,4.8e-05,69.1383658
2025,2,21,60727,0.0459125,3.7800000000000004e-05,69.1380875
2025,2,22,60728,0.0463145,3.09e-05,69.1376855
2025,2,23,60729,0.0467799,2.4e-05,69.1372201
2025,2,24,60730,0.04718,2.97e-05,69.13682
2025,2,25,60731,0.0474161,3.35e-05,69.13658389999999
2025,2,26,60732,0.0474081,3.6e-05,69.1365919
2025,2,27,60733,0.0471096,3.5900000000000005e-05,69.1368904
2025,2,28,60734,0.0464841,4.1e-05,69.1375159
2025,3,1,60735,0.0456491,3.71e-05,69.13835089999999
2025,3,2,60736,0.0447529,3.03e-05,69.13924709999999
2025,3,3,60737,0.0439219,2.7799999999999998e-05,69.1400781
2025,3,4,60738,0.0433464,2.93e-05,69.1406536
2025,3,5,60739,0.04311910000000001,3.51e-05,69.1408809
2025,3,6,60740,0.0431635,4.22e-05,69.14083649999999
2025,3,7,60741,0.0433827,4.39e-05,69.1406173
2025,3,8,60742,0.0436977,3.7e-05,69.1403023
2025,3,9,60743,0.044043399999999996,2.95e-05,69.13995659999999
2025,3,10,60744,0.0442633,2.69e-05,69.1397367
2025,3,11,60745,0.0443209,2.57e-05,69.1396791
2025,3,12,60746,0.044192100000000005,2.2499999999999998e-05,69.1398079
2025,3,13,60747,0.043878,1.94e-05,69.14012199999999
2025,3,14,60748,0.0434146,1.73e-05,69.14058539999999
2025,3,15,60749,0.0428855,1.46e-05,69.1411145
2025,3,16,60750,0.0423757,1.23e-05,69.1416243
2025,3,17,60751,0.0419727,1.13e-05,69.1420273
2025,3,18,60752,0.0417016,1.12e-05,69.1422984
2025,3,19,60753,0.0415535,1.1900000000000001e-05,69.14244649999999
2025,3,20,60754,0.0415528,1.27e-05,69.14244719999999
2025,3,21,60755,0.0416603,1.32e-05,69.1423397
2025,3,22,60756,0.041856000000000004,1.24e-05,69.142144
2025,3,23,60757,0.0420942,1.13e-05,69.1419058
2025,3,24,60758,0.0422469,1.1599999999999999e-05,69.1417531
2025,3,25,60759,0.0422111,1.29e-05,69.1417889
2025,3,26,60760,0.041938,1.5e-05,69.142062
2025,3,27,60761,0.0413737,1.62e-05,69.1426263
2025,3,28,60762,0.0405151,1.5e-05,69.1434849
2025,3,29,60763,0.0394413,1.3700000000000001e-05,69.1445587
2025,3,30,60764,0.0383609,1.3100000000000002e-05,69.1456391
2025,3,31,60765,0.0374941,1.38e-05,69.1465059
2025,4,1,60766,0.0369317,1.0500000000000001e-05,69.1470683
2025,4,2,60767,0.0367119,2.1600000000000003e-05,69.1472881
2025,4,3,60768,0.036793900000000004,2.2499999999999998e-05,69.14720609999999
2025,4,4,60769,0.0370448,2.26e-05,69.1469552
2025,4,5,60770,0.037282800000000005,2.2800000000000002e-05,69.1467172
2025,4,6,60771,0.037364800000000004,2.31e-05,69.14663519999999
2025,4,7,60772,0.0372529,2.2700000000000003e-05,69.1467471
2025,4,8,60773,0.0369578,2.19e-05,69.1470422
2025,4,9,60774,0.036461,2.19e-05,69.147539
2025,4,10,60775,0.0358458,2.19e-05,69.1481542
2025,4,11,60776,0.0351952,2.13e-05,69.1488048
2025,4,12,60777,0.034556800000000006,2.13e-05,69.1494432
2025,4,13,60778,0.033993,2.18e-05,69.150007
2025,4,14,60779,0.0335673,2.2e-05,69.1504327
2025,4,15,60780,0.0333342,2.2499999999999998e-05,69.1506658
2025,4,16,60781,0.0332913,2.42e-05,69.1507087
2025,4,17,60782,0.0334457,2.7099999999999998e-05,69.1505543
2025,4,18,60783,0.0337248,2.9900000000000002e-05,69.1502752
2025,4,19,60784,0.0340128,3.27e-05,69.1499872
2025,4,20,60785,0.0342701,2.9100000000000003e-05,69.1497299
2025,4,21,60786,0.0344206,2.77e-05,69.1495794
2025,4,22,60787,0.0343595,2.42e-05,69.1496405
2025,4,23,60788,0.0340518,2.14e-05,69.1499482
2025,4,24,60789,0.0334709,1.9900000000000003e-05,69.1505291
2025,4,25,60790,0.0326255,1.9900000000000003e-05,69.1513745
2025,4,26,60791,0.031643000000000004,2.0700000000000002e-05,69.152357
2025,4,27,60792,0.030729299999999998,2.2e-05,69.1532707
2025,4,28,60793,0.0300424,2.37e-05,69.1539576
2025,4,29,60794,0.0296527,2.61e-05,69.1543473
2025,4,30,60795,0.0295953,2.93e-05,69.1544047
2025,5,1,60796,0.0297755,3.2800000000000004e-05,69.1542245
2025,5,2,60797,0.030065,3.34e-05,69.153935
2025,5,3,60798,0.0303058,2.8899999999999998e-05,69.1536942
2025,5,4,60799,0.030389,2.54e-05,69.153611
2025,5,5,60800,0.0303144,2.2499999999999998e-05,69.1536856
2025,5,6,60801,0.030058900000000003,2.37e-05,69.1539411
2025,5,7,60802,0.0297043,2.01e-05,69.15429569999999
2025,5,8,60803,0.029319500000000002,2.03e-05,69.1546805
2025,5,9,60804,0.028984100000000002,1.9900000000000003e-05,69.1550159
2025,5,10,60805,0.0287399,1.94e-05,69.15526009999999
2025,5,11,60806,0.028554700000000002,1.91e-05,69.1554453
2025,5,12,60807,0.0284913,1.8900000000000002e-05,69.1555087
2025,5,13,60808,0.028572900000000002,1.87e-05,69.1554271
2025,5,14,60809,0.028800100000000002,1.88e-05,69.1551999
2025,5,15,60810,0.0291549,1.88e-05,69.1548451
2025,5,16,60811,0.029578800000000002,1.8200000000000002e-05,69.1544212
2025,5,17,60812,0.0299939,1.8100000000000003e-05,69.1540061
2025,5,18,60813,0.0303416,1.8900000000000002e-05,69.1536584
2025,5,19,60814,0.0305626,1.96e-05,69.1534374
2025,5,20,60815,0.0306132,2.05e-05,69.15338679999999
2025,5,21,60816,0.030418900000000002,2.2499999999999998e-05,69.1535811
2025,5,22,60817,0.0299774,2.52e-05,69.15402259999999
2025,5,23,60818,0.029310199999999998,2.75e-05,69.1546898
2025,5,24,60819,0.0285589,2.65e-05,69.1554411
2025,5,25,60820,0.0279053,2.4500000000000003e-05,69.1560947
2025,5,26,60821,0.027477900000000003,2.3e-05,69.1565221
2025,5,27,60822,0.027444800000000002,2.2100000000000002e-05,69.1565552
2025,5,28,60823,0.0277227,2.1000000000000002e-05,69.1562773
2025,5,29,60824,0.0281256,1.9900000000000003e-05,69.1558744
2025,5,30,60825,0.028507,2.02e-05,69.15549299999999
2025,5,31,60826,0.0288129,2.1000000000000002e-05,69.15518709999999
2025,6,1,60827,0.0289921,2.2100000000000002e-05,69.1550079
2025,6,2,60828,0.0290266,2.2100000000000002e-05,69.1549734
2025,6,3,60829,0.0289611,2.14e-05,69.1550389
2025,6,4,60830,0.028846,1.9900000000000003e-05,69.155154
2025,6,5,60831,0.0287438,1.88e-05,69.1552562
2025,6,6,60832,0.0286828,1.8200000000000002e-05,69.1553172
2025,6,7,60833,0.028704999999999998,1.8200000000000002e-05,69.155295
2025,6,8,60834,0.028910599999999998,1.91e-05,69.1550894
2025,6,9,60835,0.029360499999999998,1.92e-05,69.1546395
2025,6,10,60836,0.030035799999999998,1.91e-05,69.1539642
2025,6,11,60837,0.0308604,1.9e-05,69.1531396
2025,6,12,60838,0.0317785,1.8900000000000002e-05,69.1522215
2025,6,13,60839,0.0327324,1.9e-05,69.1512676
2025,6,14,60840,0.0336031,1.94e-05,69.1503969
2025,6,15,60841,0.0342998,1.9900000000000003e-05,69.1497002
2025,6,16,60842,0.034794,2.02e-05,69.14920599999999
2025,6,17,60843,0.035065,2.03e-05,69.148935
2025,6,18,60844,0.035123100000000004,2.0700000000000002e-05,69.14887689999999
2025,6,19,60845,0.035040100000000005,2.12e-05,69.1489599
2025,6,20,60846,0.0349179,2.13e-05,69.1490821
2025,6,21,60847,0.0348913,2.14e-05,69.1491087
2025,6,22,60848,0.0351524,2.1499999999999997e-05,69.1488476
2025,6,23,60849,0.0358309,2.13e-05,69.1481691
2025,6,24,60850,0.0368179,2.12e-05,69.1471821
2025,6,25,60851,0.037966,2.2e-05,69.146034
2025,6,26,60852,0.0391851,2.26e-05,69.1448149
2025,6,27,60853,0.0403668,1.93e-05,69.1436332
2025,6,28,60854,0.041385399999999996,1.95e-05,69.1426146
2025,6,29,60855,0.0422187,1.94e-05,69.14178129999999
2025,6,30,60856,0.0428717,1.93e-05,69.14112829999999
2025,7,1,60857,0.0434235,1.88e-05,69.1405765
2025,7,2,60858,0.0438862,1.88e-05,69.1401138
2025,7,3,60859,0.0443592,1.91e-05,69.1396408
2025,7,4,60860,0.0449311,1.92e-05,69.1390689
2025,7,5,60861,0.045662799999999996,1.7100000000000002e-05,69.1383372
2025,7,6,60862,0.0466102,1.63e-05,69.1373898
2025,7,7,60863,0.0477786,1.6899999999999997e-05,69.1362214
2025,7,8,60864,0.0490784,1.7500000000000002e-05,69.1349216
2025,7,9,60865,0.0504334,1.78e-05,69.1335666
2025,7,10,60866,0.0517919,1.8200000000000002e-05,69.1322081
2025,7,11,60867,0.053080300000000004,1.8200000000000002e-05,69.13091969999999
2025,7,12,60868,0.0542033,1.84e-05,69.1297967
2025,7,13,60869,0.0550441,1.8900000000000002e-05,69.1289559
2025,7,14,60870,0.0555396,1.9e-05,69.1284604
2025,7,15,60871,0.0557868,1.87e-05,69.12821319999999
2025,7,16,60872,0.0558904,1.8900000000000002e-05,69.1281096
2025,7,17,60873,0.055959600000000005,1.93e-05,69.1280404
2025,7,18,60874,0.0560917,1.91e-05,69.1279083
2025,7,19,60875,0.0563697,1.85e-05,69.12763029999999
2025,7,20,60876,0.0568361,1.78e-05,69.1271639
2025,7,21,60877,0.0575139,1.7500000000000002e-05,69.1264861
2025,7,22,60878,0.0583746,1.78e-05,69.1256254
2025,7,23,60879,0.0592753,2.3e-05,69.1247247
2025,7,24,60880,0.0600546,2.6200000000000003e-05,69.1239454
2025,7,25,60881,0.0606568,2.98e-05,69.1233432
2025,7,26,60882,0.0610672,3.54e-05,69.1229328
2025,7,27,60883,0.061302999999999996,4.58e-05,69.122697
2025,7,28,60884,0.0614255,6.18e-05,69.1225745
2025,7,29,60885,0.0614726,9.180000000000001e-05,69.1225274
2025,7,30,60886,0.061542900000000005,0.00014360000000000002,69.12245709999999
2025,7,31,60887,0.061748700000000004,0.0002268,69.1222513
2025,8,1,60888,0.0621491,0.0003296,69.1218509
2025,8,2,60889,0.0627846,0.0003103,69.1212154
2025,8,3,60890,0.0636806,0.00023469999999999999,69.1203194
2025,8,4,60891,0.0647959,0.0001956,69.1192041
2025,8,5,60892,0.0660502,0.0001704,69.11794979999999
2025,8,6,60893,0.067374,0.00014549999999999999,69.116626
2025,8,7,60894,0.0686597,0.00012880000000000001,69.1153403
2025,8,8,60895,0.06982640000000001,0.00011990000000000001,69.1141736
2025,8,9,60896,0.07076940000000001,9.56e-05,69.1132306
2025,8,10,60897,0.0714433,7.27e-05,69.1125567
2025,8,11,60898,0.0718343,6.36e-05,69.11216569999999
2025,8,12,60899,0.07200430000000001,5.89e-05,69.1119957
2025,8,13,60900,0.07206900000000001,4.85e-05,69.111931
2025,8,14,60901,0.0721574,3.76e-05,69.1118426
2025,8,15,60902,0.0723897,3.11e-05,69.1116103
2025,8,16,60903,0.0728616,2.75e-05,69.1111384
2025,8,17,60904,0.07361329999999999,2.6700000000000002e-05,69.11038669999999
2025,8,18,60905,0.0745609,2.94e-05,69.1094391
2025,8,19,60906,0.0756406,3.2e-05,69.1083594
2025,8,20,60907,0.0767694,3.33e-05,69.1072306
2025,8,21,60908,0.0777787,3.15e-05,69.1062213
2025,8,22,60909,0.0786262,3.12e-05,69.1053738
2025,8,23,60910,0.0793335,3.3e-05,69.1046665
2025,8,24,60911,0.07988920000000001,4.26e-05,69.1041108
2025,8,25,60912,0.08032420000000001,5.3400000000000004e-05,69.10367579999999
2025,8,26,60913,0.0806914,6.94e-05,69.10330859999999
2025,8,27,60914,0.0810566,7.920000000000001e-05,69.1029434
2025,8,28,60915,0.08149250000000001,8.57e-05,69.1025075
2025,8,29,60916,0.0820466,9.84e-05,69.1019534
2025,8,30,60917,0.082759,0.0001066,69.101241
2025,8,31,60918,0.08363240000000001,0.00011509999999999999,69.1003676
2025,9,1,60919,0.0846346,0.00014330000000000001,69.0993654
2025,9,2,60920,0.08567480000000001,0.0001872,69.09832519999999
2025,9,3,60921,0.0866745,0.00016900000000000002,69.0973255
2025,9,4,60922,0.087576,0.0001274,69.096424
2025,9,5,60923,0.0882826,0.0001043,69.0957174
2025,9,6,60924,0.08870650000000001,9.329999999999999e-05,69.0952935
2025,9,7,60925,0.0888232,9.22e-05,69.0951768
2025,9,8,60926,0.0886508,0.0001094,69.0953492
2025,9,9,60927,0.08830710000000001,0.0001409,69.0956929
2025,9,10,60928,0.0879453,0.00015470000000000002,69.0960547
2025,9,11,60929,0.08770560000000001,0.0001598,69.09629439999999
2025,9,12,60930,0.0876583,0.0001676,69.0963417
2025,9,13,60931,0.087862,0.0001307,69.096138
2025,9,14,60932,0.08831860000000001,8.91e-05,69.0956814
2025,9,15,60933,0.0889293,7.290000000000001e-05,69.0950707
2025,9,16,60934,0.0895603,6.13e-05,69.0944397
2025,9,17,60935,0.09008450000000001,5.59e-05,69.0939155
2025,9,18,60936,0.0904197,5.45e-05,69.0935803
2025,9,19,60937,0.09053230000000001,5.5e-05,69.09346769999999
2025,9,20,60938,0.09044110000000001,4.93e-05,69.09355889999999
2025,9,21,60939,0.09018300000000001,4.02e-05,69.093817
2025,9,22,60940,0.0899007,3.33e-05,69.0940993
2025,9,23,60941,0.0897123,2.86e-05,69.0942877
2025,9,24,60942,0.0896712,2.7300000000000003e-05,69.0943288
2025,9,25,60943,0.0897865,2.77e-05,69.0942135
2025,9,26,60944,0.09001990000000001,2.94e-05,69.0939801
2025,9,27,60945,0.0904226,3.0200000000000002e-05,69.0935774
2025,9,28,60946,0.09099209999999999,3.03e-05,69.0930079
2025,9,29,60947,0.0916715,3.11e-05,69.0923285
2025,9,30,60948,0.0924092,3.36e-05,69.09159079999999
2025,10,1,60949,0.0930425,4.05e-05,69.0909575
2025,10,2,60950,0.09347,5.18e-05,69.09053
2025,10,3,60951,0.09366200000000001,6.500000000000001e-05,69.090338
2025,10,4,60952,0.0935841,6.22e-05,69.0904159
2025,10,5,60953,0.09324890000000001,4.99e-05,69.09075109999999
2025,10,6,60954,0.0927497,4.1700000000000004e-05,69.0912503
2025,10,7,60955,0.0922102,3.8e-05,69.0917898
2025,10,8,60956,0.09175960000000001,3.9399999999999995e-05,69.0922404
2025,10,9,60957,0.0915476,4.4200000000000004e-05,69.0924524
2025,10,10,60958,0.0916356,5.01e-05,69.0923644
2025,10,11,60959,0.0920248,5.14e-05,69.0919752
2025,10,12,60960,0.092644,4.62e-05,69.09135599999999
2025,10,13,60961,0.0933544,4.06e-05,69.0906456
2025,10,14,60962,0.0940059,3.65e-05,69.0899941
2025,10,15,60963,0.094485,3.4500000000000005e-05,69.08951499999999
2025,10,16,60964,0.094747,5.39e-05,69.089253
2025,10,17,60965,0.0947655,5.89e-05,69.0892345
2025,10,18,60966,0.0945933,5.4300000000000005e-05,69.0894067
2025,10,19,60967,0.0943069,4.62e-05,69.08969309999999
2025,10,20,60968,0.0939886,4.45e-05,69.0900114
2025,10,21,60969,0.09369140000000001,4.29e-05,69.0903086
2025,10,22,60970,0.09349339999999999,3.84e-05,69.0905066
2025,10,23,60971,0.0933993,3.29e-05,69.0906007
2025,10,24,60972,0.0933822,2.96e-05,69.0906178
2025,10,25,60973,0.0935035,2.86e-05,69.0904965
2025,10,26,60974,0.093769,2.92e-05,69.090231
2025,10,27,60975,0.09410980000000001,3.14e-05,69.0898902
2025,10,28,60976,0.09437720000000001,3.4200000000000005e-05,69.0896228
2025,10,29,60977,0.09447570000000001,3.69e-05,69.0895243
2025,10,30,60978,0.09433230000000001,3.84e-05,69.08966769999999
2025,10,31,60979,0.0938742,3.46e-05,69.0901258
2025,11,1,60980,0.0931284,3.08e-05,69.0908716
2025,11,2,60981,0.0921959,2.57e-05,69.0918041
2025,11,3,60982,0.0911241,2.48e-05,69.0928759
2025,11,4,60983,0.0900458,2.46e-05,69.0939542
2025,11,5,60984,0.0891617,2.5e-05,69.09483829999999
2025,11,6,60985,0.0885363,2.42e-05,69.0954637
2025,11,7,60986,0.08821670000000001,2.2800000000000002e-05,69.0957833
2025,11,8,60987,0.08813720000000001,2.24e-05,69.09586279999999
2025,11,9,60988,0.0881949,2.1700000000000002e-05,69.09580509999999
2025,11,10,60989,0.08820069999999999,2.12e-05,69.0957993
2025,11,11,60990,0.0880069,2.04e-05,69.0959931
2025,11,12,60991,0.0876273,1.09e-05,69.0963727
2025,11,13,60992,0.087112,1.17e-05,69.09688799999999
2025,11,14,60993,0.086438,1.17e-05,69.097562
2025,11,15,60994,0.08566320000000001,1.11e-05,69.0983368
2025,11,16,60995,0.0849392,1.2200000000000002e-05,69.0990608
2025,11,17,60996,0.08432859999999999,1.33e-05,69.09967139999999
2025,11,18,60997,0.0839031,1.5e-05,69.1000969
2025,11,19,60998,0.0836568,1.52e-05,69.1003432
2025,11,20,60999,0.08356659999999999,1.3899999999999999e-05,69.1004334
2025,11,21,61000,0.0836284,1.38e-05,69.1003716
2025,11,22,61001,0.0838087,1.44e-05,69.10019129999999
2025,11,23,61002,0.0840303,1.48e-05,69.0999697
2025,11,24,61003,0.0842595,1.5100000000000001e-05,69.0997405
2025,11,25,61004,0.0843128,1.4200000000000001e-05,69.09968719999999
2025,11,26,61005,0.0841725,1.52e-05,69.0998275
2025,11,27,61006,0.08376779999999999,1.78e-05,69.1002322
2025,11,28,61007,0.0830476,1.6100000000000002e-05,69.1009524
2025,11,29,61008,0.082091,1.3700000000000001e-05,69.10190899999999
2025,11,30,61009,0.0809735,1.4e-05,69.1030265
2025,12,1,61010,0.0798419,1.46e-05,69.10415809999999
2025,12,2,61011,0.0788026,1.3e-05,69.1051974
2025,12,3,61012,0.0780189,1.12e-05,69.1059811
2025,12,4,61013,0.0775342,1.07e-05,69.1064658
2025,12,5,61014,0.0773736,1.07e-05,69.1066264
2025,12,6,61015,0.07745300000000001,1.0800000000000002e-05,69.10654699999999
2025,12,7,61016,0.07760120000000001,1.1400000000000001e-05,69.1063988
2025,12,8,61017,0.0776193,1.29e-05,69.1063807
2025,12,9,61018,0.0773954,1.38e-05,69.1066046
2025,12,10,61019,0.0769882,1.33e-05,69.1070118
2025,12,11,61020,0.0764886,1.24e-05,69.10751139999999
2025,12,12,61021,0.0759929,1.2200000000000002e-05,69.1080071
2025,12,13,61022,0.07556600000000001,1.21e-05,69.108434
2025,12,14,61023,0.0751882,1.23e-05,69.1088118
2025,12,15,61024,0.0749163,1.3100000000000002e-05,69.1090837
2025,12,16,61025,0.074857,1.4200000000000001e-05,69.109143
2025,12,17,61026,0.0749494,1.5e-05,69.1090506
2025,12,18,61027,0.07522150000000001,1.4200000000000001e-05,69.1087785
2025,12,19,61028,0.07568899999999999,1.23e-05,69.108311
2025,12,20,61029,0.07624370000000001,1.15e-05,69.10775629999999
2025,12,21,61030,0.0768078,1.1599999999999999e-05,69.1071922
2025,12,22,61031,0.07728700000000001,1.3100000000000002e-05,69.106713
2025,12,23,61032,0.0775798,1.34e-05,69.1064202
2025,12,24,61033,0.0776301,1.36e-05,69.1063699
2025,12,25,61034,0.077402,1.57e-05,69.10659799999999
2025,12,26,61035,0.0769267,1.74e-05,69.1070733
2025,12,27,61036,0.0762682,1.7500000000000002e-05,69.1077318
2025,12,28,61037,0.0755546,1.6899999999999997e-05,69.1084454
2025,12,29,61038,0.07492950000000001,1.4500000000000002e-05,69.1090705
2025,12,30,61039,0.07445210000000001,1.2200000000000002e-05,69.1095479
2025,12,31,61040,0.07416450000000001,1.17e-05,69.1098355
2026,1,1,61041,0.0740869,1.27e-05,69.1099131
